"year","approval_date","brand_name","active_ingredient","application_number","application_type","analysis_category","chart_category","nme_type1_confirmed","sponsor_name","route","dosage_form","review_designation","accelerated_approval","breakthrough_therapy","fast_track","orphan_drug","abbreviated_indication","approved_use","indication","indication_source","pharm_class_moa","pharm_class_epc","match_score","match_reason","validation_status","fda_source_url","comments","sponsor_name_source","route_source"
"2016","2016-01-28","Zepatier","elbasvir and grazoprevir","NDA208261","NDA novel drug","NDA novel drug","NME/NDA","TRUE","Merck","Oral","Tablet","Priority","No","Yes","No","No","","ZEPATIER is indicated with or without ribavirin for the treatment of chronic hepatitis C virus (HCV) genotypes 1 or 4 infection in adults.","ZEPATIER is indicated with or without ribavirin for the treatment of chronic hepatitis C virus (HCV) genotypes 1 or 4 infection in adults.","FDA compilation: Approved Use(s)","Breast Cancer Resistance Protein Inhibitors [MoA]; Cytochrome P450 3A Inhibitors [MoA]; HCV NS3/4A Protease Inhibitors [MoA]","Hepatitis C Virus NS3/4A Protease Inhibitor [EPC]; Hepatitis C Virus NS5A Inhibitor [EPC]","","FDA compilation workbook (2025 Compilation)","FDA_COMPILATION","https://www.fda.gov/drugs/drug-approvals-and-databases/compilation-cder-new-molecular-entity-nme-drug-and-new-biologic-approvals","","Merck","Oral"
"2016","2016-02-18","Briviact","brivaracetam","NDA205836","NDA novel drug","NDA novel drug","NME/NDA","TRUE","UCB","Oral","Tablet","Standard","No","No","No","No","","BRIVIACT is indicated as adjunctive therapy in the treatment of partial-onset seizures in patients 16 years of age and older with epilepsy.","BRIVIACT is indicated as adjunctive therapy in the treatment of partial-onset seizures in patients 16 years of age and older with epilepsy.","FDA compilation: Approved Use(s)","Epoxide Hydrolase Inhibitors [MoA]","","","FDA compilation workbook (2025 Compilation)","FDA_COMPILATION","https://www.fda.gov/drugs/drug-approvals-and-databases/compilation-cder-new-molecular-entity-nme-drug-and-new-biologic-approvals","","UCB","Oral"
"2016","2016-03-18","Anthim","obiltoxaximab","BLA125509","BLA novel biologic","BLA novel biologic","Biologic (BLA)","","Elusys Therapeutics","Injection","Injectable","Standard","No","No","Yes","Yes","","ANTHIM is indicated in adult and pediatric patients for the treatment of inhalational anthrax due to Bacillus anthracis in combination with appropriate antibacterial drugs. ANTHIM is indicated for prophylaxis of inhalational anthrax due to B. anthracis when alternative therapies are not available or not appropriate. Limitations of Use: ANTHIM should only be used for prophylaxis when its benefit for prevention of inhalational anthrax outweighs the risk of hypersensitivity and anaphylaxis. The effectiveness of ANTHIM is based solely on efficacy studies in animal models of inhalational anthrax. It is not ethical or feasible to conduct controlled clinical trials with intentional exposure of humans to anthrax. Safety and PK of ANTHIM have been studied in adult healthy volunteers. There have been no studies of safety or PK of ANTHIM in the pediatric population. A population PK approach was used to derive intravenous infusion dosing regimens that are predicted to provide pediatric patients with exposure comparable to the observed exposure in adults. ANTHIM binds to the protective antigen (PA) component of B. anthracis toxin; it does not have direct antibacterial activity. ANTHIM is not expected to cross the blood-brain barrier and does not prevent or treat meningitis. ANTHIM should be used in combination with appropriate antibacterial drugs.","ANTHIM is indicated in adult and pediatric patients for the treatment of inhalational anthrax due to Bacillus anthracis in combination with appropriate antibacterial drugs. ANTHIM is indicated for prophylaxis of inhalational anthrax due to B. anthracis when alternative therapies are not available or not appropriate. Limitations of Use: ANTHIM should only be used for prophylaxis when its benefit for prevention of inhalational anthrax outweighs the risk of hypersensitivity and anaphylaxis. The effectiveness of ANTHIM is based solely on efficacy studies in animal models of inhalational anthrax. It is not ethical or feasible to conduct controlled clinical trials with intentional exposure of humans to anthrax. Safety and PK of ANTHIM have been studied in adult healthy volunteers. There have been no studies of safety or PK of ANTHIM in the pediatric population. A population PK approach was used to derive intravenous infusion dosing regimens that are predicted to provide pediatric patients with exposure comparable to the observed exposure in adults. ANTHIM binds to the protective antigen (PA) component of B. anthracis toxin; it does not have direct antibacterial activity. ANTHIM is not expected to cross the blood-brain barrier and does not prevent or treat meningitis. ANTHIM should be used in combination with appropriate antibacterial drugs.","FDA compilation: Approved Use(s)","Anthrax Protective Antigen-directed Antibody Interactions [MoA]","Anthrax Protective Antigen-directed Antibody [EPC]","","FDA compilation workbook (2025 Compilation)","FDA_COMPILATION","https://www.fda.gov/drugs/drug-approvals-and-databases/compilation-cder-new-molecular-entity-nme-drug-and-new-biologic-approvals","","Elusys Therapeutics","Injection"
"2016","2016-03-22","Taltz","ixekizumab","BLA125521","BLA novel biologic","BLA novel biologic","Biologic (BLA)","","Eli Lilly","Injection","Injectable","Standard","No","No","No","No","","TALTZ is indicated for the treatment of adults with moderate-to-severe plaque psoriasis who are candidates for systemic therapy or phototherapy.","TALTZ is indicated for the treatment of adults with moderate-to-severe plaque psoriasis who are candidates for systemic therapy or phototherapy.","FDA compilation: Approved Use(s)","Interleukin-17A Antagonists [MoA]","Interleukin-17A Antagonist [EPC]","","FDA compilation workbook (2025 Compilation)","FDA_COMPILATION","https://www.fda.gov/drugs/drug-approvals-and-databases/compilation-cder-new-molecular-entity-nme-drug-and-new-biologic-approvals","","Eli Lilly","Injection"
"2016","2016-03-23","Cinqair","reslizumab","BLA761033","BLA novel biologic","BLA novel biologic","Biologic (BLA)","","Teva","Injection","Injectable","Standard","No","No","No","No","","CINQAIR is indicated for the add-on maintenance treatment of patients with severe asthma aged 18 years and older with an eosinophilic phenotype. Limitation of Use: - CINQAIR is not indicated for treatment of other eosinophilic conditions. - CINQAIR is not indicated for the relief of acute bronchospasm or status asthmaticus.","CINQAIR is indicated for the add-on maintenance treatment of patients with severe asthma aged 18 years and older with an eosinophilic phenotype. Limitation of Use: - CINQAIR is not indicated for treatment of other eosinophilic conditions. - CINQAIR is not indicated for the relief of acute bronchospasm or status asthmaticus.","FDA compilation: Approved Use(s)","Interleukin-5 Antagonists [MoA]","Interleukin-5 Antagonist [EPC]","","FDA compilation workbook (2025 Compilation)","FDA_COMPILATION","https://www.fda.gov/drugs/drug-approvals-and-databases/compilation-cder-new-molecular-entity-nme-drug-and-new-biologic-approvals","","Teva Respiratory","Injection"
"2016","2016-03-30","Defitelio","defibrotide sodium","NDA208114","NDA novel drug","NDA novel drug","NME/NDA","TRUE","Jazz Pharmaceuticals","Intravenous","Solution","Priority","No","No","Yes","Yes","","DEFITELIO is indicated for the treatment of adult and pediatric patients with hepatic veno-occlusive disease (VOD), also known as sinusoidal obstruction syndrome (SOS), with renal or pulmonary dysfunction following hematopoietic stem-cell transplantation (HSCT).","DEFITELIO is indicated for the treatment of adult and pediatric patients with hepatic veno-occlusive disease (VOD), also known as sinusoidal obstruction syndrome (SOS), with renal or pulmonary dysfunction following hematopoietic stem-cell transplantation (HSCT).","FDA compilation: Approved Use(s)","","","","FDA compilation workbook (2025 Compilation)","FDA_COMPILATION","https://www.fda.gov/drugs/drug-approvals-and-databases/compilation-cder-new-molecular-entity-nme-drug-and-new-biologic-approvals","","Jazz Pharmaceuticals","Intravenous"
"2016","2016-04-11","Venclexta","venetoclax","NDA208573","NDA novel drug","NDA novel drug","NME/NDA","TRUE","AbbVie","Oral","Tablet","Priority","Yes","Yes","No","Yes","","VENCLEXTA is indicated for the treatment of patients with chronic lymphocytic leukemia (CLL) with 17p deletion, as detected by an FDA approved test, who have received at least one prior therapy._x000D_ This indication is approved under accelerated approval based on overall response rate. Continued approval for this indication may be contingent upon verification and description of clinical benefit in a confirmatory trial.","VENCLEXTA is indicated for the treatment of patients with chronic lymphocytic leukemia (CLL) with 17p deletion, as detected by an FDA approved test, who have received at least one prior therapy._x000D_ This indication is approved under accelerated approval based on overall response rate. Continued approval for this indication may be contingent upon verification and description of clinical benefit in a confirmatory trial.","FDA compilation: Approved Use(s)","P-Glycoprotein Inhibitors [MoA]","BCL-2 Inhibitor [EPC]","","FDA compilation workbook (2025 Compilation)","FDA_COMPILATION","https://www.fda.gov/drugs/drug-approvals-and-databases/compilation-cder-new-molecular-entity-nme-drug-and-new-biologic-approvals","","AbbVie","Oral"
"2016","2016-04-29","Nuplazid","pimavanserin","NDA207318","NDA novel drug","NDA novel drug","NME/NDA","TRUE","Acadia Pharmaceuticals","Oral","Tablet","Priority","No","Yes","No","No","","NUPLAZID is indicated for the treatment of hallucinations and delusions associated with Parkinson’s disease psychosis.","NUPLAZID is indicated for the treatment of hallucinations and delusions associated with Parkinson’s disease psychosis.","FDA compilation: Approved Use(s)","","","","FDA compilation workbook (2025 Compilation)","FDA_COMPILATION","https://www.fda.gov/drugs/drug-approvals-and-databases/compilation-cder-new-molecular-entity-nme-drug-and-new-biologic-approvals","","Acadia Pharmaceuticals","Oral"
"2016","2016-05-18","Tecentriq","atezolizumab","BLA761034","BLA novel biologic","BLA novel biologic","Biologic (BLA)","","Genentech","Injection","Injectable","Priority","Yes","Yes","No","No","","TECENTRIQ (atezolizumab) is indicated for the treatment of patients with locally advanced or metastatic urothelial carcinoma who: - Have disease progression during or following platinum-containing chemotherapy - Have disease progression within 12 months of neoadjuvant or adjuvant treatment with platinum-containing chemotherapy This indication is approved under accelerated approval based on tumor response rate and durability of response. Continued approval for this indication may be contingent upon verification and description of clinical benefit in confirmatory trials.","TECENTRIQ (atezolizumab) is indicated for the treatment of patients with locally advanced or metastatic urothelial carcinoma who: - Have disease progression during or following platinum-containing chemotherapy - Have disease progression within 12 months of neoadjuvant or adjuvant treatment with platinum-containing chemotherapy This indication is approved under accelerated approval based on tumor response rate and durability of response. Continued approval for this indication may be contingent upon verification and description of clinical benefit in confirmatory trials.","FDA compilation: Approved Use(s)","Programmed Death Receptor-1-directed Antibody Interactions [MoA]","Programmed Death Receptor-1 Blocking Antibody [EPC]","","FDA compilation workbook (2025 Compilation)","FDA_COMPILATION","https://www.fda.gov/drugs/drug-approvals-and-databases/compilation-cder-new-molecular-entity-nme-drug-and-new-biologic-approvals","","Genentech","Injection"
"2016","2016-05-27","Axumin","fluciclovine F 18","NDA208054","NDA novel drug","NDA novel drug","NME/NDA","TRUE","Blue Earth Diagnostics","Intravenous","Solution","Priority","No","No","No","No","","Axumin is indicated for positron emission tomography (PET) in men with suspected prostate cancer recurrence based on elevated blood prostate specific antigen (PSA) levels following prior treatment.","Axumin is indicated for positron emission tomography (PET) in men with suspected prostate cancer recurrence based on elevated blood prostate specific antigen (PSA) levels following prior treatment.","FDA compilation: Approved Use(s)","Positron Emitting Activity [MoA]","Radioactive Diagnostic Agent [EPC]","","FDA compilation workbook (2025 Compilation)","FDA_COMPILATION","https://www.fda.gov/drugs/drug-approvals-and-databases/compilation-cder-new-molecular-entity-nme-drug-and-new-biologic-approvals","","Blue Earth Diagnostics","Intravenous"
"2016","2016-05-27","Ocaliva","obeticholic acid","NDA207999","NDA novel drug","NDA novel drug","NME/NDA","TRUE","Intercept Pharmaceuticals","Oral","Tablet","Priority","Yes","No","Yes","Yes","","OCALIVA is indicated for the treatment of primary biliary cholangitis (PBC) in combination with ursodeoxycholic acid (UDCA) in adults with an inadequate response to UDCA, or as monotherapy in adults unable to tolerate UDCA._x000D_ This indication is approved under accelerated approval based on a reduction in alkaline phosphatase (ALP). An improvement in survival or disease-related symptoms has not been established. Continued approval for this indication may be contingent upon verification and description of clinical benefit in confirmatory trials.","OCALIVA is indicated for the treatment of primary biliary cholangitis (PBC) in combination with ursodeoxycholic acid (UDCA) in adults with an inadequate response to UDCA, or as monotherapy in adults unable to tolerate UDCA._x000D_ This indication is approved under accelerated approval based on a reduction in alkaline phosphatase (ALP). An improvement in survival or disease-related symptoms has not been established. Continued approval for this indication may be contingent upon verification and description of clinical benefit in confirmatory trials.","FDA compilation: Approved Use(s)","","","","FDA compilation workbook (2025 Compilation)","FDA_COMPILATION","https://www.fda.gov/drugs/drug-approvals-and-databases/compilation-cder-new-molecular-entity-nme-drug-and-new-biologic-approvals","","Intercept Pharmaceuticals","Oral"
"2016","2016-05-27","Zinbryta","daclizumab","BLA761029","BLA novel biologic","BLA novel biologic","Biologic (BLA)","","Biogen","Injection","Injectable","Standard","No","No","No","No","","ZINBRYTA is indicated for the treatment of adult patients with relapsing forms of multiple sclerosis (MS). Because of its safety profile, the use of ZINBRYTA should generally be reserved for patients who have had an inadequate response to two or more drugs indicated for the treatment of MS.","ZINBRYTA is indicated for the treatment of adult patients with relapsing forms of multiple sclerosis (MS). Because of its safety profile, the use of ZINBRYTA should generally be reserved for patients who have had an inadequate response to two or more drugs indicated for the treatment of MS.","FDA compilation: Approved Use(s)","","","","FDA compilation workbook (2025 Compilation)","FDA_COMPILATION","https://www.fda.gov/drugs/drug-approvals-and-databases/compilation-cder-new-molecular-entity-nme-drug-and-new-biologic-approvals","","Biogen","Injection"
"2016","2016-06-01","Netspot","gallium Ga 68 dotatate","NDA208547","NDA novel drug","NDA novel drug","NME/NDA","TRUE","Advanced Accelerator Applications","Intravenous","Powder","Priority","No","No","No","Yes","","NETSPOT, after radiolabeling with Ga 68, is indicated for use with positron emission tomography (PET) for localization of somatostatin receptor positive neuroendocrine tumors (NETs) in adult and pediatric patients.","NETSPOT, after radiolabeling with Ga 68, is indicated for use with positron emission tomography (PET) for localization of somatostatin receptor positive neuroendocrine tumors (NETs) in adult and pediatric patients.","FDA compilation: Approved Use(s)","","","","FDA compilation workbook (2025 Compilation)","FDA_COMPILATION","https://www.fda.gov/drugs/drug-approvals-and-databases/compilation-cder-new-molecular-entity-nme-drug-and-new-biologic-approvals","","Advanced Accelerator Applications","Intravenous"
"2016","2016-06-28","Epclusa","sofosbuvir and velpatasvir","NDA208341","NDA novel drug","NDA novel drug","NME/NDA","TRUE","Gilead Sciences","Oral","Tablet","Priority","No","Yes","Yes","No","","EPCLUSA is indicated for the treatment of adult patients with chronic hepatitis C virus (HCV) genotype 1, 2, 3, 4, 5 or 6 infection: - without cirrhosis or with compensated cirrhosis - with decompensated cirrhosis for use in combination with ribavirin","EPCLUSA is indicated for the treatment of adult patients with chronic hepatitis C virus (HCV) genotype 1, 2, 3, 4, 5 or 6 infection: - without cirrhosis or with compensated cirrhosis - with decompensated cirrhosis for use in combination with ribavirin","FDA compilation: Approved Use(s)","Breast Cancer Resistance Protein Inhibitors [MoA]; Organic Anion Transporting Polypeptide 1B1 Inhibitors [MoA]; Organic Anion Transporting Polypeptide 1B3 Inhibitors [MoA]; Organic Anion Transporting Polypeptide 2B1 Inhibitors [MoA]; P-Glycoprotein Inhibitors [MoA]; RNA Replicase Inhibitors [MoA]","Hepatitis C Virus NS5A Inhibitor [EPC]; Hepatitis C Virus Nucleotide Analog NS5B Polymerase Inhibitor [EPC]","","FDA compilation workbook (2025 Compilation)","FDA_COMPILATION","https://www.fda.gov/drugs/drug-approvals-and-databases/compilation-cder-new-molecular-entity-nme-drug-and-new-biologic-approvals","","Gilead Sciences","Oral"
"2016","2016-07-11","Xiidra","lifitegrast","NDA208073","NDA novel drug","NDA novel drug","NME/NDA","TRUE","Shire Development","Ophthalmic","Solution/Drops","Priority","No","No","No","No","","Xiidra (lifitegrast ophthalmic solution) 5% is indicated for the treatment of the signs and symptoms of dry eye disease (DED).","Xiidra (lifitegrast ophthalmic solution) 5% is indicated for the treatment of the signs and symptoms of dry eye disease (DED).","FDA compilation: Approved Use(s)","Lymphocyte Function-Associated Antigen-1 Antagonists [MoA]","Lymphocyte Function-Associated Antigen-1 Antagonist [EPC]","","FDA compilation workbook (2025 Compilation)","FDA_COMPILATION","https://www.fda.gov/drugs/drug-approvals-and-databases/compilation-cder-new-molecular-entity-nme-drug-and-new-biologic-approvals","","Shire Development","Ophthalmic"
"2016","2016-07-27","Adlyxin","lixisenatide","BLA208471","BLA novel biologic","BLA novel biologic","Biologic (BLA)","","Sanofi","Subcutaneous","Solution","Standard","No","No","No","No","","ADLYXIN is indicated as an adjunct to diet and exercise to improve glycemic control in adults with type 2 diabetes mellitus. Limitations of Use: - ADLYXIN has not been studied in patients with chronic pancreatitis or a history of unexplained pancreatitis. Consider other antidiabetic therapies in patients with a history of pancreatitis. - ADLYXIN is not a substitute for insulin. ADLYXIN is not indicated for use in patients with type 1 diabetes mellitus or for treatment of diabetic ketoacidosis. - The concurrent use of ADLYXIN with short acting insulin has not been studied and is not recommended. - ADLYXIN has not been studied in patients with gastroparesis and is not recommended in patients with gastroparesis.","ADLYXIN is indicated as an adjunct to diet and exercise to improve glycemic control in adults with type 2 diabetes mellitus. Limitations of Use: - ADLYXIN has not been studied in patients with chronic pancreatitis or a history of unexplained pancreatitis. Consider other antidiabetic therapies in patients with a history of pancreatitis. - ADLYXIN is not a substitute for insulin. ADLYXIN is not indicated for use in patients with type 1 diabetes mellitus or for treatment of diabetic ketoacidosis. - The concurrent use of ADLYXIN with short acting insulin has not been studied and is not recommended. - ADLYXIN has not been studied in patients with gastroparesis and is not recommended in patients with gastroparesis.","FDA compilation: Approved Use(s)","","","","FDA compilation workbook (2025 Compilation)","FDA_COMPILATION","https://www.fda.gov/drugs/drug-approvals-and-databases/compilation-cder-new-molecular-entity-nme-drug-and-new-biologic-approvals","Transition Product from NDA to BLA due to BPCI : Please see page 2 of data dictionary for more information.","Sanofi","Subcutaneous"
"2016","2016-09-19","Exondys 51","eteplirsen","NDA206488","NDA novel drug","NDA novel drug","NME/NDA","TRUE","Sarepta Therapeutics","Intravenous","Solution","Priority","Yes","No","Yes","Yes","","EXONDYS 51 is indicated for the treatment of Duchenne muscular dystrophy (DMD) in patients who have a confirmed mutation of the DMD gene that is amenable to exon 51 skipping. This indication is approved under accelerated approval based on an increase in dystrophin in skeletal muscle observed in some patients treated with EXONDYS 51. A clinical benefit of EXONDYS 51 has not been established. Continued approval for this indication may be contingent upon verification of a clinical benefit in confirmatory trials.","EXONDYS 51 is indicated for the treatment of Duchenne muscular dystrophy (DMD) in patients who have a confirmed mutation of the DMD gene that is amenable to exon 51 skipping. This indication is approved under accelerated approval based on an increase in dystrophin in skeletal muscle observed in some patients treated with EXONDYS 51. A clinical benefit of EXONDYS 51 has not been established. Continued approval for this indication may be contingent upon verification of a clinical benefit in confirmatory trials.","FDA compilation: Approved Use(s)","","Antisense Oligonucleotide [EPC]","","FDA compilation workbook (2025 Compilation)","FDA_COMPILATION","https://www.fda.gov/drugs/drug-approvals-and-databases/compilation-cder-new-molecular-entity-nme-drug-and-new-biologic-approvals","","Sarepta Therapeutics","Intravenous"
"2016","2016-10-19","Lartruvo","olaratumab","BLA761038","BLA novel biologic","BLA novel biologic","Biologic (BLA)","","Eli Lilly","Injection","Injectable","Priority","Yes","Yes","Yes","Yes","","LARTRUVO is indicated, in combination with doxorubicin, for the treatment of adult patients with soft tissue sarcoma (STS) with a histologic subtype for which an anthracycline-containing regimen is appropriate and which is not amenable to curative treatment with radiotherapy or surgery. This indication is approved under accelerated approval. Continued approval for this indication may be contingent upon verification and description of clinical benefit in the confirmatory trial.","LARTRUVO is indicated, in combination with doxorubicin, for the treatment of adult patients with soft tissue sarcoma (STS) with a histologic subtype for which an anthracycline-containing regimen is appropriate and which is not amenable to curative treatment with radiotherapy or surgery. This indication is approved under accelerated approval. Continued approval for this indication may be contingent upon verification and description of clinical benefit in the confirmatory trial.","FDA compilation: Approved Use(s)","","","","FDA compilation workbook (2025 Compilation)","FDA_COMPILATION","https://www.fda.gov/drugs/drug-approvals-and-databases/compilation-cder-new-molecular-entity-nme-drug-and-new-biologic-approvals","","Eli Lilly","Injection"
"2016","2016-10-21","Zinplava","bezlotoxumab","BLA761046","BLA novel biologic","BLA novel biologic","Biologic (BLA)","","Merck","Injection","Injectable","Priority","No","No","Yes","No","","ZINPLAVA is indicated to reduce recurrence of Clostridium difficile infection (CDI) in patients 18 years of age or older who are receiving antibacterial drug treatment of CDI and are at a high risk for CDI recurrence. Limitation of Use: ZINPLAVA is not indicated for the treatment of CDI. ZINPLAVA is not an antibacterial drug. ZINPLAVA should only be used in conjunction with antibacterial drug treatment of CDI.","ZINPLAVA is indicated to reduce recurrence of Clostridium difficile infection (CDI) in patients 18 years of age or older who are receiving antibacterial drug treatment of CDI and are at a high risk for CDI recurrence. Limitation of Use: ZINPLAVA is not indicated for the treatment of CDI. ZINPLAVA is not an antibacterial drug. ZINPLAVA should only be used in conjunction with antibacterial drug treatment of CDI.","FDA compilation: Approved Use(s)","","","","FDA compilation workbook (2025 Compilation)","FDA_COMPILATION","https://www.fda.gov/drugs/drug-approvals-and-databases/compilation-cder-new-molecular-entity-nme-drug-and-new-biologic-approvals","","Merck","Injection"
"2016","2016-12-14","Eucrisa","crisaborole","NDA207695","NDA novel drug","NDA novel drug","NME/NDA","TRUE","Anacor Pharmacueticals","Topical","Ointment","Standard","No","No","No","No","","EUCRISA is indicated for topical treatment of mild to moderate atopic dermatitis in patients 2 years of age and older.","EUCRISA is indicated for topical treatment of mild to moderate atopic dermatitis in patients 2 years of age and older.","FDA compilation: Approved Use(s)","Phosphodiesterase 4 Inhibitors [MoA]","Phosphodiesterase 4 Inhibitor [EPC]","","FDA compilation workbook (2025 Compilation)","FDA_COMPILATION","https://www.fda.gov/drugs/drug-approvals-and-databases/compilation-cder-new-molecular-entity-nme-drug-and-new-biologic-approvals","","Anacor Pharmacueticals","Topical"
"2016","2016-12-19","Rubraca","rucaparib","NDA209115","NDA novel drug","NDA novel drug","NME/NDA","TRUE","Clovis Oncology","Oral","Tablet","Priority","Yes","Yes","No","Yes","","Rubraca is indicated as monotherapy for the treatment of patients with deleterious BRCA mutation (germline and/or somatic) associated advanced ovarian cancer who have been treated with two or more chemotherapies. Select patients for therapy based on an FDA-approved companion diagnostic for Rubraca. This indication is approved under accelerated approval based on objective response rate and duration of response. Continued approval for this indication may be contingent upon verification and description of clinical benefit in confirmatory trials.","Rubraca is indicated as monotherapy for the treatment of patients with deleterious BRCA mutation (germline and/or somatic) associated advanced ovarian cancer who have been treated with two or more chemotherapies. Select patients for therapy based on an FDA-approved companion diagnostic for Rubraca. This indication is approved under accelerated approval based on objective response rate and duration of response. Continued approval for this indication may be contingent upon verification and description of clinical benefit in confirmatory trials.","FDA compilation: Approved Use(s)","","","","FDA compilation workbook (2025 Compilation)","FDA_COMPILATION","https://www.fda.gov/drugs/drug-approvals-and-databases/compilation-cder-new-molecular-entity-nme-drug-and-new-biologic-approvals","","Clovis Oncology","Oral"
"2016","2016-12-23","Spinraza","nusinersen","NDA209531","NDA novel drug","NDA novel drug","NME/NDA","TRUE","Biogen","Intrathecal","Solution","Priority","No","No","Yes","Yes","","SPINRAZA is indicated for the treatment of spinal muscular atrophy (SMA) in pediatric and adult patients.","SPINRAZA is indicated for the treatment of spinal muscular atrophy (SMA) in pediatric and adult patients.","FDA compilation: Approved Use(s)","","Antisense Oligonucleotide [EPC]; Survival Motor Neuron-2-directed RNA Interaction [EPC]","","FDA compilation workbook (2025 Compilation)","FDA_COMPILATION","https://www.fda.gov/drugs/drug-approvals-and-databases/compilation-cder-new-molecular-entity-nme-drug-and-new-biologic-approvals","","Biogen","Intrathecal"
"2017","2017-01-19","Trulance","plecanatide","NDA208745","NDA novel drug","NDA novel drug","NME/NDA","TRUE","Synergy Pharmaceuticals","Oral","Tablet","Standard","No","No","No","No","","TRULANCE is indicated in adults for the treatment of chronic idiopathic constipation (CIC).","TRULANCE is indicated in adults for the treatment of chronic idiopathic constipation (CIC).","FDA compilation: Approved Use(s)","Guanylate Cyclase Activators [MoA]","Guanylate Cyclase-C Agonist [EPC]","","FDA compilation workbook (2025 Compilation)","FDA_COMPILATION","https://www.fda.gov/drugs/drug-approvals-and-databases/compilation-cder-new-molecular-entity-nme-drug-and-new-biologic-approvals","","Synergy Pharmaceuticals","Oral"
"2017","2017-02-07","Parsabiv","etelcalcetide","NDA208325","NDA novel drug","NDA novel drug","NME/NDA","TRUE","Amgen","Intravenous","Solution","Standard","No","No","No","No","","PARSABIV is indicated for the treatment of secondary hyperparathyroidism (HPT) in adult patients with chronic kidney disease (CKD) on hemodialysis. Limitations of Use: PARSABIV has not been studied in adult patients with parathyroid carcinoma, primary hyperparathyroidism, or with chronic kidney disease who are not on hemodialysis and is not recommended for use in these populations.","PARSABIV is indicated for the treatment of secondary hyperparathyroidism (HPT) in adult patients with chronic kidney disease (CKD) on hemodialysis. Limitations of Use: PARSABIV has not been studied in adult patients with parathyroid carcinoma, primary hyperparathyroidism, or with chronic kidney disease who are not on hemodialysis and is not recommended for use in these populations.","FDA compilation: Approved Use(s)","","","","FDA compilation workbook (2025 Compilation)","FDA_COMPILATION","https://www.fda.gov/drugs/drug-approvals-and-databases/compilation-cder-new-molecular-entity-nme-drug-and-new-biologic-approvals","","Amgen","Intravenous"
"2017","2017-02-09","Emflaza","deflazacort","NDA208684","NDA novel drug","NDA novel drug","NME/NDA","TRUE","Marathon Pharmaceuticals","Oral","Tablet","Priority","No","No","Yes","Yes","","EMFLAZA is indicated for the treatment of Duchenne muscular dystrophy (DMD) in patients 5 years of age and older.","EMFLAZA is indicated for the treatment of Duchenne muscular dystrophy (DMD) in patients 5 years of age and older.","FDA compilation: Approved Use(s)","Corticosteroid Hormone Receptor Agonists [MoA]","Corticosteroid [EPC]","","FDA compilation workbook (2025 Compilation)","FDA_COMPILATION","https://www.fda.gov/drugs/drug-approvals-and-databases/compilation-cder-new-molecular-entity-nme-drug-and-new-biologic-approvals","","Marathon Pharmaceuticals","Oral"
"2017","2017-02-15","Siliq","brodalumab","BLA761032","BLA novel biologic","BLA novel biologic","Biologic (BLA)","","Valeant Pharmaceuticals","Injection","Injectable","Standard","No","No","No","No","","SILIQ is indicated for the treatment of moderate to severe plaque psoriasis in adult patients who are candidates for systemic therapy or phototherapy and have failed to respond or have lost response to other systemic therapies.","SILIQ is indicated for the treatment of moderate to severe plaque psoriasis in adult patients who are candidates for systemic therapy or phototherapy and have failed to respond or have lost response to other systemic therapies.","FDA compilation: Approved Use(s)","Interleukin 17 Receptor A Antagonists [MoA]","Interleukin-17 Receptor A Antagonist [EPC]","","FDA compilation workbook (2025 Compilation)","FDA_COMPILATION","https://www.fda.gov/drugs/drug-approvals-and-databases/compilation-cder-new-molecular-entity-nme-drug-and-new-biologic-approvals","","Valeant Pharmaceuticals","Injection"
"2017","2017-02-28","Xermelo","telotristat ethyl","NDA208794","NDA novel drug","NDA novel drug","NME/NDA","TRUE","Lexicon Pharmaceuticals","Oral","Tablet","Priority","No","No","Yes","Yes","","Xermelo is indicated for the treatment of carcinoid syndrome diarrhea in combination with somatostatin analog (SSA) therapy in adults inadequately controlled by SSA therapy.","Xermelo is indicated for the treatment of carcinoid syndrome diarrhea in combination with somatostatin analog (SSA) therapy in adults inadequately controlled by SSA therapy.","FDA compilation: Approved Use(s)","","","","FDA compilation workbook (2025 Compilation)","FDA_COMPILATION","https://www.fda.gov/drugs/drug-approvals-and-databases/compilation-cder-new-molecular-entity-nme-drug-and-new-biologic-approvals","","Lexicon Pharmaceuticals","Oral"
"2017","2017-03-13","Kisqali","ribociclib","NDA209092","NDA novel drug","NDA novel drug","NME/NDA","TRUE","Novartis Pharmaceuticals","Oral","Tablet","Priority","No","Yes","No","No","","KISQALI is indicated in combination with an aromatase inhibitor as initial endocrine-based therapy for the treatment of postmenopausal women with hormone receptor (HR)-positive, human epidermal growth factor receptor 2 (HER2)- negative advanced or metastatic breast cancer.","KISQALI is indicated in combination with an aromatase inhibitor as initial endocrine-based therapy for the treatment of postmenopausal women with hormone receptor (HR)-positive, human epidermal growth factor receptor 2 (HER2)- negative advanced or metastatic breast cancer.","FDA compilation: Approved Use(s)","","","","FDA compilation workbook (2025 Compilation)","FDA_COMPILATION","https://www.fda.gov/drugs/drug-approvals-and-databases/compilation-cder-new-molecular-entity-nme-drug-and-new-biologic-approvals","","Novartis Pharmaceuticals","Oral"
"2017","2017-03-21","Xadago","safinamide","NDA207145","NDA novel drug","NDA novel drug","NME/NDA","TRUE","Newron Pharmaceuticals","Oral","Tablet","Standard","No","No","No","No","","XADAGO is indicated as adjunctive treatment to levodopa/carbidopa in patients with Parkinson’s disease (PD) experiencing “off” episodes._x000D_ Limitations of Use:_x000D_ XADAGO has not been shown to be effective as monotherapy for the treatment of PD.","XADAGO is indicated as adjunctive treatment to levodopa/carbidopa in patients with Parkinson’s disease (PD) experiencing “off” episodes._x000D_ Limitations of Use:_x000D_ XADAGO has not been shown to be effective as monotherapy for the treatment of PD.","FDA compilation: Approved Use(s)","","","","FDA compilation workbook (2025 Compilation)","FDA_COMPILATION","https://www.fda.gov/drugs/drug-approvals-and-databases/compilation-cder-new-molecular-entity-nme-drug-and-new-biologic-approvals","","Newron Pharmaceuticals","Oral"
"2017","2017-03-23","Bavencio","avelumab","BLA761049","BLA novel biologic","BLA novel biologic","Biologic (BLA)","","EMD Serono","Injection","Injectable","Priority","Yes","Yes","Yes","Yes","","BAVENCIO is indicated for the treatment of adults and pediatric patients 12 years and older with metastatic Merkel cell carcinoma (MCC)._x000D_ This indication is approved under accelerated approval based on tumor response and duration of response. Continued approval for this indication may be contingent upon verification and description of clinical benefit in confirmatory trials.","BAVENCIO is indicated for the treatment of adults and pediatric patients 12 years and older with metastatic Merkel cell carcinoma (MCC)._x000D_ This indication is approved under accelerated approval based on tumor response and duration of response. Continued approval for this indication may be contingent upon verification and description of clinical benefit in confirmatory trials.","FDA compilation: Approved Use(s)","Programmed Death Ligand-1 Antagonists [MoA]; Programmed Death Ligand-1-directed Antibody Interactions [MoA]","Programmed Death Ligand-1 Blocker [EPC]","","FDA compilation workbook (2025 Compilation)","FDA_COMPILATION","https://www.fda.gov/drugs/drug-approvals-and-databases/compilation-cder-new-molecular-entity-nme-drug-and-new-biologic-approvals","","EMD Serono","Injection"
"2017","2017-03-23","Symproic","naldemedine","NDA208854","NDA novel drug","NDA novel drug","NME/NDA","TRUE","Shionogi","Oral","Tablet","Standard","No","No","No","No","","Symproic is indicated for the treatment of opioid-induced constipation (OIC) in adult patients with chronic non-cancer pain.","Symproic is indicated for the treatment of opioid-induced constipation (OIC) in adult patients with chronic non-cancer pain.","FDA compilation: Approved Use(s)","","","","FDA compilation workbook (2025 Compilation)","FDA_COMPILATION","https://www.fda.gov/drugs/drug-approvals-and-databases/compilation-cder-new-molecular-entity-nme-drug-and-new-biologic-approvals","","Shionogi","Oral"
"2017","2017-03-27","Zejula","niraparib","NDA208447","NDA novel drug","NDA novel drug","NME/NDA","TRUE","Tesaro","Oral","Capsule","Priority","No","Yes","Yes","Yes","","ZEJULA is indicated for the maintenance treatment of adult patients with recurrent epithelial ovarian, fallopian tube, or primary peritoneal cancer who are in a complete or partial response to platinum-based chemotherapy.","ZEJULA is indicated for the maintenance treatment of adult patients with recurrent epithelial ovarian, fallopian tube, or primary peritoneal cancer who are in a complete or partial response to platinum-based chemotherapy.","FDA compilation: Approved Use(s)","","","","FDA compilation workbook (2025 Compilation)","FDA_COMPILATION","https://www.fda.gov/drugs/drug-approvals-and-databases/compilation-cder-new-molecular-entity-nme-drug-and-new-biologic-approvals","","Tesaro","Oral"
"2017","2017-03-28","Dupixent","dupilumab","BLA761055","BLA novel biologic","BLA novel biologic","Biologic (BLA)","","Regeneron Pharmaceuticals","Injection","Injectable","Priority","No","Yes","No","No","","DUPIXENT is indicated for the treatment of adult patients with moderate-to-severe atopic dermatitis whose disease is not adequately controlled with topical prescription therapies or when those therapies are not advisable. DUPIXENT can be used with or without topical corticosteroids.","DUPIXENT is indicated for the treatment of adult patients with moderate-to-severe atopic dermatitis whose disease is not adequately controlled with topical prescription therapies or when those therapies are not advisable. DUPIXENT can be used with or without topical corticosteroids.","FDA compilation: Approved Use(s)","Interleukin 4 Receptor alpha Antagonists [MoA]","Interleukin-4 Receptor alpha Antagonist [EPC]","","FDA compilation workbook (2025 Compilation)","FDA_COMPILATION","https://www.fda.gov/drugs/drug-approvals-and-databases/compilation-cder-new-molecular-entity-nme-drug-and-new-biologic-approvals","","Regeneron Pharmaceuticals","Injection"
"2017","2017-03-28","Ocrevus","ocrelizumab","BLA761053","BLA novel biologic","BLA novel biologic","Biologic (BLA)","","Genentech","Injection","Injectable","Priority","No","Yes","Yes","No","","OCREVUS is indicated for the treatment of adult patients with relapsing or primary progressive forms of multiple sclerosis.","OCREVUS is indicated for the treatment of adult patients with relapsing or primary progressive forms of multiple sclerosis.","FDA compilation: Approved Use(s)","CD20-directed Antibody Interactions [MoA]","CD20-directed Cytolytic Antibody [EPC]","","FDA compilation workbook (2025 Compilation)","FDA_COMPILATION","https://www.fda.gov/drugs/drug-approvals-and-databases/compilation-cder-new-molecular-entity-nme-drug-and-new-biologic-approvals","","Genentech","Injection"
"2017","2017-04-03","Austedo","deutetrabenazine","NDA208082","NDA novel drug","NDA novel drug","NME/NDA","TRUE","Teva","Oral","Tablet","Standard","No","No","No","Yes","","AUSTEDO is indicated for the treatment of chorea associated with Huntington’s disease.","AUSTEDO is indicated for the treatment of chorea associated with Huntington’s disease.","FDA compilation: Approved Use(s)","","","","FDA compilation workbook (2025 Compilation)","FDA_COMPILATION","https://www.fda.gov/drugs/drug-approvals-and-databases/compilation-cder-new-molecular-entity-nme-drug-and-new-biologic-approvals","","Teva Pharmaceuticals","Oral"
"2017","2017-04-11","Ingrezza","valbenazine","NDA209241","NDA novel drug","NDA novel drug","NME/NDA","TRUE","Neurocrine Biosciences","Oral","Capsule","Priority","No","Yes","Yes","No","","INGREZZA is indicated for the treatment of adults with tardive dyskinesia.","INGREZZA is indicated for the treatment of adults with tardive dyskinesia.","FDA compilation: Approved Use(s)","","","","FDA compilation workbook (2025 Compilation)","FDA_COMPILATION","https://www.fda.gov/drugs/drug-approvals-and-databases/compilation-cder-new-molecular-entity-nme-drug-and-new-biologic-approvals","","Neurocrine Biosciences","Oral"
"2017","2017-04-27","Brineura","cerliponase alfa","BLA761052","BLA novel biologic","BLA novel biologic","Biologic (BLA)","","BioMarin Pharmaceutical","Injection","Injectable","Priority","No","Yes","No","Yes","","Brineura is indicated to slow the loss of ambulation in symptomatic pediatric patients 3 years of age and older with late infantile neuronal ceroid lipofuscinosis type 2 (CLN2), also known as tripeptidyl peptidase 1 (TPP1) deficiency.","Brineura is indicated to slow the loss of ambulation in symptomatic pediatric patients 3 years of age and older with late infantile neuronal ceroid lipofuscinosis type 2 (CLN2), also known as tripeptidyl peptidase 1 (TPP1) deficiency.","FDA compilation: Approved Use(s)","","","","FDA compilation workbook (2025 Compilation)","FDA_COMPILATION","https://www.fda.gov/drugs/drug-approvals-and-databases/compilation-cder-new-molecular-entity-nme-drug-and-new-biologic-approvals","","BioMarin Pharmaceutical","Injection"
"2017","2017-04-28","Alunbrig","brigatinib","NDA208772","NDA novel drug","NDA novel drug","NME/NDA","TRUE","Ariad Pharmaceuticals","Oral","Tablet","Priority","Yes","Yes","No","Yes","","ALUNBRIG is indicated for the treatment of patients with anaplastic lymphoma kinase (ALK)-positive metastatic non-small cell lung cancer (NSCLC) who have progressed on or are intolerant to crizotinib. This indication is approved under accelerated approval based on tumor response rate and duration of response. Continued approval for this indication may be contingent upon verification and description of clinical benefit in a confirmatory trial.","ALUNBRIG is indicated for the treatment of patients with anaplastic lymphoma kinase (ALK)-positive metastatic non-small cell lung cancer (NSCLC) who have progressed on or are intolerant to crizotinib. This indication is approved under accelerated approval based on tumor response rate and duration of response. Continued approval for this indication may be contingent upon verification and description of clinical benefit in a confirmatory trial.","FDA compilation: Approved Use(s)","Cytochrome P450 3A Inducers [MoA]; Tyrosine Kinase Inhibitors [MoA]","Kinase Inhibitor [EPC]","","FDA compilation workbook (2025 Compilation)","FDA_COMPILATION","https://www.fda.gov/drugs/drug-approvals-and-databases/compilation-cder-new-molecular-entity-nme-drug-and-new-biologic-approvals","","Ariad Pharmaceuticals","Oral"
"2017","2017-04-28","Rydapt","midostaurin","NDA207997","NDA novel drug","NDA novel drug","NME/NDA","TRUE","Novartis Pharmaceuticals","Oral","Capsule","Priority","No","Yes (indication [A] only)","Yes (indication [B] only)","Yes","","[A] RYDAPT is indicated, in combination with standard cytarabine and daunorubicin induction and cytarabine consolidation chemotherapy, for the treatment of adult patients with newly diagnosed acute myeloid leukemia (AML) who are FLT3 mutation-positive, as detected by a FDA approved test. Limitations of Use: RYDAPT is not indicated as a single-agent induction therapy for the treatment of patients with AML. [B] RYDAPT is indicated for the treatment of adult patients with aggressive systemic mastocytosis (ASM), systemic mastocytosis with associated hematological neoplasm (SM-AHN), or mast cell leukemia (MCL).","[A] RYDAPT is indicated, in combination with standard cytarabine and daunorubicin induction and cytarabine consolidation chemotherapy, for the treatment of adult patients with newly diagnosed acute myeloid leukemia (AML) who are FLT3 mutation-positive, as detected by a FDA approved test. Limitations of Use: RYDAPT is not indicated as a single-agent induction therapy for the treatment of patients with AML. [B] RYDAPT is indicated for the treatment of adult patients with aggressive systemic mastocytosis (ASM), systemic mastocytosis with associated hematological neoplasm (SM-AHN), or mast cell leukemia (MCL).","FDA compilation: Approved Use(s)","Receptor Tyrosine Kinase Inhibitors [MoA]","Kinase Inhibitor [EPC]","","FDA compilation workbook (2025 Compilation)","FDA_COMPILATION","https://www.fda.gov/drugs/drug-approvals-and-databases/compilation-cder-new-molecular-entity-nme-drug-and-new-biologic-approvals","","Novartis Pharmaceuticals","Oral"
"2017","2017-04-28","Tymlos","abaloparatide","NDA208743","NDA novel drug","NDA novel drug","NME/NDA","TRUE","Radius Health","Subcutaneous","Solution","Standard","No","No","No","No","","TYMLOS is indicated for the treatment of postmenopausal women with osteoporosis at high risk for fracture defined as a history of osteoporotic fracture, multiple risk factors for fracture, or patients who have failed or are intolerant to other available osteoporosis therapy. In postmenopausal women with osteoporosis, TYMLOS reduces the risk of vertebral fractures and nonvertebral fractures. Limitations of Use: Because of the unknown relevance of the rodent osteosarcoma findings to humans, cumulative use of TYMLOS and parathyroid hormone analogs (e.g., teriparatide) for more than 2 years during a patient’s lifetime is not recommended.","TYMLOS is indicated for the treatment of postmenopausal women with osteoporosis at high risk for fracture defined as a history of osteoporotic fracture, multiple risk factors for fracture, or patients who have failed or are intolerant to other available osteoporosis therapy. In postmenopausal women with osteoporosis, TYMLOS reduces the risk of vertebral fractures and nonvertebral fractures. Limitations of Use: Because of the unknown relevance of the rodent osteosarcoma findings to humans, cumulative use of TYMLOS and parathyroid hormone analogs (e.g., teriparatide) for more than 2 years during a patient’s lifetime is not recommended.","FDA compilation: Approved Use(s)","","Parathyroid Hormone-Related Peptide Analog [EPC]","","FDA compilation workbook (2025 Compilation)","FDA_COMPILATION","https://www.fda.gov/drugs/drug-approvals-and-databases/compilation-cder-new-molecular-entity-nme-drug-and-new-biologic-approvals","","Radius Health","Subcutaneous"
"2017","2017-05-01","Imfinzi","durvalumab","BLA761069","BLA novel biologic","BLA novel biologic","Biologic (BLA)","","AstraZeneca","Injection","Injectable","Priority","Yes","Yes","No","No","","IMFINZI is indicated for the treatment of patients with locally advanced or metastatic urothelial carcinoma who: - have disease progression during or following platinum-containing chemotherapy. - have disease progression within 12 months of neoadjuvant or adjuvant treatment with platinum-containing chemotherapy. This indication is approved under accelerated approval based on tumor response rate and duration of response. Continued approval for this indication may be contingent upon verification and description of clinical benefit in confirmatory trials.","IMFINZI is indicated for the treatment of patients with locally advanced or metastatic urothelial carcinoma who: - have disease progression during or following platinum-containing chemotherapy. - have disease progression within 12 months of neoadjuvant or adjuvant treatment with platinum-containing chemotherapy. This indication is approved under accelerated approval based on tumor response rate and duration of response. Continued approval for this indication may be contingent upon verification and description of clinical benefit in confirmatory trials.","FDA compilation: Approved Use(s)","Programmed Death Ligand-1 Antagonists [MoA]; Programmed Death Ligand-1-directed Antibody Interactions [MoA]","Programmed Death Ligand-1 Blocker [EPC]","","FDA compilation workbook (2025 Compilation)","FDA_COMPILATION","https://www.fda.gov/drugs/drug-approvals-and-databases/compilation-cder-new-molecular-entity-nme-drug-and-new-biologic-approvals","","AstraZeneca UK Limited","Injection"
"2017","2017-05-05","Radicava","edaravone","NDA209176","NDA novel drug","NDA novel drug","NME/NDA","TRUE","Mitsubishi Tanabe Pharma Development","Intravenous","Solution","Standard","No","No","No","Yes","","RADICAVA is indicated for the treatment of amyotrophic lateral sclerosis (ALS).","RADICAVA is indicated for the treatment of amyotrophic lateral sclerosis (ALS).","FDA compilation: Approved Use(s)","","","","FDA compilation workbook (2025 Compilation)","FDA_COMPILATION","https://www.fda.gov/drugs/drug-approvals-and-databases/compilation-cder-new-molecular-entity-nme-drug-and-new-biologic-approvals","","Mitsubishi Tanabe Pharma Development","Intravenous"
"2017","2017-05-22","Kevzara","sarilumab","BLA761037","BLA novel biologic","BLA novel biologic","Biologic (BLA)","","Sanofi","Injection","Injectable","Standard","No","No","No","No","","KEVZARA is indicated for treatment of adult patients with moderately to severely active rheumatoid arthritis (RA) who have had an inadequate response or intolerance to one or more disease-modifying antirheumatic drugs (DMARDs).","KEVZARA is indicated for treatment of adult patients with moderately to severely active rheumatoid arthritis (RA) who have had an inadequate response or intolerance to one or more disease-modifying antirheumatic drugs (DMARDs).","FDA compilation: Approved Use(s)","Interleukin 6 Receptor Antagonists [MoA]","Interleukin-6 Receptor Antagonist [EPC]","","FDA compilation workbook (2025 Compilation)","FDA_COMPILATION","https://www.fda.gov/drugs/drug-approvals-and-databases/compilation-cder-new-molecular-entity-nme-drug-and-new-biologic-approvals","","Sanofi","Injection"
"2017","2017-06-19","Baxdela","delafloxacin","NDA208610","NDA novel drug","NDA novel drug","NME/NDA","TRUE","Melinta Therapeutics","Oral","Tablet","Priority","No","No","Yes","No","","BAXDELA is indicated in adults for the treatment of acute bacterial skin and skin structure infections (ABSSSI) caused by susceptible isolates of the following: Gram-positive organisms: Staphylococcus aureus (including methicillin-resistant [MRSA] and methicillinsusceptible [MSSA] isolates), Staphylococcus haemolyticus, Staphylococcus lugdunensis, Streptococcus agalactiae, Streptococcus anginosus Group (including Streptococcus anginosus, Streptococcus intermedius, and Streptococcus constellatus), Streptococcus pyogenes, and Enterococcus faecalis. Gram-negative organisms: Escherichia coli, Enterobacter cloacae, Klebsiella pneumoniae, and Pseudomonas aeruginosa. Usage: To reduce the development of drug-resistant bacteria and maintain the effectiveness of BAXDELA and other antibacterial drugs, BAXDELA should be used only to treat infections that are proven or strongly suspected to be caused by susceptible bacteria. When culture and susceptibility information are available, they should be considered in selecting or modifying antibacterial therapy. In the absence of such data, local epidemiology and susceptibility patterns may contribute to the empiric selection of therapy.","BAXDELA is indicated in adults for the treatment of acute bacterial skin and skin structure infections (ABSSSI) caused by susceptible isolates of the following: Gram-positive organisms: Staphylococcus aureus (including methicillin-resistant [MRSA] and methicillinsusceptible [MSSA] isolates), Staphylococcus haemolyticus, Staphylococcus lugdunensis, Streptococcus agalactiae, Streptococcus anginosus Group (including Streptococcus anginosus, Streptococcus intermedius, and Streptococcus constellatus), Streptococcus pyogenes, and Enterococcus faecalis. Gram-negative organisms: Escherichia coli, Enterobacter cloacae, Klebsiella pneumoniae, and Pseudomonas aeruginosa. Usage: To reduce the development of drug-resistant bacteria and maintain the effectiveness of BAXDELA and other antibacterial drugs, BAXDELA should be used only to treat infections that are proven or strongly suspected to be caused by susceptible bacteria. When culture and susceptibility information are available, they should be considered in selecting or modifying antibacterial therapy. In the absence of such data, local epidemiology and susceptibility patterns may contribute to the empiric selection of therapy.","FDA compilation: Approved Use(s)","","","","FDA compilation workbook (2025 Compilation)","FDA_COMPILATION","https://www.fda.gov/drugs/drug-approvals-and-databases/compilation-cder-new-molecular-entity-nme-drug-and-new-biologic-approvals","","Melinta Therapeutics","Oral"
"2017","2017-06-23","Bevyxxa","betrixaban","NDA208383","NDA novel drug","NDA novel drug","NME/NDA","TRUE","Portola Pharmaceuticals","Oral","Capsule","Priority","No","No","Yes","No","","BEVYXXA is indicated for the prophylaxis of venous thromboembolism (VTE) in adult patients hospitalized for an acute medical illness who are at risk for thromboembolic complications due to moderate or severe restricted mobility and other risk factors for VTE. Limitations of Use: The safety and effectiveness of BEVYXXA have not been established in patients with prosthetic heart valves because this population has not been studied.","BEVYXXA is indicated for the prophylaxis of venous thromboembolism (VTE) in adult patients hospitalized for an acute medical illness who are at risk for thromboembolic complications due to moderate or severe restricted mobility and other risk factors for VTE. Limitations of Use: The safety and effectiveness of BEVYXXA have not been established in patients with prosthetic heart valves because this population has not been studied.","FDA compilation: Approved Use(s)","","","","FDA compilation workbook (2025 Compilation)","FDA_COMPILATION","https://www.fda.gov/drugs/drug-approvals-and-databases/compilation-cder-new-molecular-entity-nme-drug-and-new-biologic-approvals","","Portola Pharmaceuticals","Oral"
"2017","2017-07-13","Tremfya","guselkumab","BLA761061","BLA novel biologic","BLA novel biologic","Biologic (BLA)","","Janssen","Injection","Injectable","Priority (used priority review voucher)","No","No","No","No","","TREMFYA is indicated for the treatment of adults with moderate-to-severe plaque psoriasis who are candidates for systemic therapy or phototherapy.","TREMFYA is indicated for the treatment of adults with moderate-to-severe plaque psoriasis who are candidates for systemic therapy or phototherapy.","FDA compilation: Approved Use(s)","Interleukin-23 Antagonists [MoA]","Interleukin-23 Antagonist [EPC]","","FDA compilation workbook (2025 Compilation)","FDA_COMPILATION","https://www.fda.gov/drugs/drug-approvals-and-databases/compilation-cder-new-molecular-entity-nme-drug-and-new-biologic-approvals","","Janssen Biotech","Injection"
"2017","2017-07-17","Nerlynx","neratinib","NDA208051","NDA novel drug","NDA novel drug","NME/NDA","TRUE","Puma Biotechnology","Oral","Tablet","Standard","No","No","No","No","","NERLYNX is indicated for the extended adjuvant treatment of adult patients with early stage HER2-overexpressed/amplified breast cancer, to follow adjuvant trastuzumab based therapy.","NERLYNX is indicated for the extended adjuvant treatment of adult patients with early stage HER2-overexpressed/amplified breast cancer, to follow adjuvant trastuzumab based therapy.","FDA compilation: Approved Use(s)","","","","FDA compilation workbook (2025 Compilation)","FDA_COMPILATION","https://www.fda.gov/drugs/drug-approvals-and-databases/compilation-cder-new-molecular-entity-nme-drug-and-new-biologic-approvals","","Puma Biotechnology","Oral"
"2017","2017-07-18","Vosevi","sofosbuvir, velpatasvir, voxilaprevir","NDA209195","NDA novel drug","NDA novel drug","NME/NDA","TRUE","Gilead Sciences","Oral","Tablet","Priority","No","No","No","No","","VOSEVI is indicated for the treatment of adult patients with chronic hepatitis C virus (HCV) infection without cirrhosis or with compensated cirrhosis (Child-Pugh A) who have: - genotype 1, 2, 3, 4, 5, or 6 infection and have previously been treated with an HCV regimen containing an NS5A inhibitor. - genotype 1a or 3 infection and have previously been treated with an HCV regimen containing sofosbuvir without an NS5A inhibitor. -- Additional benefit of VOSEVI over sofosbuvir/velpatasvir was not shown in adults with genotype 1b, 2, 4, 5, or 6 infection previously treated with sofosbuvir without an NS5A inhibitor.","VOSEVI is indicated for the treatment of adult patients with chronic hepatitis C virus (HCV) infection without cirrhosis or with compensated cirrhosis (Child-Pugh A) who have: - genotype 1, 2, 3, 4, 5, or 6 infection and have previously been treated with an HCV regimen containing an NS5A inhibitor. - genotype 1a or 3 infection and have previously been treated with an HCV regimen containing sofosbuvir without an NS5A inhibitor. -- Additional benefit of VOSEVI over sofosbuvir/velpatasvir was not shown in adults with genotype 1b, 2, 4, 5, or 6 infection previously treated with sofosbuvir without an NS5A inhibitor.","FDA compilation: Approved Use(s)","Breast Cancer Resistance Protein Inhibitors [MoA]; HCV NS3/4A Protease Inhibitors [MoA]; Organic Anion Transporting Polypeptide 1B1 Inhibitors [MoA]; Organic Anion Transporting Polypeptide 1B3 Inhibitors [MoA]; Organic Anion Transporting Polypeptide 2B1 Inhibitors [MoA]; P-Glycoprotein Inhibitors [MoA]; RNA Replicase Inhibitors [MoA]","Hepatitis C Virus NS3/4A Protease Inhibitor [EPC]; Hepatitis C Virus NS5A Inhibitor [EPC]; Hepatitis C Virus Nucleotide Analog NS5B Polymerase Inhibitor [EPC]","","FDA compilation workbook (2025 Compilation)","FDA_COMPILATION","https://www.fda.gov/drugs/drug-approvals-and-databases/compilation-cder-new-molecular-entity-nme-drug-and-new-biologic-approvals","","Gilead Sciences","Oral"
"2017","2017-08-01","Idhifa","enasidenib","NDA209606","NDA novel drug","NDA novel drug","NME/NDA","TRUE","Celgene","Oral","Tablet","Priority","No","No","Yes","Yes","","IDHIFA is indicated for the treatment of adult patients with relapsed or refractory acute myeloid leukemia (AML) with an isocitrate dehydrogenase-2 (IDH2) mutation as detected by an FDA-approved test.","IDHIFA is indicated for the treatment of adult patients with relapsed or refractory acute myeloid leukemia (AML) with an isocitrate dehydrogenase-2 (IDH2) mutation as detected by an FDA-approved test.","FDA compilation: Approved Use(s)","","","","FDA compilation workbook (2025 Compilation)","FDA_COMPILATION","https://www.fda.gov/drugs/drug-approvals-and-databases/compilation-cder-new-molecular-entity-nme-drug-and-new-biologic-approvals","","Celgene","Oral"
"2017","2017-08-03","Mavyret","glecaprevir, pibrentasvir","NDA209394","NDA novel drug","NDA novel drug","NME/NDA","TRUE","AbbVie","Oral","Tablet","Priority","No","Yes","Yes","No","","MAVYRET is indicated for the treatment of adult patients with chronic hepatitis C virus (HCV) genotype 1, 2, 3, 4, 5 or 6 infection without cirrhosis or with compensated cirrhosis (Child-Pugh A). MAVYRET is also indicated for the treatment of adult patients with HCV genotype 1 infection, who previously have been treated with a regimen containing an HCV NS5A inhibitor or an NS3/4A protease inhibitor (PI), but not both.","MAVYRET is indicated for the treatment of adult patients with chronic hepatitis C virus (HCV) genotype 1, 2, 3, 4, 5 or 6 infection without cirrhosis or with compensated cirrhosis (Child-Pugh A). MAVYRET is also indicated for the treatment of adult patients with HCV genotype 1 infection, who previously have been treated with a regimen containing an HCV NS5A inhibitor or an NS3/4A protease inhibitor (PI), but not both.","FDA compilation: Approved Use(s)","Breast Cancer Resistance Protein Inhibitors [MoA]; Cytochrome P450 1A2 Inhibitors [MoA]; Cytochrome P450 3A Inhibitors [MoA]; HCV NS3/4A Protease Inhibitors [MoA]; Organic Anion Transporting Polypeptide 1B1 Inhibitors [MoA]; Organic Anion Transporting Polypeptide 1B3 Inhibitors [MoA]; P-Glycoprotein Inhibitors [MoA]; UGT1A1 Inhibitors [MoA]","Hepatitis C Virus NS3/4A Protease Inhibitor [EPC]; Hepatitis C Virus NS5A Inhibitor [EPC]","","FDA compilation workbook (2025 Compilation)","FDA_COMPILATION","https://www.fda.gov/drugs/drug-approvals-and-databases/compilation-cder-new-molecular-entity-nme-drug-and-new-biologic-approvals","","AbbVie","Oral"
"2017","2017-08-17","Besponsa","inotuzumab ozogamicin","BLA761040","BLA novel biologic","BLA novel biologic","Biologic (BLA)","","Pfizer","Injection","Injectable","Priority","No","Yes","No","Yes","","BESPONSA is indicated for the treatment of adults with relapsed or refractory B-cell precursor acute lymphoblastic leukemia (ALL).","BESPONSA is indicated for the treatment of adults with relapsed or refractory B-cell precursor acute lymphoblastic leukemia (ALL).","FDA compilation: Approved Use(s)","CD22-directed Antibody Interactions [MoA]","CD22-directed Immunoconjugate [EPC]","","FDA compilation workbook (2025 Compilation)","FDA_COMPILATION","https://www.fda.gov/drugs/drug-approvals-and-databases/compilation-cder-new-molecular-entity-nme-drug-and-new-biologic-approvals","","Pfizer","Injection"
"2017","2017-08-29","Vabomere","meropenem and vaborbactam","NDA209776","NDA novel drug","NDA novel drug","NME/NDA","TRUE","The Medicines","Intravenous","Powder","Priority","No","No","Yes","No","","VABOMERE is indicated for the treatment of patients 18 years of age and older with complicated urinary tract infections (cUTI) including pyelonephritis caused by the following susceptible microorganisms: Escherichia coli, Klebsiella pneumoniae, and Enterobacter cloacae species complex. Usage: To reduce the development of drug-resistant bacteria and maintain the effectiveness of VABOMERE and other antibacterial drugs, VABOMERE should be used only to treat or prevent infections that are proven or strongly suspected to be caused by susceptible bacteria. When culture and susceptibility information are available, they should be considered in selecting or modifying antibacterial therapy. In the absence of such data, local epidemiology and susceptibility patterns may contribute to the empiric selection of therapy.","VABOMERE is indicated for the treatment of patients 18 years of age and older with complicated urinary tract infections (cUTI) including pyelonephritis caused by the following susceptible microorganisms: Escherichia coli, Klebsiella pneumoniae, and Enterobacter cloacae species complex. Usage: To reduce the development of drug-resistant bacteria and maintain the effectiveness of VABOMERE and other antibacterial drugs, VABOMERE should be used only to treat or prevent infections that are proven or strongly suspected to be caused by susceptible bacteria. When culture and susceptibility information are available, they should be considered in selecting or modifying antibacterial therapy. In the absence of such data, local epidemiology and susceptibility patterns may contribute to the empiric selection of therapy.","FDA compilation: Approved Use(s)","beta Lactamase Inhibitors [MoA]","beta Lactamase Inhibitor [EPC]","","FDA compilation workbook (2025 Compilation)","FDA_COMPILATION","https://www.fda.gov/drugs/drug-approvals-and-databases/compilation-cder-new-molecular-entity-nme-drug-and-new-biologic-approvals","","The Medicines Company","Intravenous"
"2017","2017-08-29","[drug marketed without a proprietary name]","benznidazole","NDA209570","NDA novel drug","NDA novel drug","NME/NDA","TRUE","Chemo Research, S.L","Oral","Tablet","Priority","Yes","No","No","Yes","","Benznidazole Tablets are indicated in pediatric patients 2 to 12 years of age for the treatment of Chagas disease (American trypanosomiasis) caused by Trypanosoma cruzi._x000D_ This indication is approved under accelerated approval based on the number of treated patients who became Immunoglobulin G (IgG) antibody negative against the recombinant antigens of T. cruzi. Continued approval for this indication may be contingent upon verification and description of clinical benefit in confirmatory trials.","Benznidazole Tablets are indicated in pediatric patients 2 to 12 years of age for the treatment of Chagas disease (American trypanosomiasis) caused by Trypanosoma cruzi._x000D_ This indication is approved under accelerated approval based on the number of treated patients who became Immunoglobulin G (IgG) antibody negative against the recombinant antigens of T. cruzi. Continued approval for this indication may be contingent upon verification and description of clinical benefit in confirmatory trials.","FDA compilation: Approved Use(s)","","","","FDA compilation workbook (2025 Compilation)","FDA_COMPILATION","https://www.fda.gov/drugs/drug-approvals-and-databases/compilation-cder-new-molecular-entity-nme-drug-and-new-biologic-approvals","","Chemo Research, S.L.","Oral"
"2017","2017-09-14","Aliqopa","copanlisib","NDA209936","NDA novel drug","NDA novel drug","NME/NDA","TRUE","Bayer HealthCare Pharmaceuticals","Intravenous","Powder","Priority","Yes","No","Yes","Yes","","ALIQOPA is indicated for the treatment of adult patients with relapsed follicular lymphoma (FL) who have received at least two prior systemic therapies. _x000D_ Accelerated approval was granted for this indication based on overall response rate. Continued approval for this indication may be contingent upon verification and description of clinical benefit in a confirmatory trial.","ALIQOPA is indicated for the treatment of adult patients with relapsed follicular lymphoma (FL) who have received at least two prior systemic therapies. _x000D_ Accelerated approval was granted for this indication based on overall response rate. Continued approval for this indication may be contingent upon verification and description of clinical benefit in a confirmatory trial.","FDA compilation: Approved Use(s)","","","","FDA compilation workbook (2025 Compilation)","FDA_COMPILATION","https://www.fda.gov/drugs/drug-approvals-and-databases/compilation-cder-new-molecular-entity-nme-drug-and-new-biologic-approvals","","Bayer HealthCare Pharmaceuticals","Intravenous"
"2017","2017-09-15","Solosec","secnidazole","NDA209363","NDA novel drug","NDA novel drug","NME/NDA","TRUE","Symbiomix Therapeutics","Oral","Granule","Priority","No","No","Yes","No","","SOLOSEC is indicated for the treatment of bacterial vaginosis in adult women. Usage: To reduce the development of drug-resistant bacteria and maintain the effectiveness of SOLOSEC and other antibacterial drugs, SOLOSEC should be used only to treat or prevent infections that are proven or strongly suspected to be caused by susceptible bacteria. When culture and susceptibility information are available, they should be considered in selecting or modifying antibacterial therapy. In the absence of such data, local epidemiology and susceptibility patterns may contribute to the empiric selection of therapy.","SOLOSEC is indicated for the treatment of bacterial vaginosis in adult women. Usage: To reduce the development of drug-resistant bacteria and maintain the effectiveness of SOLOSEC and other antibacterial drugs, SOLOSEC should be used only to treat or prevent infections that are proven or strongly suspected to be caused by susceptible bacteria. When culture and susceptibility information are available, they should be considered in selecting or modifying antibacterial therapy. In the absence of such data, local epidemiology and susceptibility patterns may contribute to the empiric selection of therapy.","FDA compilation: Approved Use(s)","","Nitroimidazole Antimicrobial [EPC]","","FDA compilation workbook (2025 Compilation)","FDA_COMPILATION","https://www.fda.gov/drugs/drug-approvals-and-databases/compilation-cder-new-molecular-entity-nme-drug-and-new-biologic-approvals","","Symbiomix Therapeutics","Oral"
"2017","2017-09-28","Verzenio","abemaciclib","NDA208716","NDA novel drug","NDA novel drug","NME/NDA","TRUE","Eli Lilly","Oral","Tablet","Priority","No","Yes","Yes","No","","VERZENIO (abemaciclib) is indicated: - in combination with fulvestrant for the treatment of women with hormone receptor (HR)-positive, human epidermal growth factor receptor 2 (HER2)-negative advanced or metastatic breast cancer with disease progression following endocrine therapy. - as monotherapy for the treatment of adult patients with HR-positive, HER2-negative advanced or metastatic breast cancer with disease progression following endocrine therapy and prior chemotherapy in the metastatic setting.","VERZENIO (abemaciclib) is indicated: - in combination with fulvestrant for the treatment of women with hormone receptor (HR)-positive, human epidermal growth factor receptor 2 (HER2)-negative advanced or metastatic breast cancer with disease progression following endocrine therapy. - as monotherapy for the treatment of adult patients with HR-positive, HER2-negative advanced or metastatic breast cancer with disease progression following endocrine therapy and prior chemotherapy in the metastatic setting.","FDA compilation: Approved Use(s)","Kinase Inhibitors [MoA]","Kinase Inhibitor [EPC]","","FDA compilation workbook (2025 Compilation)","FDA_COMPILATION","https://www.fda.gov/drugs/drug-approvals-and-databases/compilation-cder-new-molecular-entity-nme-drug-and-new-biologic-approvals","","Eli Lilly","Oral"
"2017","2017-10-31","Calquence","acalabrutinib","NDA210259","NDA novel drug","NDA novel drug","NME/NDA","TRUE","Acerta Pharma","Oral","Capsule","Priority","Yes","Yes","No","Yes","","CALQUENCE is indicated for the treatment of adult patients with mantle cell lymphoma (MCL) who have received at least one prior therapy._x000D_ This indication is approved under accelerated approval based on overall response rate. Continued approval for this indication may be contingent upon verification and description of clinical benefit in confirmatory trials.","CALQUENCE is indicated for the treatment of adult patients with mantle cell lymphoma (MCL) who have received at least one prior therapy._x000D_ This indication is approved under accelerated approval based on overall response rate. Continued approval for this indication may be contingent upon verification and description of clinical benefit in confirmatory trials.","FDA compilation: Approved Use(s)","Tyrosine Kinase Inhibitors [MoA]","Kinase Inhibitor [EPC]","","FDA compilation workbook (2025 Compilation)","FDA_COMPILATION","https://www.fda.gov/drugs/drug-approvals-and-databases/compilation-cder-new-molecular-entity-nme-drug-and-new-biologic-approvals","","Acerta Pharma B.V.","Oral"
"2017","2017-11-02","Vyzulta","latanoprostene bunod","NDA207795","NDA novel drug","NDA novel drug","NME/NDA","TRUE","Bausch & Lomb","Ophthalmic","Solution/Drops","Standard","No","No","No","No","","VYZULTA (latanoprostene bunod ophthalmic solution) 0.024% is indicated for the reduction of intraocular pressure (IOP) in patients with open-angle glaucoma or ocular hypertension.","VYZULTA (latanoprostene bunod ophthalmic solution) 0.024% is indicated for the reduction of intraocular pressure (IOP) in patients with open-angle glaucoma or ocular hypertension.","FDA compilation: Approved Use(s)","","","","FDA compilation workbook (2025 Compilation)","FDA_COMPILATION","https://www.fda.gov/drugs/drug-approvals-and-databases/compilation-cder-new-molecular-entity-nme-drug-and-new-biologic-approvals","","Bausch & Lomb","Ophthalmic"
"2017","2017-11-08","Prevymis","letermovir","NDA209939","NDA novel drug","NDA novel drug","NME/NDA","TRUE","Merck","Oral","Tablet","Priority","No","Yes","Yes","Yes","","PREVYMIS is indicated for prophylaxis of cytomegalovirus (CMV) infection and disease in adult CMV-seropositive recipients [R+] of an allogeneic hematopoietic stem cell transplant (HSCT).","PREVYMIS is indicated for prophylaxis of cytomegalovirus (CMV) infection and disease in adult CMV-seropositive recipients [R+] of an allogeneic hematopoietic stem cell transplant (HSCT).","FDA compilation: Approved Use(s)","Cytochrome P450 2C19 Inducers [MoA]; Cytochrome P450 2C8 Inhibitors [MoA]; Cytochrome P450 2C9 Inducers [MoA]; Cytochrome P450 3A Inhibitors [MoA]; DNA Terminase Complex Inhibitors [MoA]; Organic Anion Transporting Polypeptide 1B1 Inhibitors [MoA]; Organic Anion Transporting Polypeptide 1B3 Inhibitors [MoA]","Cytomegalovirus DNA Terminase Complex Inhibitor [EPC]","","FDA compilation workbook (2025 Compilation)","FDA_COMPILATION","https://www.fda.gov/drugs/drug-approvals-and-databases/compilation-cder-new-molecular-entity-nme-drug-and-new-biologic-approvals","","Merck","Oral"
"2017","2017-11-14","Fasenra","benralizumab","BLA761070","BLA novel biologic","BLA novel biologic","Biologic (BLA)","","AstraZeneca","Injection","Injectable","Standard","No","No","No","No","","FASENRA is indicated for the add-on maintenance treatment of patients with severe asthma aged 12 years and older, and with an eosinophilic phenotype. Limitations of use: - FASENRA is not indicated for treatment of other eosinophilic conditions. - FASENRA is not indicated for the relief of acute bronchospasm or status asthmaticus.","FASENRA is indicated for the add-on maintenance treatment of patients with severe asthma aged 12 years and older, and with an eosinophilic phenotype. Limitations of use: - FASENRA is not indicated for treatment of other eosinophilic conditions. - FASENRA is not indicated for the relief of acute bronchospasm or status asthmaticus.","FDA compilation: Approved Use(s)","Interleukin 5 Receptor alpha-directed Antibody Interactions [MoA]","Interleukin-5 Receptor alpha-directed Cytolytic Antibody [EPC]","","FDA compilation workbook (2025 Compilation)","FDA_COMPILATION","https://www.fda.gov/drugs/drug-approvals-and-databases/compilation-cder-new-molecular-entity-nme-drug-and-new-biologic-approvals","","AstraZeneca Pharmaceuticals","Injection"
"2017","2017-11-15","Mepsevii","vestronidase alfa-vjbk","BLA761047","BLA novel biologic","BLA novel biologic","Biologic (BLA)","","Ultragenyx Pharmaceutical","Injection","Injectable","Priority","No","No","Yes","Yes","","MEPSEVII is indicated in pediatric and adult patients for the treatment of Mucopolysaccharidosis VII (MPS VII, Sly syndrome). Limitations of Use: The effect of MEPSEVII on the central nervous system manifestations of MPS VII has not been determined.","MEPSEVII is indicated in pediatric and adult patients for the treatment of Mucopolysaccharidosis VII (MPS VII, Sly syndrome). Limitations of Use: The effect of MEPSEVII on the central nervous system manifestations of MPS VII has not been determined.","FDA compilation: Approved Use(s)","","Lysosomal beta Glucuronidase [EPC]","","FDA compilation workbook (2025 Compilation)","FDA_COMPILATION","https://www.fda.gov/drugs/drug-approvals-and-databases/compilation-cder-new-molecular-entity-nme-drug-and-new-biologic-approvals","","Ultragenyx Pharmaceutical","Injection"
"2017","2017-11-16","Hemlibra","emicizumab-kxwh","BLA761083","BLA novel biologic","BLA novel biologic","Biologic (BLA)","","Genentech","Injection","Injectable","Priority","No","Yes","No","Yes","","HEMLIBRA is indicated for routine prophylaxis to prevent or reduce the frequency of bleeding episodes in adult and pediatric patients with hemophilia A (congenital factor VIII deficiency) with factor VIII inhibitors.","HEMLIBRA is indicated for routine prophylaxis to prevent or reduce the frequency of bleeding episodes in adult and pediatric patients with hemophilia A (congenital factor VIII deficiency) with factor VIII inhibitors.","FDA compilation: Approved Use(s)","","","","FDA compilation workbook (2025 Compilation)","FDA_COMPILATION","https://www.fda.gov/drugs/drug-approvals-and-databases/compilation-cder-new-molecular-entity-nme-drug-and-new-biologic-approvals","","Genentech","Injection"
"2017","2017-12-05","Ozempic","semaglutide","NDA209637","NDA novel drug","NDA novel drug","NME/NDA","TRUE","Novo Nordisk","Subcutaneous","Solution","Standard","No","No","No","No","","OZEMPIC is indicated as an adjunct to diet and exercise to improve glycemic control in adults with type 2 diabetes mellitus. Limitations of Use: - OZEMPIC is not recommended as a first-line therapy for patients who have inadequate glycemic control on diet and exercise because of the uncertain relevance of rodent C-cell tumor findings to humans. - OZEMPIC has not been studied in patients with a history of pancreatitis. Consider other antidiabetic therapies in patients with a history of pancreatitis. - OZEMPIC is not a substitute for insulin. OZEMPIC is not indicated for use in patients with type 1 diabetes mellitus or for the treatment of patients with diabetic ketoacidosis, as it would not be effective in these settings.","OZEMPIC is indicated as an adjunct to diet and exercise to improve glycemic control in adults with type 2 diabetes mellitus. Limitations of Use: - OZEMPIC is not recommended as a first-line therapy for patients who have inadequate glycemic control on diet and exercise because of the uncertain relevance of rodent C-cell tumor findings to humans. - OZEMPIC has not been studied in patients with a history of pancreatitis. Consider other antidiabetic therapies in patients with a history of pancreatitis. - OZEMPIC is not a substitute for insulin. OZEMPIC is not indicated for use in patients with type 1 diabetes mellitus or for the treatment of patients with diabetic ketoacidosis, as it would not be effective in these settings.","FDA compilation: Approved Use(s)","Glucagon-like Peptide-1 (GLP-1) Agonists [MoA]","GLP-1 Receptor Agonist [EPC]","","FDA compilation workbook (2025 Compilation)","FDA_COMPILATION","https://www.fda.gov/drugs/drug-approvals-and-databases/compilation-cder-new-molecular-entity-nme-drug-and-new-biologic-approvals","","Novo Nordisk","Subcutaneous"
"2017","2017-12-11","Xepi","ozenoxacin","NDA208945","NDA novel drug","NDA novel drug","NME/NDA","TRUE","Ferrer Internacional","Topical","Cream","Standard","No","No","No","No","","XEPI is indicated for the topical treatment of impetigo due to Staphylococcus aureus or Streptococcus pyogenes in adult and pediatric patients 2 months of age and older.","XEPI is indicated for the topical treatment of impetigo due to Staphylococcus aureus or Streptococcus pyogenes in adult and pediatric patients 2 months of age and older.","FDA compilation: Approved Use(s)","","","","FDA compilation workbook (2025 Compilation)","FDA_COMPILATION","https://www.fda.gov/drugs/drug-approvals-and-databases/compilation-cder-new-molecular-entity-nme-drug-and-new-biologic-approvals","","Ferrer Internacional S.A.","Topical"
"2017","2017-12-18","Rhopressa","netarsudil","NDA208254","NDA novel drug","NDA novel drug","NME/NDA","TRUE","Aerie Pharmaceuticals","Ophthalmic","Solution/Drops","Standard","No","No","No","No","","RHOPRESSA (netarsudil ophthalmic solution) 0.02% is indicated for the reduction of elevated intraocular pressure (IOP) in patients with open-angle glaucoma or ocular hypertension.","RHOPRESSA (netarsudil ophthalmic solution) 0.02% is indicated for the reduction of elevated intraocular pressure (IOP) in patients with open-angle glaucoma or ocular hypertension.","FDA compilation: Approved Use(s)","","","","FDA compilation workbook (2025 Compilation)","FDA_COMPILATION","https://www.fda.gov/drugs/drug-approvals-and-databases/compilation-cder-new-molecular-entity-nme-drug-and-new-biologic-approvals","","Aerie Pharmaceuticals","Ophthalmic"
"2017","2017-12-19","Steglatro","ertugliflozin","NDA209803","NDA novel drug","NDA novel drug","NME/NDA","TRUE","Merck","Oral","Tablet","Standard","No","No","No","No","","STEGLATRO is indicated as an adjunct to diet and exercise to improve glycemic control in adults with type 2 diabetes mellitus. Limitations of Use: - STEGLATRO is not recommended in patients with type 1 diabetes mellitus or for the treatment of diabetic ketoacidosis.","STEGLATRO is indicated as an adjunct to diet and exercise to improve glycemic control in adults with type 2 diabetes mellitus. Limitations of Use: - STEGLATRO is not recommended in patients with type 1 diabetes mellitus or for the treatment of diabetic ketoacidosis.","FDA compilation: Approved Use(s)","","","","FDA compilation workbook (2025 Compilation)","FDA_COMPILATION","https://www.fda.gov/drugs/drug-approvals-and-databases/compilation-cder-new-molecular-entity-nme-drug-and-new-biologic-approvals","","Merck Sharp & Dohme","Oral"
"2017","2017-12-20","Macrilen","macimorelin","NDA205598","NDA novel drug","NDA novel drug","NME/NDA","TRUE","Aeterna Zentaris","Oral","For Solution","Standard","No","No","No","Yes","","MACRILEN is indicated for the diagnosis of adult growth hormone deficiency (AGHD). Limitations of Use: The safety and diagnostic performance of MACRILEN have not been established for subjects with a body mass index (BMI) > 40 kg/m2.","MACRILEN is indicated for the diagnosis of adult growth hormone deficiency (AGHD). Limitations of Use: The safety and diagnostic performance of MACRILEN have not been established for subjects with a body mass index (BMI) > 40 kg/m2.","FDA compilation: Approved Use(s)","Growth Hormone Secretagogue Receptor Agonists [MoA]","Growth Hormone Secretagogue Receptor Agonist [EPC]","","FDA compilation workbook (2025 Compilation)","FDA_COMPILATION","https://www.fda.gov/drugs/drug-approvals-and-databases/compilation-cder-new-molecular-entity-nme-drug-and-new-biologic-approvals","","Aeterna Zentaris GmBH","Oral"
"2017","2017-12-21","Giapreza","angiotensin II","NDA209360","NDA novel drug","NDA novel drug","NME/NDA","TRUE","La Jolla Pharmaceuticals","Intravenous","Solution","Priority","No","No","No","No","","GIAPREZA increases blood pressure in adults with septic or other distributive shock.","GIAPREZA increases blood pressure in adults with septic or other distributive shock.","FDA compilation: Approved Use(s)","","Vasoconstrictor [EPC]","","FDA compilation workbook (2025 Compilation)","FDA_COMPILATION","https://www.fda.gov/drugs/drug-approvals-and-databases/compilation-cder-new-molecular-entity-nme-drug-and-new-biologic-approvals","","La Jolla Pharmaceuticals","Intravenous"
"2018","2018-01-26","Lutathera","lutetium Lu 177 dotatate","NDA208700","NDA novel drug","NDA novel drug","NME/NDA","TRUE","Advanced Accelerator Applications","Intravenous","Solution","Priority","No","No","Yes","Yes","","LUTATHERA is indicated for the treatment of somatostatin receptor-positive gastroenteropancreatic neuroendocrine tumors (GEP-NETs), including foregut, midgut, and hindgut neuroendocrine tumors in adults.","LUTATHERA is indicated for the treatment of somatostatin receptor-positive gastroenteropancreatic neuroendocrine tumors (GEP-NETs), including foregut, midgut, and hindgut neuroendocrine tumors in adults.","FDA compilation: Approved Use(s)","","","","FDA compilation workbook (2025 Compilation)","FDA_COMPILATION","https://www.fda.gov/drugs/drug-approvals-and-databases/compilation-cder-new-molecular-entity-nme-drug-and-new-biologic-approvals","","Advanced Accelerator Applications","Intravenous"
"2018","2018-02-07","Biktarvy","bictegravir, emtricitabine, tenofovir alafenamide","NDA210251","NDA novel drug","NDA novel drug","NME/NDA","TRUE","Gilead Sciences","Oral","Tablet","Priority (used priority review voucher)","No","No","No","No","","BIKTARVY is indicated as a complete regimen for the treatment of human immunodeficiency virus type 1 (HIV-1) infection in adults who have no antiretroviral treatment history or to replace the current antiretroviral regimen in those who are virologically-suppressed (HIV-1 RNA less than 50 copies per mL) on a stable antiretroviral regimen for at least 3 months with no history of treatment failure and no known substitutions associated with resistance to the individual components of BIKTARVY.","BIKTARVY is indicated as a complete regimen for the treatment of human immunodeficiency virus type 1 (HIV-1) infection in adults who have no antiretroviral treatment history or to replace the current antiretroviral regimen in those who are virologically-suppressed (HIV-1 RNA less than 50 copies per mL) on a stable antiretroviral regimen for at least 3 months with no history of treatment failure and no known substitutions associated with resistance to the individual components of BIKTARVY.","FDA compilation: Approved Use(s)","Nucleoside Reverse Transcriptase Inhibitors [MoA]","Human Immunodeficiency Virus Nucleoside Analog Reverse Transcriptase Inhibitor [EPC]","","FDA compilation workbook (2025 Compilation)","FDA_COMPILATION","https://www.fda.gov/drugs/drug-approvals-and-databases/compilation-cder-new-molecular-entity-nme-drug-and-new-biologic-approvals","","Gilead Sciences","Oral"
"2018","2018-02-12","Symdeko","tezacaftor, ivacaftor; ivacaftor (co-packaged)","NDA210491","NDA novel drug","NDA novel drug","NME/NDA","TRUE","Vertex Pharmaceuticals","Oral","Tablet, Tablet","Priority","No","Yes","Yes","Yes","","SYMDEKO is indicated for the treatment of patients with cystic fibrosis (CF) aged 12 years and older who are homozygous for the F508del mutation or who have at least one mutation in the cystic fibrosis transmembrane conductance regulator (CFTR) gene that is responsive to tezacaftor/ivacaftor based on in vitro data and/or clinical evidence._x000D_ If the patient’s genotype is unknown, an FDA-cleared CF mutation test should be used to detect the presence of a CFTR mutation followed by verification with bi-directional sequencing when recommended by the mutation test instructions for use.","SYMDEKO is indicated for the treatment of patients with cystic fibrosis (CF) aged 12 years and older who are homozygous for the F508del mutation or who have at least one mutation in the cystic fibrosis transmembrane conductance regulator (CFTR) gene that is responsive to tezacaftor/ivacaftor based on in vitro data and/or clinical evidence._x000D_ If the patient’s genotype is unknown, an FDA-cleared CF mutation test should be used to detect the presence of a CFTR mutation followed by verification with bi-directional sequencing when recommended by the mutation test instructions for use.","FDA compilation: Approved Use(s)","","","","FDA compilation workbook (2025 Compilation)","FDA_COMPILATION","https://www.fda.gov/drugs/drug-approvals-and-databases/compilation-cder-new-molecular-entity-nme-drug-and-new-biologic-approvals","","Vertex Pharmaceuticals","Oral"
"2018","2018-02-14","Erleada","apalutamide","NDA210951","NDA novel drug","NDA novel drug","NME/NDA","TRUE","Janssen","Oral","Tablet","Priority","No","No","Yes","No","","ERLEADA is indicated for the treatment of patients with non-metastatic, castration-resistant prostate cancer (NM-CRPC).","ERLEADA is indicated for the treatment of patients with non-metastatic, castration-resistant prostate cancer (NM-CRPC).","FDA compilation: Approved Use(s)","","","","FDA compilation workbook (2025 Compilation)","FDA_COMPILATION","https://www.fda.gov/drugs/drug-approvals-and-databases/compilation-cder-new-molecular-entity-nme-drug-and-new-biologic-approvals","","Janssen Biotech","Oral"
"2018","2018-03-06","Trogarzo","ibalizumab-uiyk","BLA761065","BLA novel biologic","BLA novel biologic","Biologic (BLA)","","TaiMed Biologics","Injection","Injectable","Priority","No","Yes","Yes","Yes","","TROGARZO, in combination with other antiretroviral(s), is indicated for the treatment of human immunodeficiency virus type 1 (HIV-1) infection in heavily treatment-experienced adults with multidrug resistant HIV-1 infection failing their current antiretroviral regimen.","TROGARZO, in combination with other antiretroviral(s), is indicated for the treatment of human immunodeficiency virus type 1 (HIV-1) infection in heavily treatment-experienced adults with multidrug resistant HIV-1 infection failing their current antiretroviral regimen.","FDA compilation: Approved Use(s)","CD4-directed Antibody Interactions [MoA]; HIV 1 Post-attachment Fusion Inhibitors [MoA]","CD4-directed Blocking Antibody [EPC]; Human Immunodeficiency Virus 1 Post-attachment Fusion Inhibitor [EPC]","","FDA compilation workbook (2025 Compilation)","FDA_COMPILATION","https://www.fda.gov/drugs/drug-approvals-and-databases/compilation-cder-new-molecular-entity-nme-drug-and-new-biologic-approvals","","TaiMed Biologics","Injection"
"2018","2018-03-20","Ilumya","tildrakizumab-asmn","BLA761067","BLA novel biologic","BLA novel biologic","Biologic (BLA)","","Merck","Injection","Injectable","Standard","No","No","No","No","","ILUMYA is indicated for the treatment of adults with moderate-to-severe plaque psoriasis who are candidates for systemic therapy or phototherapy.","ILUMYA is indicated for the treatment of adults with moderate-to-severe plaque psoriasis who are candidates for systemic therapy or phototherapy.","FDA compilation: Approved Use(s)","Interleukin-23 Antagonists [MoA]","Interleukin-23 Antagonist [EPC]","","FDA compilation workbook (2025 Compilation)","FDA_COMPILATION","https://www.fda.gov/drugs/drug-approvals-and-databases/compilation-cder-new-molecular-entity-nme-drug-and-new-biologic-approvals","","Merck Sharp & Dohme","Injection"
"2018","2018-04-17","Crysvita","burosumab-twza","BLA761068","BLA novel biologic","BLA novel biologic","Biologic (BLA)","","Ultragenyx Pharmaceutical","Injection","Injectable","Priority","No","Yes","Yes","Yes","","CRYSVITA is indicated for the treatment of X-linked hypophosphatemia (XLH) in adult and pediatric patients 1 year of age and older.","CRYSVITA is indicated for the treatment of X-linked hypophosphatemia (XLH) in adult and pediatric patients 1 year of age and older.","FDA compilation: Approved Use(s)","","","","FDA compilation workbook (2025 Compilation)","FDA_COMPILATION","https://www.fda.gov/drugs/drug-approvals-and-databases/compilation-cder-new-molecular-entity-nme-drug-and-new-biologic-approvals","","Ultragenyx Pharmaceutical","Injection"
"2018","2018-04-17","Tavalisse","fostamatinib disodium hexahydrate","NDA209299","NDA novel drug","NDA novel drug","NME/NDA","TRUE","Rigel Pharmaceuticals","Oral","Tablet","Standard","No","No","No","Yes","","TAVALISSE is indicated for the treatment of thrombocytopenia in adult patients with chronic immune thrombocytopenia (ITP) who have had an insufficient response to a previous treatment.","TAVALISSE is indicated for the treatment of thrombocytopenia in adult patients with chronic immune thrombocytopenia (ITP) who have had an insufficient response to a previous treatment.","FDA compilation: Approved Use(s)","","","","FDA compilation workbook (2025 Compilation)","FDA_COMPILATION","https://www.fda.gov/drugs/drug-approvals-and-databases/compilation-cder-new-molecular-entity-nme-drug-and-new-biologic-approvals","","Rigel Pharmaceuticals","Oral"
"2018","2018-04-19","Akynzeo","fosnetupitant and palonosetron","NDA210493","NDA novel drug","NDA novel drug","NME/NDA","TRUE","Helsinn Healthcare","Intravenous","Powder","Standard","No","No","No","No","","AKYNZEO capsules is indicated in combination with dexamethasone in adults for the prevention of acute and delayed nausea and vomiting associated with initial and repeat courses of cancer chemotherapy, including, but not limited to, highly emetogenic chemotherapy. AKYNZEO capsules is a combination of palonosetron and netupitant: palonosetron prevents nausea and vomiting during the acute phase and netupitant prevents nausea and vomiting during both the acute and delayed phase after cancer chemotherapy. AKYNZEO for injection is indicated in combination with dexamethasone in adults for the prevention of acute and delayed nausea and vomiting associated with initial and repeat courses of highly emetogenic cancer chemotherapy. AKYNZEO for injection is a combination of palonosetron and fosnetupitant, a prodrug of netupitant: palonosetron prevents nausea and vomiting during the acute phase and fosnetupitant prevents nausea and vomiting during both the acute and delayed phase after cancer chemotherapy. Limitations of Use: AKYNZEO for injection has not been studied for the prevention of nausea and vomiting associated with anthracycline plus cyclophosphamide chemotherapy.","AKYNZEO capsules is indicated in combination with dexamethasone in adults for the prevention of acute and delayed nausea and vomiting associated with initial and repeat courses of cancer chemotherapy, including, but not limited to, highly emetogenic chemotherapy. AKYNZEO capsules is a combination of palonosetron and netupitant: palonosetron prevents nausea and vomiting during the acute phase and netupitant prevents nausea and vomiting during both the acute and delayed phase after cancer chemotherapy. AKYNZEO for injection is indicated in combination with dexamethasone in adults for the prevention of acute and delayed nausea and vomiting associated with initial and repeat courses of highly emetogenic cancer chemotherapy. AKYNZEO for injection is a combination of palonosetron and fosnetupitant, a prodrug of netupitant: palonosetron prevents nausea and vomiting during the acute phase and fosnetupitant prevents nausea and vomiting during both the acute and delayed phase after cancer chemotherapy. Limitations of Use: AKYNZEO for injection has not been studied for the prevention of nausea and vomiting associated with anthracycline plus cyclophosphamide chemotherapy.","FDA compilation: Approved Use(s)","Breast Cancer Resistance Protein Inhibitors [MoA]; Cytochrome P450 3A4 Inhibitors [MoA]; Neurokinin 1 Antagonists [MoA]; P-Glycoprotein Inhibitors [MoA]; Serotonin 3 Receptor Antagonists [MoA]","Serotonin-3 Receptor Antagonist [EPC]; Substance P/Neurokinin-1 Receptor Antagonist [EPC]","","FDA compilation workbook (2025 Compilation)","FDA_COMPILATION","https://www.fda.gov/drugs/drug-approvals-and-databases/compilation-cder-new-molecular-entity-nme-drug-and-new-biologic-approvals","","Helsinn Healthcare","Intravenous"
"2018","2018-05-16","Lucemyra","lofexidine","NDA209229","NDA novel drug","NDA novel drug","NME/NDA","TRUE","US World Meds","Oral","Tablet","Priority","No","No","Yes","No","","LUCEMYRA is indicated for mitigation of opioid withdrawal symptoms to facilitate abrupt opioid discontinuation in adults.","LUCEMYRA is indicated for mitigation of opioid withdrawal symptoms to facilitate abrupt opioid discontinuation in adults.","FDA compilation: Approved Use(s)","","","","FDA compilation workbook (2025 Compilation)","FDA_COMPILATION","https://www.fda.gov/drugs/drug-approvals-and-databases/compilation-cder-new-molecular-entity-nme-drug-and-new-biologic-approvals","","US World Meds","Oral"
"2018","2018-05-17","Aimovig","erenumab-aooe","BLA761077","BLA novel biologic","BLA novel biologic","Biologic (BLA)","","Amgen","Injection","Injectable","Standard","No","No","No","No","","AIMOVIG is indicated for the preventive treatment of migraine in adults.","AIMOVIG is indicated for the preventive treatment of migraine in adults.","FDA compilation: Approved Use(s)","","","","FDA compilation workbook (2025 Compilation)","FDA_COMPILATION","https://www.fda.gov/drugs/drug-approvals-and-databases/compilation-cder-new-molecular-entity-nme-drug-and-new-biologic-approvals","","Amgen","Injection"
"2018","2018-05-18","Lokelma","sodium zirconium cyclosilicate","NDA207078","NDA novel drug","NDA novel drug","NME/NDA","TRUE","AstraZeneca","Oral","For Suspension","Standard","No","No","No","No","","LOKELMA is indicated for the treatment of hyperkalemia in adults. Limitation of Use: LOKELMA should not be used as an emergency treatment for life-threatening hyperkalemia because of its delayed onset of action.","LOKELMA is indicated for the treatment of hyperkalemia in adults. Limitation of Use: LOKELMA should not be used as an emergency treatment for life-threatening hyperkalemia because of its delayed onset of action.","FDA compilation: Approved Use(s)","","","","FDA compilation workbook (2025 Compilation)","FDA_COMPILATION","https://www.fda.gov/drugs/drug-approvals-and-databases/compilation-cder-new-molecular-entity-nme-drug-and-new-biologic-approvals","","AstraZeneca Pharmaceuticals","Oral"
"2018","2018-05-21","Doptelet","avatrombopag","NDA210238","NDA novel drug","NDA novel drug","NME/NDA","TRUE","Dova Pharmaceuticals","Oral","Tablet","Priority","No","No","No","No","","DOPTELET (avatrombopag) is indicated for the treatment of thrombocytopenia in adult patients with chronic liver disease who are scheduled to undergo a procedure.","DOPTELET (avatrombopag) is indicated for the treatment of thrombocytopenia in adult patients with chronic liver disease who are scheduled to undergo a procedure.","FDA compilation: Approved Use(s)","","","","FDA compilation workbook (2025 Compilation)","FDA_COMPILATION","https://www.fda.gov/drugs/drug-approvals-and-databases/compilation-cder-new-molecular-entity-nme-drug-and-new-biologic-approvals","","Dova Pharmaceuticals","Oral"
"2018","2018-05-24","Palynziq","pegvaliase-pqpz","BLA761079","BLA novel biologic","BLA novel biologic","Biologic (BLA)","","BioMarin Pharmaceutical","Injection","Injectable","Priority","No","No","Yes","Yes","","Palynziq is indicated to reduce blood phenylalanine concentrations in adult patients with phenylketonuria (PKU) who have uncontrolled blood phenylalanine concentrations greater than 600 micromol/L on existing management.","Palynziq is indicated to reduce blood phenylalanine concentrations in adult patients with phenylketonuria (PKU) who have uncontrolled blood phenylalanine concentrations greater than 600 micromol/L on existing management.","FDA compilation: Approved Use(s)","","Phenylalanine Metabolizing Enzyme [EPC]","","FDA compilation workbook (2025 Compilation)","FDA_COMPILATION","https://www.fda.gov/drugs/drug-approvals-and-databases/compilation-cder-new-molecular-entity-nme-drug-and-new-biologic-approvals","","BioMarin Pharmaceutical","Injection"
"2018","2018-05-31","Olumiant","baricitinib","NDA207924","NDA novel drug","NDA novel drug","NME/NDA","TRUE","Eli Lilly","Oral","Tablet","Standard","No","No","No","No","","OLUMIANT (baricitinib) is indicated for the treatment of adult patients with moderately to severely active rheumatoid arthritis who have had an inadequate response to one or more tumor necrosis factor (TNF) antagonist therapies._x000D_ Limitation of Use: Use of OLUMIANT in combination with other JAK inhibitors, biologic disease-modifying antirheumatic drugs (DMARDs), or with potent immunosuppressants such as azathioprine and cyclosporine is not recommended.","OLUMIANT (baricitinib) is indicated for the treatment of adult patients with moderately to severely active rheumatoid arthritis who have had an inadequate response to one or more tumor necrosis factor (TNF) antagonist therapies._x000D_ Limitation of Use: Use of OLUMIANT in combination with other JAK inhibitors, biologic disease-modifying antirheumatic drugs (DMARDs), or with potent immunosuppressants such as azathioprine and cyclosporine is not recommended.","FDA compilation: Approved Use(s)","Janus Kinase Inhibitors [MoA]","Janus Kinase Inhibitor [EPC]","","FDA compilation workbook (2025 Compilation)","FDA_COMPILATION","https://www.fda.gov/drugs/drug-approvals-and-databases/compilation-cder-new-molecular-entity-nme-drug-and-new-biologic-approvals","","Eli Lilly","Oral"
"2018","2018-06-13","[drug marketed without a proprietary name]","moxidectin","NDA210867","NDA novel drug","NDA novel drug","NME/NDA","TRUE","Medicines Development For Global Health","Oral","Tablet","Priority","No","No","No","Yes","","Moxidectin Tablets are indicated for the treatment of onchocerciasis due to Onchocerca volvulus in patients aged 12 years and older. Limitations of Use: Moxidectin Tablets do not kill adult O. volvulus. Follow-up evaluation is advised. The safety and efficacy of repeat administration of Moxidectin Tablets in patients with O. volvulus has not been studied.","Moxidectin Tablets are indicated for the treatment of onchocerciasis due to Onchocerca volvulus in patients aged 12 years and older. Limitations of Use: Moxidectin Tablets do not kill adult O. volvulus. Follow-up evaluation is advised. The safety and efficacy of repeat administration of Moxidectin Tablets in patients with O. volvulus has not been studied.","FDA compilation: Approved Use(s)","","","","FDA compilation workbook (2025 Compilation)","FDA_COMPILATION","https://www.fda.gov/drugs/drug-approvals-and-databases/compilation-cder-new-molecular-entity-nme-drug-and-new-biologic-approvals","","Medicines Development For Global Health","Oral"
"2018","2018-06-25","Epidiolex","cannabidiol","NDA210365","NDA novel drug","NDA novel drug","NME/NDA","TRUE","GW Pharmaceuticals","Oral","Solution","Priority","No","No","Yes (indication [B] only)","Yes","","EPIDIOLEX is indicated for the treatment of seizures associated with [A] Lennox-Gastaut syndrome (LGS) or [B] Dravet syndrome (DS) in patients 2 years of age and older.","EPIDIOLEX is indicated for the treatment of seizures associated with [A] Lennox-Gastaut syndrome (LGS) or [B] Dravet syndrome (DS) in patients 2 years of age and older.","FDA compilation: Approved Use(s)","Cytochrome P450 1A2 Inhibitors [MoA]; Cytochrome P450 2B6 Inducers [MoA]; Cytochrome P450 2B6 Inhibitors [MoA]; Cytochrome P450 2C19 Inhibitors [MoA]; Cytochrome P450 2C8 Inhibitors [MoA]; Cytochrome P450 2C9 Inhibitors [MoA]; UGT1A9 Inhibitors [MoA]; UGT2B7 Inhibitors [MoA]","","","FDA compilation workbook (2025 Compilation)","FDA_COMPILATION","https://www.fda.gov/drugs/drug-approvals-and-databases/compilation-cder-new-molecular-entity-nme-drug-and-new-biologic-approvals","","GW Pharmaceuticals","Oral"
"2018","2018-06-25","Zemdri","plazomicin","NDA210303","NDA novel drug","NDA novel drug","NME/NDA","TRUE","Achaogen","Intravenous","Solution","Priority","No","No","No","No","","ZEMDRI is indicated in patients 18 years of age or older for the treatment of complicated urinary tract infections (cUTI), including pyelonephritis caused by the following susceptible microorganism(s): Escherichia coli, Klebsiella pneumoniae, Proteus mirabilis, and Enterobacter cloacae. As only limited clinical safety and efficacy data for ZEMDRI are currently available, reserve ZEMDRI for use in cUTI patients who have limited or no alternative treatment options. Usage: To reduce the development of drug resistant bacteria and maintain the effectiveness of ZEMDRI and other antibacterial drugs, ZEMDRI should be used only to treat or prevent infections that are proven or strongly suspected to be caused by susceptible bacteria. When culture and susceptibility information are available, they should be considered in selecting or modifying antibacterial therapy. In the absence of such data, local epidemiology and susceptibility patterns may contribute to the empiric selection of therapy.","ZEMDRI is indicated in patients 18 years of age or older for the treatment of complicated urinary tract infections (cUTI), including pyelonephritis caused by the following susceptible microorganism(s): Escherichia coli, Klebsiella pneumoniae, Proteus mirabilis, and Enterobacter cloacae. As only limited clinical safety and efficacy data for ZEMDRI are currently available, reserve ZEMDRI for use in cUTI patients who have limited or no alternative treatment options. Usage: To reduce the development of drug resistant bacteria and maintain the effectiveness of ZEMDRI and other antibacterial drugs, ZEMDRI should be used only to treat or prevent infections that are proven or strongly suspected to be caused by susceptible bacteria. When culture and susceptibility information are available, they should be considered in selecting or modifying antibacterial therapy. In the absence of such data, local epidemiology and susceptibility patterns may contribute to the empiric selection of therapy.","FDA compilation: Approved Use(s)","","","","FDA compilation workbook (2025 Compilation)","FDA_COMPILATION","https://www.fda.gov/drugs/drug-approvals-and-databases/compilation-cder-new-molecular-entity-nme-drug-and-new-biologic-approvals","","Achaogen","Intravenous"
"2018","2018-06-27","Braftovi","encorafenib","NDA210496","NDA novel drug","NDA novel drug","NME/NDA","TRUE","Array Biopharma","Oral","Capsule","Standard","No","No","No","Yes","","BRAFTOVI is indicated, in combination with binimetinib, for the treatment of patients with unresectable or metastatic melanoma with a BRAF V600E or V600K mutation, as detected by an FDA-approved test._x000D_ Limitations of Use: BRAFTOVI is not indicated for treatment of patients with wild-type BRAF melanoma.","BRAFTOVI is indicated, in combination with binimetinib, for the treatment of patients with unresectable or metastatic melanoma with a BRAF V600E or V600K mutation, as detected by an FDA-approved test._x000D_ Limitations of Use: BRAFTOVI is not indicated for treatment of patients with wild-type BRAF melanoma.","FDA compilation: Approved Use(s)","","","","FDA compilation workbook (2025 Compilation)","FDA_COMPILATION","https://www.fda.gov/drugs/drug-approvals-and-databases/compilation-cder-new-molecular-entity-nme-drug-and-new-biologic-approvals","","Array Biopharma","Oral"
"2018","2018-06-27","Mektovi","binimetinib","NDA210498","NDA novel drug","NDA novel drug","NME/NDA","TRUE","Array Biopharma","Oral","Tablet","Standard","No","No","No","Yes","","MEKTOVI is indicated, in combination with encorafenib, for the treatment of patients with unresectable or metastatic melanoma with a BRAF V600E or V600K mutation, as detected by an FDA-approved test.","MEKTOVI is indicated, in combination with encorafenib, for the treatment of patients with unresectable or metastatic melanoma with a BRAF V600E or V600K mutation, as detected by an FDA-approved test.","FDA compilation: Approved Use(s)","","","","FDA compilation workbook (2025 Compilation)","FDA_COMPILATION","https://www.fda.gov/drugs/drug-approvals-and-databases/compilation-cder-new-molecular-entity-nme-drug-and-new-biologic-approvals","","Array Biopharma","Oral"
"2018","2018-07-13","Tpoxx","tecovirimat","NDA208627","NDA novel drug","NDA novel drug","NME/NDA","TRUE","SIGA Technologies","Oral","Capsule","Priority","No","No","Yes","Yes","","TPOXX is indicated for the treatment of human smallpox disease caused by variola virus in adults and pediatric patients weighing at least 13 kg. Limitations of Use: The effectiveness of TPOXX for treatment of smallpox disease has not been determined in humans because adequate and well-controlled field trials have not been feasible, and inducing smallpox disease in humans to study the drug’s efficacy is not ethical. TPOXX efficacy may be reduced in immunocompromised patients based on studies demonstrating reduced efficacy in immunocompromised animal models.","TPOXX is indicated for the treatment of human smallpox disease caused by variola virus in adults and pediatric patients weighing at least 13 kg. Limitations of Use: The effectiveness of TPOXX for treatment of smallpox disease has not been determined in humans because adequate and well-controlled field trials have not been feasible, and inducing smallpox disease in humans to study the drug’s efficacy is not ethical. TPOXX efficacy may be reduced in immunocompromised patients based on studies demonstrating reduced efficacy in immunocompromised animal models.","FDA compilation: Approved Use(s)","Breast Cancer Resistance Protein Inhibitors [MoA]; Cytochrome P450 2C19 Inhibitors [MoA]; Cytochrome P450 2C8 Inhibitors [MoA]; Cytochrome P450 3A Inducers [MoA]","Orthopoxvirus VP37 Envelope Wrapping Protein Inhibitor [EPC]","","FDA compilation workbook (2025 Compilation)","FDA_COMPILATION","https://www.fda.gov/drugs/drug-approvals-and-databases/compilation-cder-new-molecular-entity-nme-drug-and-new-biologic-approvals","","SIGA Technologies","Oral"
"2018","2018-07-20","Krintafel","tafenoquine","NDA210795","NDA novel drug","NDA novel drug","NME/NDA","TRUE","GlaxoSmithKline","Oral","Tablet","Priority","No","Yes","No","Yes","","KRINTAFEL is indicated for the radical cure (prevention of relapse) of Plasmodium vivax malaria in patients aged 16 years and older who are receiving appropriate antimalarial therapy for acute P. vivax infection. Limitation of Use: KRINTAFEL is NOT indicated for the treatment of acute P. vivax malaria.","KRINTAFEL is indicated for the radical cure (prevention of relapse) of Plasmodium vivax malaria in patients aged 16 years and older who are receiving appropriate antimalarial therapy for acute P. vivax infection. Limitation of Use: KRINTAFEL is NOT indicated for the treatment of acute P. vivax malaria.","FDA compilation: Approved Use(s)","","","","FDA compilation workbook (2025 Compilation)","FDA_COMPILATION","https://www.fda.gov/drugs/drug-approvals-and-databases/compilation-cder-new-molecular-entity-nme-drug-and-new-biologic-approvals","","GlaxoSmithKline","Oral"
"2018","2018-07-20","Tibsovo","ivosidenib","NDA211192","NDA novel drug","NDA novel drug","NME/NDA","TRUE","Agios Pharmaceuticals","Oral","Tablet","Priority","No","No","Yes","Yes","","TIBSOVO is indicated for the treatment of adult patients with relapsed or refractory acute myeloid leukemia (AML) with a susceptible isocitrate dehydrogenase-1 (IDH1) mutation as detected by an FDA-approved test.","TIBSOVO is indicated for the treatment of adult patients with relapsed or refractory acute myeloid leukemia (AML) with a susceptible isocitrate dehydrogenase-1 (IDH1) mutation as detected by an FDA-approved test.","FDA compilation: Approved Use(s)","Cytochrome P450 2C9 Inducers [MoA]; Cytochrome P450 3A4 Inducers [MoA]; Isocitrate Dehydrogenase 1 Inhibitors [MoA]","Isocitrate Dehydrogenase 1 Inhibitor [EPC]","","FDA compilation workbook (2025 Compilation)","FDA_COMPILATION","https://www.fda.gov/drugs/drug-approvals-and-databases/compilation-cder-new-molecular-entity-nme-drug-and-new-biologic-approvals","","Agios Pharmaceuticals","Oral"
"2018","2018-07-23","Orilissa","elagolix","NDA210450","NDA novel drug","NDA novel drug","NME/NDA","TRUE","AbbVie","Oral","Tablet","Priority","No","No","No","No","","ORILISSA is indicated for the management of moderate to severe pain associated with endometriosis.","ORILISSA is indicated for the management of moderate to severe pain associated with endometriosis.","FDA compilation: Approved Use(s)","","","","FDA compilation workbook (2025 Compilation)","FDA_COMPILATION","https://www.fda.gov/drugs/drug-approvals-and-databases/compilation-cder-new-molecular-entity-nme-drug-and-new-biologic-approvals","","AbbVie","Oral"
"2018","2018-07-27","Omegaven","fish oil triglycerides","NDA210589","NDA novel drug","NDA novel drug","NME/NDA","TRUE","Fresenius Kabi","Intravenous","Emulsion","Priority","No","No","Yes","Yes","","Omegaven is indicated as a source of calories and fatty acids in pediatric patients with parenteral nutrition-associated cholestasis (PNAC). Limitations of Use: - Omegaven is not indicated for the prevention of PNAC. It has not been demonstrated that Omegaven prevents PNAC in parenteral nutrition (PN)-dependent patients. - It has not been demonstrated that the clinical outcomes observed in patients treated with Omegaven are a result of the omega-6:omega-3 fatty acid ratio of the product.","Omegaven is indicated as a source of calories and fatty acids in pediatric patients with parenteral nutrition-associated cholestasis (PNAC). Limitations of Use: - Omegaven is not indicated for the prevention of PNAC. It has not been demonstrated that Omegaven prevents PNAC in parenteral nutrition (PN)-dependent patients. - It has not been demonstrated that the clinical outcomes observed in patients treated with Omegaven are a result of the omega-6:omega-3 fatty acid ratio of the product.","FDA compilation: Approved Use(s)","","","","FDA compilation workbook (2025 Compilation)","FDA_COMPILATION","https://www.fda.gov/drugs/drug-approvals-and-databases/compilation-cder-new-molecular-entity-nme-drug-and-new-biologic-approvals","","Fresenius Kabi","Intravenous"
"2018","2018-07-31","Mulpleta","lusutrombopag","NDA210923","NDA novel drug","NDA novel drug","NME/NDA","TRUE","Shionogi","Oral","Tablet","Priority","No","No","Yes","No","","MULPLETA is indicated for the treatment of thrombocytopenia in adult patients with chronic liver disease who are scheduled to undergo a procedure.","MULPLETA is indicated for the treatment of thrombocytopenia in adult patients with chronic liver disease who are scheduled to undergo a procedure.","FDA compilation: Approved Use(s)","","","","FDA compilation workbook (2025 Compilation)","FDA_COMPILATION","https://www.fda.gov/drugs/drug-approvals-and-databases/compilation-cder-new-molecular-entity-nme-drug-and-new-biologic-approvals","","Shionogi","Oral"
"2018","2018-08-08","Poteligeo","mogamulizumab-kpkc","BLA761051","BLA novel biologic","BLA novel biologic","Biologic (BLA)","","Kyowa Kirin Pharmaceutical Development","Injection","Injectable","Priority","No","Yes","No","Yes","","POTELIGEO is indicated for the treatment of adult patients with relapsed or refractory mycosis fungoides (MF) or Sezary syndrome (SS) after at least one prior systemic therapy.","POTELIGEO is indicated for the treatment of adult patients with relapsed or refractory mycosis fungoides (MF) or Sezary syndrome (SS) after at least one prior systemic therapy.","FDA compilation: Approved Use(s)","Chemokine Receptor Type 4 Interactions [MoA]","Chemokine Receptor Type 4 Interaction [EPC]; Monoclonal Antibody [EPC]","","FDA compilation workbook (2025 Compilation)","FDA_COMPILATION","https://www.fda.gov/drugs/drug-approvals-and-databases/compilation-cder-new-molecular-entity-nme-drug-and-new-biologic-approvals","","Kyowa Kirin Pharmaceutical Development","Injection"
"2018","2018-08-10","Annovera","segesterone acetate, ethinyl estradiol","NDA209627","NDA novel drug","NDA novel drug","NME/NDA","TRUE","The Population Council","Vaginal","Ring","Standard","No","No","No","No","","ANNOVERA is indicated for use by females of reproductive potential to prevent pregnancy. Limitation of Use: ANNOVERA has not been adequately studied in females with a BMI >29 kg/m2.","ANNOVERA is indicated for use by females of reproductive potential to prevent pregnancy. Limitation of Use: ANNOVERA has not been adequately studied in females with a BMI >29 kg/m2.","FDA compilation: Approved Use(s)","Estrogen Receptor Agonists [MoA]","Estrogen [EPC]","","FDA compilation workbook (2025 Compilation)","FDA_COMPILATION","https://www.fda.gov/drugs/drug-approvals-and-databases/compilation-cder-new-molecular-entity-nme-drug-and-new-biologic-approvals","","The Population Council","Vaginal"
"2018","2018-08-10","Galafold","migalastat","NDA208623","NDA novel drug","NDA novel drug","NME/NDA","TRUE","Amicus Therapeutics","Oral","Capsule","Priority","Yes","No","Yes","Yes","","GALAFOLD is indicated for the treatment of adults with a confirmed diagnosis of Fabry disease and an amenable galactosidase alpha gene (GLA) variant based on in vitro assay data._x000D_ This indication is approved under accelerated approval based on reduction in kidney interstitial capillary cell globotriaosylceramide (KIC GL-3) substrate. Continued approval for this indication may be contingent upon verification and description of clinical benefit in confirmatory trials.","GALAFOLD is indicated for the treatment of adults with a confirmed diagnosis of Fabry disease and an amenable galactosidase alpha gene (GLA) variant based on in vitro assay data._x000D_ This indication is approved under accelerated approval based on reduction in kidney interstitial capillary cell globotriaosylceramide (KIC GL-3) substrate. Continued approval for this indication may be contingent upon verification and description of clinical benefit in confirmatory trials.","FDA compilation: Approved Use(s)","","","","FDA compilation workbook (2025 Compilation)","FDA_COMPILATION","https://www.fda.gov/drugs/drug-approvals-and-databases/compilation-cder-new-molecular-entity-nme-drug-and-new-biologic-approvals","","Amicus Therapeutics","Oral"
"2018","2018-08-10","Onpattro","patisiran","NDA210922","NDA novel drug","NDA novel drug","NME/NDA","TRUE","Alnylam Pharmaceuticals","Intravenous","Solution","Priority","No","Yes","Yes","Yes","","ONPATTRO is indicated for the treatment of the polyneuropathy of hereditary transthyretin-mediated amyloidosis in adults.","ONPATTRO is indicated for the treatment of the polyneuropathy of hereditary transthyretin-mediated amyloidosis in adults.","FDA compilation: Approved Use(s)","","","","FDA compilation workbook (2025 Compilation)","FDA_COMPILATION","https://www.fda.gov/drugs/drug-approvals-and-databases/compilation-cder-new-molecular-entity-nme-drug-and-new-biologic-approvals","","Alnylam Pharmaceuticals","Intravenous"
"2018","2018-08-20","Diacomit","stiripentol","NDA206709","NDA novel drug","NDA novel drug","NME/NDA","TRUE","Biocodex","Oral","Capsule","Priority","No","No","No","Yes","","DIACOMIT is indicated for the treatment of seizures associated with Dravet syndrome (DS) in patients 2 years of age and older taking clobazam. There are no clinical data to support the use of DIACOMIT as monotherapy in Dravet syndrome.","DIACOMIT is indicated for the treatment of seizures associated with Dravet syndrome (DS) in patients 2 years of age and older taking clobazam. There are no clinical data to support the use of DIACOMIT as monotherapy in Dravet syndrome.","FDA compilation: Approved Use(s)","","","","FDA compilation workbook (2025 Compilation)","FDA_COMPILATION","https://www.fda.gov/drugs/drug-approvals-and-databases/compilation-cder-new-molecular-entity-nme-drug-and-new-biologic-approvals","","Biocodex SA","Oral"
"2018","2018-08-22","Oxervate","cenegermin-bkbj","BLA761094","BLA novel biologic","BLA novel biologic","Biologic (BLA)","","Dompé farmaceutici","Ophthalmic","Solution/Drops","Priority","No","Yes","Yes","Yes","","OXERVATE (cenegermin-bkbj) ophthalmic solution 0.002% is indicated for the treatment of neurotrophic keratitis.","OXERVATE (cenegermin-bkbj) ophthalmic solution 0.002% is indicated for the treatment of neurotrophic keratitis.","FDA compilation: Approved Use(s)","","Recombinant Human Nerve Growth Factor [EPC]","","FDA compilation workbook (2025 Compilation)","FDA_COMPILATION","https://www.fda.gov/drugs/drug-approvals-and-databases/compilation-cder-new-molecular-entity-nme-drug-and-new-biologic-approvals","","Dompé farmaceutici S.p.A.","Ophthalmic"
"2018","2018-08-23","Takhzyro","lanadelumab-flyo","BLA761090","BLA novel biologic","BLA novel biologic","Biologic (BLA)","","Dyax","Injection","Injectable","Priority","No","Yes","Yes","Yes","","TAKHZYRO is indicated for prophylaxis to prevent attacks of hereditary angioedema (HAE) in patients 12 years and older.","TAKHZYRO is indicated for prophylaxis to prevent attacks of hereditary angioedema (HAE) in patients 12 years and older.","FDA compilation: Approved Use(s)","Kallikrein Inhibitors [MoA]","Plasma Kallikrein Inhibitor [EPC]","","FDA compilation workbook (2025 Compilation)","FDA_COMPILATION","https://www.fda.gov/drugs/drug-approvals-and-databases/compilation-cder-new-molecular-entity-nme-drug-and-new-biologic-approvals","","Dyax Corporation","Injection"
"2018","2018-08-27","Xerava","eravacycline","NDA211109","NDA novel drug","NDA novel drug","NME/NDA","TRUE","Tetraphase Pharmaceuticals","Intravenous","Powder","Priority","No","No","Yes","No","","XERAVA is indicated for the treatment of complicated intra-abdominal infections (cIAI) caused by susceptible microorganisms: Escherichia coli, Klebsiella pneumoniae, Citrobacter freundii, Enterobacter cloacae, Klebsiella oxytoca, Enterococcus faecalis, Enterococcus faecium, Staphylococcus aureus, Streptococcus anginosus group, Clostridium perfringens, Bacteroides species, and Parabacteroides distasonis in patients 18 years or older. Limitations of Use: XERAVA is not indicated for the treatment of complicated urinary tract infections (cUTI). Usage: To reduce the development of drug-resistant bacteria and maintain the effectiveness of XERAVA and other antibacterial drugs, XERAVA should be used only to treat or prevent infections that are proven or strongly suspected to be caused by susceptible bacteria. When culture and susceptibility information are available, they should be considered in selecting or modifying antibacterial therapy. In the absence of such data, local epidemiology and susceptibility patterns may contribute to the empiric selection of therapy.","XERAVA is indicated for the treatment of complicated intra-abdominal infections (cIAI) caused by susceptible microorganisms: Escherichia coli, Klebsiella pneumoniae, Citrobacter freundii, Enterobacter cloacae, Klebsiella oxytoca, Enterococcus faecalis, Enterococcus faecium, Staphylococcus aureus, Streptococcus anginosus group, Clostridium perfringens, Bacteroides species, and Parabacteroides distasonis in patients 18 years or older. Limitations of Use: XERAVA is not indicated for the treatment of complicated urinary tract infections (cUTI). Usage: To reduce the development of drug-resistant bacteria and maintain the effectiveness of XERAVA and other antibacterial drugs, XERAVA should be used only to treat or prevent infections that are proven or strongly suspected to be caused by susceptible bacteria. When culture and susceptibility information are available, they should be considered in selecting or modifying antibacterial therapy. In the absence of such data, local epidemiology and susceptibility patterns may contribute to the empiric selection of therapy.","FDA compilation: Approved Use(s)","","","","FDA compilation workbook (2025 Compilation)","FDA_COMPILATION","https://www.fda.gov/drugs/drug-approvals-and-databases/compilation-cder-new-molecular-entity-nme-drug-and-new-biologic-approvals","","Tetraphase Pharmaceuticals","Intravenous"
"2018","2018-08-30","Pifeltro","doravirine","NDA210806","NDA novel drug","NDA novel drug","NME/NDA","TRUE","Merck","Oral","Tablet","Standard","No","No","No","No","","PIFELTRO is indicated in combination with other antiretroviral agents for the treatment of HIV-1 infection in adult patients with no prior antiretroviral treatment history.","PIFELTRO is indicated in combination with other antiretroviral agents for the treatment of HIV-1 infection in adult patients with no prior antiretroviral treatment history.","FDA compilation: Approved Use(s)","Non-Nucleoside Reverse Transcriptase Inhibitors [MoA]","Human Immunodeficiency Virus 1 Non-Nucleoside Analog Reverse Transcriptase Inhibitor [EPC]","","FDA compilation workbook (2025 Compilation)","FDA_COMPILATION","https://www.fda.gov/drugs/drug-approvals-and-databases/compilation-cder-new-molecular-entity-nme-drug-and-new-biologic-approvals","","Merck Sharp & Dohme","Oral"
"2018","2018-09-13","Lumoxiti","moxetumomab pasudotox-tdfk","BLA761104","BLA novel biologic","BLA novel biologic","Biologic (BLA)","","AstraZeneca","Injection","Injectable","Priority","No","No","Yes","Yes","","LUMOXITI is indicated for the treatment of adult patients with relapsed or refractory hairy cell leukemia (HCL) who received at least two prior systemic therapies, including treatment with a purine nucleoside analog (PNA). Limitations of Use: LUMOXITI is not recommended in patients with severe renal impairment (CrCl = 29 mL/min).","LUMOXITI is indicated for the treatment of adult patients with relapsed or refractory hairy cell leukemia (HCL) who received at least two prior systemic therapies, including treatment with a purine nucleoside analog (PNA). Limitations of Use: LUMOXITI is not recommended in patients with severe renal impairment (CrCl = 29 mL/min).","FDA compilation: Approved Use(s)","","","","FDA compilation workbook (2025 Compilation)","FDA_COMPILATION","https://www.fda.gov/drugs/drug-approvals-and-databases/compilation-cder-new-molecular-entity-nme-drug-and-new-biologic-approvals","","AstraZeneca Pharmaceuticals","Injection"
"2018","2018-09-14","Ajovy","fremanezumab-vfrm","BLA761089","BLA novel biologic","BLA novel biologic","Biologic (BLA)","","Teva","Injection","Injectable","Priority (used priority review voucher)","No","No","No","No","","AJOVY is indicated for the preventive treatment of migraine in adults.","AJOVY is indicated for the preventive treatment of migraine in adults.","FDA compilation: Approved Use(s)","","","","FDA compilation workbook (2025 Compilation)","FDA_COMPILATION","https://www.fda.gov/drugs/drug-approvals-and-databases/compilation-cder-new-molecular-entity-nme-drug-and-new-biologic-approvals","","Teva Pharmaceuticals","Injection"
"2018","2018-09-24","Copiktra","duvelisib","NDA211155","NDA novel drug","NDA novel drug","NME/NDA","TRUE","Verastem","Oral","Capsule","Priority","Yes (indication [B] only)","No","Yes","Yes","","[A] COPIKTRA is indicated for the treatment of adult patients with relapsed or refractory CLL or SLL after at least two prior therapies. [B] COPIKTRA is indicated for the treatment of adult patients with relapsed or refractory FL after at least two prior systemic therapies. This indication is approved under accelerated approval based on overall response rate (ORR); continued approval for this indication may be contingent upon verification and description of clinical benefit in confirmatory trials.","[A] COPIKTRA is indicated for the treatment of adult patients with relapsed or refractory CLL or SLL after at least two prior therapies. [B] COPIKTRA is indicated for the treatment of adult patients with relapsed or refractory FL after at least two prior systemic therapies. This indication is approved under accelerated approval based on overall response rate (ORR); continued approval for this indication may be contingent upon verification and description of clinical benefit in confirmatory trials.","FDA compilation: Approved Use(s)","","","","FDA compilation workbook (2025 Compilation)","FDA_COMPILATION","https://www.fda.gov/drugs/drug-approvals-and-databases/compilation-cder-new-molecular-entity-nme-drug-and-new-biologic-approvals","","Verastem","Oral"
"2018","2018-09-27","Emgality","galcanezumab-gnlm","BLA761063","BLA novel biologic","BLA novel biologic","Biologic (BLA)","","Eli Lilly","Injection","Injectable","Standard","No","No","No","No","","EMGALITY is indicated for the preventive treatment of migraine in adults.","EMGALITY is indicated for the preventive treatment of migraine in adults.","FDA compilation: Approved Use(s)","","","","FDA compilation workbook (2025 Compilation)","FDA_COMPILATION","https://www.fda.gov/drugs/drug-approvals-and-databases/compilation-cder-new-molecular-entity-nme-drug-and-new-biologic-approvals","","Eli Lilly","Injection"
"2018","2018-09-27","Vizimpro","dacomitinib","NDA211288","NDA novel drug","NDA novel drug","NME/NDA","TRUE","Pfizer","Oral","Tablet","Priority","No","No","No","Yes","","VIZIMPRO is indicated for the first-line treatment of patients with metastatic non-small cell lung cancer (NSCLC) with epidermal growth factor receptor (EGFR) exon 19 deletion or exon 21 L858R substitution mutations as detected by an FDA-approved test.","VIZIMPRO is indicated for the first-line treatment of patients with metastatic non-small cell lung cancer (NSCLC) with epidermal growth factor receptor (EGFR) exon 19 deletion or exon 21 L858R substitution mutations as detected by an FDA-approved test.","FDA compilation: Approved Use(s)","","","","FDA compilation workbook (2025 Compilation)","FDA_COMPILATION","https://www.fda.gov/drugs/drug-approvals-and-databases/compilation-cder-new-molecular-entity-nme-drug-and-new-biologic-approvals","","Pfizer","Oral"
"2018","2018-09-28","Libtayo","cemiplimab-rwlc","BLA761097","BLA novel biologic","BLA novel biologic","Biologic (BLA)","","Regeneron Pharmaceuticals","Injection","Injectable","Priority","No","Yes","No","No","","LIBTAYO is indicated for the treatment of patients with metastatic cutaneous squamous cell carcinoma (CSCC) or locally advanced CSCC who are not candidates for curative surgery or curative radiation.","LIBTAYO is indicated for the treatment of patients with metastatic cutaneous squamous cell carcinoma (CSCC) or locally advanced CSCC who are not candidates for curative surgery or curative radiation.","FDA compilation: Approved Use(s)","","","","FDA compilation workbook (2025 Compilation)","FDA_COMPILATION","https://www.fda.gov/drugs/drug-approvals-and-databases/compilation-cder-new-molecular-entity-nme-drug-and-new-biologic-approvals","","Regeneron Pharmaceuticals","Injection"
"2018","2018-10-01","Seysara","sarecycline","NDA209521","NDA novel drug","NDA novel drug","NME/NDA","TRUE","Allergan","Oral","Tablet","Standard","No","No","No","No","","SEYSARA (sarecycline) tablet, is indicated for the treatment of inflammatory lesions of non-nodular moderate to severe acne vulgaris in patients 9 years of age and older. Limitations of Use: Efficacy of SEYSARA beyond 12 weeks and safety beyond 12 months have not been established. SEYSARA has not been evaluated in the treatment of infections. To reduce the development of drug-resistant bacteria as well as to maintain the effectiveness of other antibacterial drugs, SEYSARA should be used only as indicated.","SEYSARA (sarecycline) tablet, is indicated for the treatment of inflammatory lesions of non-nodular moderate to severe acne vulgaris in patients 9 years of age and older. Limitations of Use: Efficacy of SEYSARA beyond 12 weeks and safety beyond 12 months have not been established. SEYSARA has not been evaluated in the treatment of infections. To reduce the development of drug-resistant bacteria as well as to maintain the effectiveness of other antibacterial drugs, SEYSARA should be used only as indicated.","FDA compilation: Approved Use(s)","","","","FDA compilation workbook (2025 Compilation)","FDA_COMPILATION","https://www.fda.gov/drugs/drug-approvals-and-databases/compilation-cder-new-molecular-entity-nme-drug-and-new-biologic-approvals","","Allergan","Oral"
"2018","2018-10-02","Nuzyra","omadacycline","NDA209816","NDA novel drug","NDA novel drug","NME/NDA","TRUE","Paratek Pharmacueticals","Oral","Tablet","Priority","No","No","Yes","No","","NUZYRA is indicated for the treatment of adult patients with community-acquired bacterial pneumonia (CABP) caused by the following susceptible microorganisms: Streptococcus pneumoniae, Staphylococcus aureus (methicillin-susceptible isolates), Haemophilus influenzae, Haemophilus parainfluenzae, Klebsiella pneumoniae, Legionella pneumophila, Mycoplasma pneumoniae, and Chlamydophila pneumoniae. NUZYRA is indicated for the treatment of adult patients with acute bacterial skin and skin structure infections (ABSSSI) caused by the following susceptible microorganisms: Staphylococcus aureus (methicillin-susceptible and -resistant isolates), Staphylococcus lugdunensis, Streptococcus pyogenes, Streptococcus anginosus grp. (includes S. anginosus, S. intermedius, and S. constellatus), Enterococcus faecalis, Enterobacter cloacae, and Klebsiella pneumoniae. Usage: To reduce the development of drug-resistant bacteria and maintain the effectiveness of NUZYRA and other antibacterial drugs, NUZYRA should be used only to treat or prevent infections that are proven or strongly suspected to be caused by susceptible bacteria. When culture and susceptibility information are available, they should be considered in selecting or modifying antibacterial therapy. In the absence of such data, local epidemiology and susceptibility patterns may contribute to the empiric selection of therapy.","NUZYRA is indicated for the treatment of adult patients with community-acquired bacterial pneumonia (CABP) caused by the following susceptible microorganisms: Streptococcus pneumoniae, Staphylococcus aureus (methicillin-susceptible isolates), Haemophilus influenzae, Haemophilus parainfluenzae, Klebsiella pneumoniae, Legionella pneumophila, Mycoplasma pneumoniae, and Chlamydophila pneumoniae. NUZYRA is indicated for the treatment of adult patients with acute bacterial skin and skin structure infections (ABSSSI) caused by the following susceptible microorganisms: Staphylococcus aureus (methicillin-susceptible and -resistant isolates), Staphylococcus lugdunensis, Streptococcus pyogenes, Streptococcus anginosus grp. (includes S. anginosus, S. intermedius, and S. constellatus), Enterococcus faecalis, Enterobacter cloacae, and Klebsiella pneumoniae. Usage: To reduce the development of drug-resistant bacteria and maintain the effectiveness of NUZYRA and other antibacterial drugs, NUZYRA should be used only to treat or prevent infections that are proven or strongly suspected to be caused by susceptible bacteria. When culture and susceptibility information are available, they should be considered in selecting or modifying antibacterial therapy. In the absence of such data, local epidemiology and susceptibility patterns may contribute to the empiric selection of therapy.","FDA compilation: Approved Use(s)","","Tetracycline-class Antibacterial [EPC]","","FDA compilation workbook (2025 Compilation)","FDA_COMPILATION","https://www.fda.gov/drugs/drug-approvals-and-databases/compilation-cder-new-molecular-entity-nme-drug-and-new-biologic-approvals","","Paratek Pharmacueticals","Oral"
"2018","2018-10-05","Revcovi","elapegademase-lvlr","BLA761092","BLA novel biologic","BLA novel biologic","Biologic (BLA)","","Leadiant Biosciences","Injection","Injectable","Priority","No","No","Yes","Yes","","REVCOVI is indicated for the treatment of adenosine deaminase severe combined immune deficiency (ADA-SCID) in pediatric and adult patients.","REVCOVI is indicated for the treatment of adenosine deaminase severe combined immune deficiency (ADA-SCID) in pediatric and adult patients.","FDA compilation: Approved Use(s)","","","","FDA compilation workbook (2025 Compilation)","FDA_COMPILATION","https://www.fda.gov/drugs/drug-approvals-and-databases/compilation-cder-new-molecular-entity-nme-drug-and-new-biologic-approvals","","Leadiant Biosciences","Injection"
"2018","2018-10-05","Tegsedi","inotersen","NDA211172","NDA novel drug","NDA novel drug","NME/NDA","TRUE","Ionis Pharmaceuticals","Subcutaneous","Solution","Priority","No","No","Yes","Yes","","TEGSEDI is indicated for the treatment of the polyneuropathy of hereditary transthyretin-mediated amyloidosis in adults.","TEGSEDI is indicated for the treatment of the polyneuropathy of hereditary transthyretin-mediated amyloidosis in adults.","FDA compilation: Approved Use(s)","","","","FDA compilation workbook (2025 Compilation)","FDA_COMPILATION","https://www.fda.gov/drugs/drug-approvals-and-databases/compilation-cder-new-molecular-entity-nme-drug-and-new-biologic-approvals","","Ionis Pharmaceuticals","Subcutaneous"
"2018","2018-10-16","Talzenna","talazoparib","NDA211651","NDA novel drug","NDA novel drug","NME/NDA","TRUE","Pfizer","Oral","Capsule","Priority","No","No","No","No","","TALZENNA is indicated for the treatment of adult patients with deleterious or suspected deleterious germline breast cancer susceptibility gene (BRCA)-mutated (gBRCAm) human epidermal growth factor receptor 2 (HER2)-negative locally advanced or metastatic breast cancer. Select patients for therapy based on an FDA-approved companion diagnostic for TALZENNA.","TALZENNA is indicated for the treatment of adult patients with deleterious or suspected deleterious germline breast cancer susceptibility gene (BRCA)-mutated (gBRCAm) human epidermal growth factor receptor 2 (HER2)-negative locally advanced or metastatic breast cancer. Select patients for therapy based on an FDA-approved companion diagnostic for TALZENNA.","FDA compilation: Approved Use(s)","","","","FDA compilation workbook (2025 Compilation)","FDA_COMPILATION","https://www.fda.gov/drugs/drug-approvals-and-databases/compilation-cder-new-molecular-entity-nme-drug-and-new-biologic-approvals","","Pfizer","Oral"
"2018","2018-10-24","Xofluza","baloxavir marboxil","NDA210854","NDA novel drug","NDA novel drug","NME/NDA","TRUE","Shionogi","Oral","Tablet","Priority","No","No","No","No","","XOFLUZA is indicated for the treatment of acute uncomplicated influenza in patients 12 years of age and older who have been symptomatic for no more than 48 hours. Limitations of Use: Influenza viruses change over time, and factors such as the virus type or subtype, emergence of resistance, or changes in viral virulence could diminish the clinical benefit of antiviral drugs. Consider available information on drug susceptibility patterns for circulating influenza virus strains when deciding whether to use XOFLUZA.","XOFLUZA is indicated for the treatment of acute uncomplicated influenza in patients 12 years of age and older who have been symptomatic for no more than 48 hours. Limitations of Use: Influenza viruses change over time, and factors such as the virus type or subtype, emergence of resistance, or changes in viral virulence could diminish the clinical benefit of antiviral drugs. Consider available information on drug susceptibility patterns for circulating influenza virus strains when deciding whether to use XOFLUZA.","FDA compilation: Approved Use(s)","","","","FDA compilation workbook (2025 Compilation)","FDA_COMPILATION","https://www.fda.gov/drugs/drug-approvals-and-databases/compilation-cder-new-molecular-entity-nme-drug-and-new-biologic-approvals","","Shionogi","Oral"
"2018","2018-11-02","Lorbrena","lorlatinib","NDA210868","NDA novel drug","NDA novel drug","NME/NDA","TRUE","Pfizer","Oral","Tablet","Priority","Yes","Yes","No","Yes","","LORBRENA is indicated for the treatment of patients with anaplastic lymphoma kinase (ALK)-positive metastatic non-small cell lung cancer (NSCLC) whose disease has progressed on_x000D_ - crizotinib and at least one other ALK inhibitor for metastatic disease; or_x000D_ - alectinib as the first ALK inhibitor therapy for metastatic disease; or_x000D_ - ceritinib as the first ALK inhibitor therapy for metastatic disease._x000D_ This indication is approved under accelerated approval based on tumor response rate and duration of response. Continued approval for this indication may be contingent upon verification and description of clinical benefit in a confirmatory trial.","LORBRENA is indicated for the treatment of patients with anaplastic lymphoma kinase (ALK)-positive metastatic non-small cell lung cancer (NSCLC) whose disease has progressed on_x000D_ - crizotinib and at least one other ALK inhibitor for metastatic disease; or_x000D_ - alectinib as the first ALK inhibitor therapy for metastatic disease; or_x000D_ - ceritinib as the first ALK inhibitor therapy for metastatic disease._x000D_ This indication is approved under accelerated approval based on tumor response rate and duration of response. Continued approval for this indication may be contingent upon verification and description of clinical benefit in a confirmatory trial.","FDA compilation: Approved Use(s)","Breast Cancer Resistance Protein Inhibitors [MoA]; Cytochrome P450 2B6 Inducers [MoA]; Cytochrome P450 3A Inducers [MoA]; Kinase Inhibitors [MoA]; Multidrug and Toxin Extrusion Transporter 1 Inhibitors [MoA]; Organic Anion Transporter 3 Inhibitors [MoA]; Organic Cation Transporter 1 Inhibitors [MoA]; P-Glycoprotein Inducers [MoA]","Kinase Inhibitor [EPC]","","FDA compilation workbook (2025 Compilation)","FDA_COMPILATION","https://www.fda.gov/drugs/drug-approvals-and-databases/compilation-cder-new-molecular-entity-nme-drug-and-new-biologic-approvals","","Pfizer","Oral"
"2018","2018-11-09","Yupelri","revefenacin","NDA210598","NDA novel drug","NDA novel drug","NME/NDA","TRUE","Theravance Biopharma","Inhalation","Solution","Standard","No","No","No","No","","YUPELRI (revefenacin) inhalation solution is indicated for the maintenance treatment of patients with chronic obstructive pulmonary disease (COPD).","YUPELRI (revefenacin) inhalation solution is indicated for the maintenance treatment of patients with chronic obstructive pulmonary disease (COPD).","FDA compilation: Approved Use(s)","Cholinergic Antagonists [MoA]","Anticholinergic [EPC]","","FDA compilation workbook (2025 Compilation)","FDA_COMPILATION","https://www.fda.gov/drugs/drug-approvals-and-databases/compilation-cder-new-molecular-entity-nme-drug-and-new-biologic-approvals","","Theravance Biopharma","Inhalation"
"2018","2018-11-16","Aemcolo","rifamycin","NDA210910","NDA novel drug","NDA novel drug","NME/NDA","TRUE","Cosmo Technologies","Oral","Tablet, Delayed Release","Priority","No","No","Yes","No","","AEMCOLO is indicated for the treatment of travelers’ diarrhea (TD) caused by non-invasive strains of Escherichia coli in adults. Limitations of Use: AEMCOLO is not indicated in patients with diarrhea complicated by fever or bloody stool or due to pathogens other than noninvasive strains of Escherichia coli. Usage: To reduce the development of drug-resistant bacteria and maintain the effectiveness of AEMCOLO and other antibacterial drugs, AEMCOLO should be used only to treat or prevent infections that are proven or strongly suspected to be caused by susceptible bacteria. When culture and susceptibility information are available, they should be considered in selecting or modifying antibacterial therapy. In the absence of such data, local epidemiology and susceptibility patterns may contribute to the empiric selection of therapy.","AEMCOLO is indicated for the treatment of travelers’ diarrhea (TD) caused by non-invasive strains of Escherichia coli in adults. Limitations of Use: AEMCOLO is not indicated in patients with diarrhea complicated by fever or bloody stool or due to pathogens other than noninvasive strains of Escherichia coli. Usage: To reduce the development of drug-resistant bacteria and maintain the effectiveness of AEMCOLO and other antibacterial drugs, AEMCOLO should be used only to treat or prevent infections that are proven or strongly suspected to be caused by susceptible bacteria. When culture and susceptibility information are available, they should be considered in selecting or modifying antibacterial therapy. In the absence of such data, local epidemiology and susceptibility patterns may contribute to the empiric selection of therapy.","FDA compilation: Approved Use(s)","","","","FDA compilation workbook (2025 Compilation)","FDA_COMPILATION","https://www.fda.gov/drugs/drug-approvals-and-databases/compilation-cder-new-molecular-entity-nme-drug-and-new-biologic-approvals","","Cosmo Technologies","Oral"
"2018","2018-11-20","Gamifant","emapalumab-lzsg","BLA761107","BLA novel biologic","BLA novel biologic","Biologic (BLA)","","Novimmune","Injection","Injectable","Priority","No","Yes","No","Yes","","GAMIFANT is indicated for the treatment of adult and pediatric (newborn and older) patients with primary hemophagocytic lymphohistiocytosis (HLH) with refractory, recurrent or progressive disease or intolerance with conventional HLH therapy.","GAMIFANT is indicated for the treatment of adult and pediatric (newborn and older) patients with primary hemophagocytic lymphohistiocytosis (HLH) with refractory, recurrent or progressive disease or intolerance with conventional HLH therapy.","FDA compilation: Approved Use(s)","Interferon gamma Antagonists [MoA]","Interferon gamma Blocker [EPC]","","FDA compilation workbook (2025 Compilation)","FDA_COMPILATION","https://www.fda.gov/drugs/drug-approvals-and-databases/compilation-cder-new-molecular-entity-nme-drug-and-new-biologic-approvals","","Novimmune S.A.","Injection"
"2018","2018-11-21","Daurismo","glasdegib","NDA210656","NDA novel drug","NDA novel drug","NME/NDA","TRUE","Pfizer","Oral","Tablet","Priority","No","No","No","Yes","","DAURISMO is indicated, in combination with low-dose cytarabine, for the treatment of newly-diagnosed acute myeloid leukemia (AML) in adult patients who are >75 years old or who have comorbidities that preclude use of intensive induction chemotherapy._x000D_ Limitation of Use: DAURISMO has not been studied in patients with the comorbidities of severe renal impairment or moderate-to-severe hepatic impairment.","DAURISMO is indicated, in combination with low-dose cytarabine, for the treatment of newly-diagnosed acute myeloid leukemia (AML) in adult patients who are >75 years old or who have comorbidities that preclude use of intensive induction chemotherapy._x000D_ Limitation of Use: DAURISMO has not been studied in patients with the comorbidities of severe renal impairment or moderate-to-severe hepatic impairment.","FDA compilation: Approved Use(s)","Smoothened Receptor Antagonists [MoA]","Hedgehog Pathway Inhibitor [EPC]","","FDA compilation workbook (2025 Compilation)","FDA_COMPILATION","https://www.fda.gov/drugs/drug-approvals-and-databases/compilation-cder-new-molecular-entity-nme-drug-and-new-biologic-approvals","","Pfizer","Oral"
"2018","2018-11-26","Vitrakvi","larotrectinib","NDA210861","NDA novel drug","NDA novel drug","NME/NDA","TRUE","Loxo Oncology","Oral","Capsule","Priority","Yes","Yes","No","Yes","","VITRAKVI is indicated for the treatment of adult and pediatric patients with solid tumors that: - have a neurotrophic receptor tyrosine kinase (NTRK) gene fusion without a known acquired resistance mutation, - are metastatic or where surgical resection is likely to result in severe morbidity, and - have no satisfactory alternative treatments or that have progressed following treatment. This indication is approved under accelerated approval based on overall response rate and duration of response. Continued approval for this indication may be contingent upon verification and description of clinical benefit in confirmatory trials.","VITRAKVI is indicated for the treatment of adult and pediatric patients with solid tumors that: - have a neurotrophic receptor tyrosine kinase (NTRK) gene fusion without a known acquired resistance mutation, - are metastatic or where surgical resection is likely to result in severe morbidity, and - have no satisfactory alternative treatments or that have progressed following treatment. This indication is approved under accelerated approval based on overall response rate and duration of response. Continued approval for this indication may be contingent upon verification and description of clinical benefit in confirmatory trials.","FDA compilation: Approved Use(s)","Tropomyosin Receptor Kinases Inhibitors [MoA]","Kinase Inhibitor [EPC]","","FDA compilation workbook (2025 Compilation)","FDA_COMPILATION","https://www.fda.gov/drugs/drug-approvals-and-databases/compilation-cder-new-molecular-entity-nme-drug-and-new-biologic-approvals","","Loxo Oncology","Oral"
"2018","2018-11-28","Firdapse","amifampridine","NDA208078","NDA novel drug","NDA novel drug","NME/NDA","TRUE","Catalyst Pharmaceuticals","Oral","Tablet","Priority","No","Yes","No","Yes","","FIRDAPSE is indicated for the treatment of Lambert-Eaton myasthenic syndrome (LEMS) in adults.","FIRDAPSE is indicated for the treatment of Lambert-Eaton myasthenic syndrome (LEMS) in adults.","FDA compilation: Approved Use(s)","","","","FDA compilation workbook (2025 Compilation)","FDA_COMPILATION","https://www.fda.gov/drugs/drug-approvals-and-databases/compilation-cder-new-molecular-entity-nme-drug-and-new-biologic-approvals","","Catalyst Pharmaceuticals","Oral"
"2018","2018-11-28","Xospata","gilteritinib","NDA211349","NDA novel drug","NDA novel drug","NME/NDA","TRUE","Astellas Pharma","Oral","Tablet","Priority","No","No","Yes","Yes","","XOSPATA is indicated for the treatment of adult patients who have relapsed or refractory acute myeloid leukemia (AML) with a FMS-like tyrosine kinase 3 (FLT3) mutation as detected by an FDA-approved test.","XOSPATA is indicated for the treatment of adult patients who have relapsed or refractory acute myeloid leukemia (AML) with a FMS-like tyrosine kinase 3 (FLT3) mutation as detected by an FDA-approved test.","FDA compilation: Approved Use(s)","","","","FDA compilation workbook (2025 Compilation)","FDA_COMPILATION","https://www.fda.gov/drugs/drug-approvals-and-databases/compilation-cder-new-molecular-entity-nme-drug-and-new-biologic-approvals","","Astellas Pharma","Oral"
"2018","2018-12-14","Motegrity","prucalopride","NDA210166","NDA novel drug","NDA novel drug","NME/NDA","TRUE","Shire Development","Oral","Tablet","Standard","No","No","No","No","","MOTEGRITY is indicated for the treatment of chronic idiopathic constipation (CIC) in adults.","MOTEGRITY is indicated for the treatment of chronic idiopathic constipation (CIC) in adults.","FDA compilation: Approved Use(s)","","","","FDA compilation workbook (2025 Compilation)","FDA_COMPILATION","https://www.fda.gov/drugs/drug-approvals-and-databases/compilation-cder-new-molecular-entity-nme-drug-and-new-biologic-approvals","","Shire Development","Oral"
"2018","2018-12-20","Asparlas","calaspargase pegol-mknl","BLA761102","BLA novel biologic","BLA novel biologic","Biologic (BLA)","","Servier Pharmaceuticals","Injection","Injectable","Standard","No","No","No","Yes","","ASPARLAS is indicated as a component of a multi-agent chemotherapeutic regimen for the treatment of acute lymphoblastic leukemia in pediatric and young adult patients age 1 month to 21 years.","ASPARLAS is indicated as a component of a multi-agent chemotherapeutic regimen for the treatment of acute lymphoblastic leukemia in pediatric and young adult patients age 1 month to 21 years.","FDA compilation: Approved Use(s)","","Asparagine-specific Enzyme [EPC]","","FDA compilation workbook (2025 Compilation)","FDA_COMPILATION","https://www.fda.gov/drugs/drug-approvals-and-databases/compilation-cder-new-molecular-entity-nme-drug-and-new-biologic-approvals","","Servier Pharmaceuticals","Injection"
"2018","2018-12-21","Elzonris","tagraxofusp-erzs","BLA761116","BLA novel biologic","BLA novel biologic","Biologic (BLA)","","Stemline Therapeutics","Injection","Injectable","Priority","No","Yes","No","Yes","","ELZONRIS is a CD123-directed cytotoxin for the treatment of blastic plasmacytoid dendritic cell neoplasm (BPDCN) in adults and in pediatric patients 2 years and older.","ELZONRIS is a CD123-directed cytotoxin for the treatment of blastic plasmacytoid dendritic cell neoplasm (BPDCN) in adults and in pediatric patients 2 years and older.","FDA compilation: Approved Use(s)","CD123 Interactions [MoA]","CD123 Interaction [EPC]; Cytotoxin [EPC]","","FDA compilation workbook (2025 Compilation)","FDA_COMPILATION","https://www.fda.gov/drugs/drug-approvals-and-databases/compilation-cder-new-molecular-entity-nme-drug-and-new-biologic-approvals","","Stemline Therapeutics","Injection"
"2018","2018-12-21","Ultomiris","ravulizumab-cwvz","BLA761108","BLA novel biologic","BLA novel biologic","Biologic (BLA)","","Alexion Pharmaceuticals","Injection","Injectable","Priority (used priority review voucher)","No","No","No","Yes","","ULTOMIRIS is indicated for the treatment of adult patients with paroxysmal nocturnal hemoglobinuria (PNH).","ULTOMIRIS is indicated for the treatment of adult patients with paroxysmal nocturnal hemoglobinuria (PNH).","FDA compilation: Approved Use(s)","Complement Inhibitors [MoA]","Complement Inhibitor [EPC]","","FDA compilation workbook (2025 Compilation)","FDA_COMPILATION","https://www.fda.gov/drugs/drug-approvals-and-databases/compilation-cder-new-molecular-entity-nme-drug-and-new-biologic-approvals","","Alexion Pharmaceuticals","Injection"
"2019","2019-02-01","Jeuveau","prabotulinumtoxinA-xvfs","BLA761085","BLA novel biologic","BLA novel biologic","Biologic (BLA)","","Evolus","Injection","Injectable","Standard","No","No","No","No","","JEUVEAU is indicated for the temporary improvement in the appearance of moderate to severe glabellar lines associated with corrugator and/or procerus muscle activity in adult patients.","JEUVEAU is indicated for the temporary improvement in the appearance of moderate to severe glabellar lines associated with corrugator and/or procerus muscle activity in adult patients.","FDA compilation: Approved Use(s)","Acetylcholine Release Inhibitors [MoA]","Acetylcholine Release Inhibitor [EPC]; Neuromuscular Blocker [EPC]","","FDA compilation workbook (2025 Compilation)","FDA_COMPILATION","https://www.fda.gov/drugs/drug-approvals-and-databases/compilation-cder-new-molecular-entity-nme-drug-and-new-biologic-approvals","","Evolus","Injection"
"2019","2019-02-06","Cablivi","caplacizumab-yhdp","BLA761112","BLA novel biologic","BLA novel biologic","Biologic (BLA)","","Ablynx NV","Injection","Injectable","Priority","No","No","Yes","Yes","","CABLIVI is indicated for the treatment of adult patients with acquired thrombotic thrombocytopenic purpura (aTTP), in combination with plasma exchange and immunosuppressive therapy.","CABLIVI is indicated for the treatment of adult patients with acquired thrombotic thrombocytopenic purpura (aTTP), in combination with plasma exchange and immunosuppressive therapy.","FDA compilation: Approved Use(s)","","","","FDA compilation workbook (2025 Compilation)","FDA_COMPILATION","https://www.fda.gov/drugs/drug-approvals-and-databases/compilation-cder-new-molecular-entity-nme-drug-and-new-biologic-approvals","","Ablynx NV","Injection"
"2019","2019-02-13","Egaten","triclabendazole","NDA208711","NDA novel drug","NDA novel drug","NME/NDA","TRUE","Novartis Pharmaceuticals","Oral","Tablet","Priority","No","No","Yes","Yes","","EGATEN is indicated for the treatment of fascioliasis in patients 6 years of age and older.","EGATEN is indicated for the treatment of fascioliasis in patients 6 years of age and older.","FDA compilation: Approved Use(s)","Cytochrome P450 1A2 Inhibitors [MoA]; Cytochrome P450 2A6 Inhibitors [MoA]; Cytochrome P450 2B6 Inhibitors [MoA]; Cytochrome P450 2C19 Inhibitors [MoA]; Cytochrome P450 2C8 Inhibitors [MoA]; Cytochrome P450 2C9 Inhibitors [MoA]; Cytochrome P450 2D6 Inhibitors [MoA]; Cytochrome P450 3A Inhibitors [MoA]","Anthelmintic [EPC]","","FDA compilation workbook (2025 Compilation)","FDA_COMPILATION","https://www.fda.gov/drugs/drug-approvals-and-databases/compilation-cder-new-molecular-entity-nme-drug-and-new-biologic-approvals","","Novartis Pharmaceuticals","Oral"
"2019","2019-03-19","Zulresso","brexanolone","NDA211371","NDA novel drug","NDA novel drug","NME/NDA","TRUE","Sage Therapeutics","Intravenous","Solution","Priority","No","Yes","No","No","","ZULRESSO is indicated for the treatment of postpartum depression (PPD) in adults.","ZULRESSO is indicated for the treatment of postpartum depression (PPD) in adults.","FDA compilation: Approved Use(s)","","","","FDA compilation workbook (2025 Compilation)","FDA_COMPILATION","https://www.fda.gov/drugs/drug-approvals-and-databases/compilation-cder-new-molecular-entity-nme-drug-and-new-biologic-approvals","","Sage Therapeutics","Intravenous"
"2019","2019-03-20","Sunosi","solriamfetol","NDA211230","NDA novel drug","NDA novel drug","NME/NDA","TRUE","Jazz Pharmaceuticals","Oral","Tablet","Standard","No","No","No","Yes (indication [A] only)","","SUNOSI is indicated to improve wakefulness in adult patients with excessive daytime sleepiness associated with [A] narcolepsy or [B] obstructive sleep apnea (OSA). Limitations of use: SUNOSI is not indicated to treat the underlying airway obstruction in OSA. Ensure that the underlying airway obstruction is treated (e.g., with continuous positive airway pressure (CPAP)) for at least one month prior to initiating SUNOSI for excessive daytime sleepiness. Modalities to treat the underlying airway obstruction should be continued during treatment with SUNOSI. SUNOSI is not a substitute for these modalities.","SUNOSI is indicated to improve wakefulness in adult patients with excessive daytime sleepiness associated with [A] narcolepsy or [B] obstructive sleep apnea (OSA). Limitations of use: SUNOSI is not indicated to treat the underlying airway obstruction in OSA. Ensure that the underlying airway obstruction is treated (e.g., with continuous positive airway pressure (CPAP)) for at least one month prior to initiating SUNOSI for excessive daytime sleepiness. Modalities to treat the underlying airway obstruction should be continued during treatment with SUNOSI. SUNOSI is not a substitute for these modalities.","FDA compilation: Approved Use(s)","Dopamine Uptake Inhibitors [MoA]; Norepinephrine Uptake Inhibitors [MoA]","Dopamine and Norepinephrine Reuptake Inhibitor [EPC]","","FDA compilation workbook (2025 Compilation)","FDA_COMPILATION","https://www.fda.gov/drugs/drug-approvals-and-databases/compilation-cder-new-molecular-entity-nme-drug-and-new-biologic-approvals","","Jazz Pharmaceuticals","Oral"
"2019","2019-03-26","Mayzent","siponimod","NDA209884","NDA novel drug","NDA novel drug","NME/NDA","TRUE","Novartis Pharmaceuticals","Oral","Tablet","Priority (used priority review voucher)","No","No","No","No","","MAYZENT is indicated for the treatment of relapsing forms of multiple sclerosis (MS), to include clinically isolated syndrome, relapsing-remitting disease, and active secondary progressive disease, in adults.","MAYZENT is indicated for the treatment of relapsing forms of multiple sclerosis (MS), to include clinically isolated syndrome, relapsing-remitting disease, and active secondary progressive disease, in adults.","FDA compilation: Approved Use(s)","Sphingosine 1-Phosphate Receptor Modulators [MoA]","Sphingosine 1-phosphate Receptor Modulator [EPC]","","FDA compilation workbook (2025 Compilation)","FDA_COMPILATION","https://www.fda.gov/drugs/drug-approvals-and-databases/compilation-cder-new-molecular-entity-nme-drug-and-new-biologic-approvals","","Novartis Pharmaceuticals","Oral"
"2019","2019-04-09","Evenity","romosozumab-aqqg","BLA761062","BLA novel biologic","BLA novel biologic","Biologic (BLA)","","Amgen","Injection","Injectable","Standard","No","No","No","No","","EVENITY is indicated for the treatment of osteoporosis in postmenopausal women at high risk for fracture, defined as a history of osteoporotic fracture, or multiple risk factors for fracture; or patients who have failed or are intolerant to other available osteoporosis therapy. Limitations of Use: The anabolic effect of EVENITY wanes after 12 monthly doses of therapy. Therefore, the duration of EVENITY use should be limited to 12 monthly doses. If osteoporosis therapy remains warranted, continued therapy with an anti-resorptive agent should be considered.","EVENITY is indicated for the treatment of osteoporosis in postmenopausal women at high risk for fracture, defined as a history of osteoporotic fracture, or multiple risk factors for fracture; or patients who have failed or are intolerant to other available osteoporosis therapy. Limitations of Use: The anabolic effect of EVENITY wanes after 12 monthly doses of therapy. Therefore, the duration of EVENITY use should be limited to 12 monthly doses. If osteoporosis therapy remains warranted, continued therapy with an anti-resorptive agent should be considered.","FDA compilation: Approved Use(s)","","","","FDA compilation workbook (2025 Compilation)","FDA_COMPILATION","https://www.fda.gov/drugs/drug-approvals-and-databases/compilation-cder-new-molecular-entity-nme-drug-and-new-biologic-approvals","","Amgen","Injection"
"2019","2019-04-12","Balversa","erdafitinib","NDA212018","NDA novel drug","NDA novel drug","NME/NDA","TRUE","Janssen","Oral","Tablet","Priority","Yes","Yes","No","No","","BALVERSA is indicated for the treatment of adult patients with locally advanced or metastatic urothelial carcinoma (mUC), that has: - susceptible FGFR3 or FGFR2 genetic alterations, and - progressed during or following at least one line of prior platinum-containing chemotherapy, including within 12 months of neoadjuvant or adjuvant platinum-containing chemotherapy. Select patients for therapy based on an FDA-approved companion diagnostic for BALVERSA. This indication is approved under accelerated approval based on tumor response rate. Continued approval for this indication may be contingent upon verification and description of clinical benefit in confirmatory trials.","BALVERSA is indicated for the treatment of adult patients with locally advanced or metastatic urothelial carcinoma (mUC), that has: - susceptible FGFR3 or FGFR2 genetic alterations, and - progressed during or following at least one line of prior platinum-containing chemotherapy, including within 12 months of neoadjuvant or adjuvant platinum-containing chemotherapy. Select patients for therapy based on an FDA-approved companion diagnostic for BALVERSA. This indication is approved under accelerated approval based on tumor response rate. Continued approval for this indication may be contingent upon verification and description of clinical benefit in confirmatory trials.","FDA compilation: Approved Use(s)","Cytochrome P450 3A4 Inducers [MoA]; Cytochrome P450 3A4 Inhibitors [MoA]; Fibroblast Growth Factor Receptor Inhibitors [MoA]; Organic Cation Transporter 2 Inhibitors [MoA]; P-Glycoprotein Inhibitors [MoA]","Kinase Inhibitor [EPC]","","FDA compilation workbook (2025 Compilation)","FDA_COMPILATION","https://www.fda.gov/drugs/drug-approvals-and-databases/compilation-cder-new-molecular-entity-nme-drug-and-new-biologic-approvals","","Janssen Biotech","Oral"
"2019","2019-04-23","Skyrizi","risankizumab-rzaa","BLA761105","BLA novel biologic","BLA novel biologic","Biologic (BLA)","","AbbVie","Injection","Injectable","Standard","No","No","No","No","","SKYRIZI is indicated for the treatment of moderate-to-severe plaque psoriasis in adults who are candidates for systemic therapy or phototherapy.","SKYRIZI is indicated for the treatment of moderate-to-severe plaque psoriasis in adults who are candidates for systemic therapy or phototherapy.","FDA compilation: Approved Use(s)","Interleukin-23 Antagonists [MoA]","Interleukin-23 Antagonist [EPC]","","FDA compilation workbook (2025 Compilation)","FDA_COMPILATION","https://www.fda.gov/drugs/drug-approvals-and-databases/compilation-cder-new-molecular-entity-nme-drug-and-new-biologic-approvals","","AbbVie","Injection"
"2019","2019-05-03","Vyndaqel","tafamidis meglumine","NDA211996","NDA novel drug","NDA novel drug","NME/NDA","TRUE","Pfizer","Oral","Capsule","Priority","No","Yes","Yes","Yes","","VYNDAQEL is indicated for the treatment of the cardiomyopathy of wild type or hereditary transthyretin-mediated amyloidosis (ATTR-CM) in adults to reduce cardiovascular mortality and cardiovascular-related hospitalization.","VYNDAQEL is indicated for the treatment of the cardiomyopathy of wild type or hereditary transthyretin-mediated amyloidosis (ATTR-CM) in adults to reduce cardiovascular mortality and cardiovascular-related hospitalization.","FDA compilation: Approved Use(s)","","","","FDA compilation workbook (2025 Compilation)","FDA_COMPILATION","https://www.fda.gov/drugs/drug-approvals-and-databases/compilation-cder-new-molecular-entity-nme-drug-and-new-biologic-approvals","","Pfizer","Oral"
"2019","2019-05-24","Piqray","alpelisib","NDA212526","NDA novel drug","NDA novel drug","NME/NDA","TRUE","Novartis Pharmaceuticals","Oral","Tablet","Priority","No","No","No","No","","PIQRAY is indicated in combination with fulvestrant for the treatment of postmenopausal women, and men, with hormone receptor (HR)-positive, human epidermal growth factor receptor 2 (HER2)-negative, PIK3CA-mutated, advanced or metastatic breast cancer as detected by an FDA-approved test following progression on or after an endocrine-based regimen.","PIQRAY is indicated in combination with fulvestrant for the treatment of postmenopausal women, and men, with hormone receptor (HR)-positive, human epidermal growth factor receptor 2 (HER2)-negative, PIK3CA-mutated, advanced or metastatic breast cancer as detected by an FDA-approved test following progression on or after an endocrine-based regimen.","FDA compilation: Approved Use(s)","","","","FDA compilation workbook (2025 Compilation)","FDA_COMPILATION","https://www.fda.gov/drugs/drug-approvals-and-databases/compilation-cder-new-molecular-entity-nme-drug-and-new-biologic-approvals","","Novartis Pharmaceuticals","Oral"
"2019","2019-06-10","Polivy","polatuzumab vedotin-piiq","BLA761121","BLA novel biologic","BLA novel biologic","Biologic (BLA)","","Genentech","Injection","Injectable","Priority","Yes","Yes","No","Yes","","POLIVY in combination with bendamustine and a rituximab product is indicated for the treatment of adult patients with relapsed or refractory diffuse large B-cell lymphoma (DLBCL), not otherwise specified, after at least two prior therapies._x000D_ Accelerated approval was granted for this indication based on complete response rate. Continued approval for this indication may be contingent upon verification and description of clinical benefit in a confirmatory trial.","POLIVY in combination with bendamustine and a rituximab product is indicated for the treatment of adult patients with relapsed or refractory diffuse large B-cell lymphoma (DLBCL), not otherwise specified, after at least two prior therapies._x000D_ Accelerated approval was granted for this indication based on complete response rate. Continued approval for this indication may be contingent upon verification and description of clinical benefit in a confirmatory trial.","FDA compilation: Approved Use(s)","","","","FDA compilation workbook (2025 Compilation)","FDA_COMPILATION","https://www.fda.gov/drugs/drug-approvals-and-databases/compilation-cder-new-molecular-entity-nme-drug-and-new-biologic-approvals","","Genentech","Injection"
"2019","2019-06-21","Vyleesi","bremelanotide","NDA210557","NDA novel drug","NDA novel drug","NME/NDA","TRUE","AMAG Pharmaceuticals","Subcutaneous","Solution","Standard","No","No","No","No","","VYLEESI is indicated for the treatment of premenopausal women with acquired, generalized hypoactive sexual desire disorder (HSDD), as characterized by low sexual desire that causes marked distress or interpersonal difficulty and is NOT due to: - A co-existing medical or psychiatric condition, - Problems with the relationship, or - The effects of a medication or drug substance. Acquired HSDD refers to HSDD that develops in a patient who previously had no problems with sexual desire. Generalized HSDD refers to HSDD that occurs regardless of the type of stimulation, situation or partner. Limitations of Use: - VYLEESI is not indicated for the treatment of HSDD in postmenopausal women or in men. - VYLEESI is not indicated to enhance sexual performance.","VYLEESI is indicated for the treatment of premenopausal women with acquired, generalized hypoactive sexual desire disorder (HSDD), as characterized by low sexual desire that causes marked distress or interpersonal difficulty and is NOT due to: - A co-existing medical or psychiatric condition, - Problems with the relationship, or - The effects of a medication or drug substance. Acquired HSDD refers to HSDD that develops in a patient who previously had no problems with sexual desire. Generalized HSDD refers to HSDD that occurs regardless of the type of stimulation, situation or partner. Limitations of Use: - VYLEESI is not indicated for the treatment of HSDD in postmenopausal women or in men. - VYLEESI is not indicated to enhance sexual performance.","FDA compilation: Approved Use(s)","","","","FDA compilation workbook (2025 Compilation)","FDA_COMPILATION","https://www.fda.gov/drugs/drug-approvals-and-databases/compilation-cder-new-molecular-entity-nme-drug-and-new-biologic-approvals","","AMAG Pharmaceuticals","Subcutaneous"
"2019","2019-07-03","Xpovio","selinexor","NDA212306","NDA novel drug","NDA novel drug","NME/NDA","TRUE","Karyopharm Therapeutics","Oral","Tablet","Priority","Yes","No","Yes","Yes","","XPOVIO is indicated in combination with dexamethasone for the treatment of adult patients with relapsed or refractory multiple myeloma (RRMM) who have received at least four prior therapies and whose disease is refractory to at least two proteasome inhibitors, at least two immunomodulatory agents, and an anti-CD38 monoclonal antibody. This indication is approved under accelerated approval based on response rate. Continued approval for this indication may be contingent upon verification and description of clinical benefit in a confirmatory trial.","XPOVIO is indicated in combination with dexamethasone for the treatment of adult patients with relapsed or refractory multiple myeloma (RRMM) who have received at least four prior therapies and whose disease is refractory to at least two proteasome inhibitors, at least two immunomodulatory agents, and an anti-CD38 monoclonal antibody. This indication is approved under accelerated approval based on response rate. Continued approval for this indication may be contingent upon verification and description of clinical benefit in a confirmatory trial.","FDA compilation: Approved Use(s)","Nuclear Export Inhibitors [MoA]","Nuclear Export Inhibitor [EPC]","","FDA compilation workbook (2025 Compilation)","FDA_COMPILATION","https://www.fda.gov/drugs/drug-approvals-and-databases/compilation-cder-new-molecular-entity-nme-drug-and-new-biologic-approvals","","Karyopharm Therapeutics","Oral"
"2019","2019-07-16","Recarbrio","imipenem, cilastatin, and relebactam","NDA212819","NDA novel drug","NDA novel drug","NME/NDA","TRUE","Merck","Intravenous","Powder","Priority","No","No","Yes","No","","RECARBRIO is indicated in patients 18 years of age and older who have limited or no alternative treatment options, for the treatment of complicated urinary tract infections (cUTI), including pyelonephritis,caused by the following susceptible gram-negative microorganisms: Enterobacter cloacae, Escherichia coli, Klebsiella aerogenes, Klebsiella pneumoniae, and Pseudomonas aeruginosa. Approval of this indication is based on limited clinical safety and efficacy data for RECARBRIO. RECARBRIO is indicated in patients 18 years of age and older who have limited or no alternative treatment options for the treatment of complicated intra-abdominal infections (cIAI) caused by the following susceptible gram-negative microorganisms: Bacteroides caccae, Bacteroides fragilis, Bacteroides ovatus, Bacteroides stercoris, Bacteroides thetaiotaomicron, Bacteroides uniformis, Bacteroides vulgatus, Citrobacter freundii, Enterobacter cloacae, Escherichia coli, Fusobacterium nucleatum, Klebsiella aerogenes, Klebsiella oxytoca, Klebsiella pneumoniae, Parabacteroides distasonis, and Pseudomonas aeruginosa. Approval of this indication is based on limited clinical safety and efficacy data for RECARBRIO. Usage: To reduce the development of drug-resistant bacteria and maintain the effectiveness of RECARBRIO and other antibacterial drugs, RECARBRIO should be used only to treat or prevent infections that are proven or strongly suspected to be caused by susceptible bacteria. When culture and susceptibility information are available, they should be considered in selecting or modifying antibacterial therapy. In the absence of such data, local epidemiology and susceptibility patterns may contribute to the empiric selection of therapy.","RECARBRIO is indicated in patients 18 years of age and older who have limited or no alternative treatment options, for the treatment of complicated urinary tract infections (cUTI), including pyelonephritis,caused by the following susceptible gram-negative microorganisms: Enterobacter cloacae, Escherichia coli, Klebsiella aerogenes, Klebsiella pneumoniae, and Pseudomonas aeruginosa. Approval of this indication is based on limited clinical safety and efficacy data for RECARBRIO. RECARBRIO is indicated in patients 18 years of age and older who have limited or no alternative treatment options for the treatment of complicated intra-abdominal infections (cIAI) caused by the following susceptible gram-negative microorganisms: Bacteroides caccae, Bacteroides fragilis, Bacteroides ovatus, Bacteroides stercoris, Bacteroides thetaiotaomicron, Bacteroides uniformis, Bacteroides vulgatus, Citrobacter freundii, Enterobacter cloacae, Escherichia coli, Fusobacterium nucleatum, Klebsiella aerogenes, Klebsiella oxytoca, Klebsiella pneumoniae, Parabacteroides distasonis, and Pseudomonas aeruginosa. Approval of this indication is based on limited clinical safety and efficacy data for RECARBRIO. Usage: To reduce the development of drug-resistant bacteria and maintain the effectiveness of RECARBRIO and other antibacterial drugs, RECARBRIO should be used only to treat or prevent infections that are proven or strongly suspected to be caused by susceptible bacteria. When culture and susceptibility information are available, they should be considered in selecting or modifying antibacterial therapy. In the absence of such data, local epidemiology and susceptibility patterns may contribute to the empiric selection of therapy.","FDA compilation: Approved Use(s)","Dipeptidase Inhibitors [MoA]; beta Lactamase Inhibitors [MoA]","Penem Antibacterial [EPC]; Renal Dehydropeptidase Inhibitor [EPC]; beta Lactamase Inhibitor [EPC]","","FDA compilation workbook (2025 Compilation)","FDA_COMPILATION","https://www.fda.gov/drugs/drug-approvals-and-databases/compilation-cder-new-molecular-entity-nme-drug-and-new-biologic-approvals","","Merck Sharp & Dohme","Intravenous"
"2019","2019-07-25","Accrufer","ferric maltol","NDA212320","NDA novel drug","NDA novel drug","NME/NDA","TRUE","Sheild Therapeutics","Oral","Capsule","Standard","No","No","No","No","","ACCRUFER is indicated for the treatment of iron deficiency in adults.","ACCRUFER is indicated for the treatment of iron deficiency in adults.","FDA compilation: Approved Use(s)","","","","FDA compilation workbook (2025 Compilation)","FDA_COMPILATION","https://www.fda.gov/drugs/drug-approvals-and-databases/compilation-cder-new-molecular-entity-nme-drug-and-new-biologic-approvals","","Sheild Therapeutics","Oral"
"2019","2019-07-30","Nubeqa","darolutamide","NDA212099","NDA novel drug","NDA novel drug","NME/NDA","TRUE","Bayer HealthCare Pharmaceuticals","Oral","Tablet","Priority","No","No","Yes","No","","NUBEQA is indicated for the treatment of patients with non-metastatic castration resistant prostate cancer (nmCRPC).","NUBEQA is indicated for the treatment of patients with non-metastatic castration resistant prostate cancer (nmCRPC).","FDA compilation: Approved Use(s)","","","","FDA compilation workbook (2025 Compilation)","FDA_COMPILATION","https://www.fda.gov/drugs/drug-approvals-and-databases/compilation-cder-new-molecular-entity-nme-drug-and-new-biologic-approvals","","Bayer HealthCare Pharmaceuticals","Oral"
"2019","2019-08-02","Turalio","pexidartinib","NDA211810","NDA novel drug","NDA novel drug","NME/NDA","TRUE","Daiichi Sankyo","Oral","Capsule","Priority","No","Yes","No","Yes","","TURALIO is indicated for the treatment of adult patients with symptomatic tenosynovial giant cell tumor (TGCT) associated with severe morbidity or functional limitations and not amenable to improvement with surgery.","TURALIO is indicated for the treatment of adult patients with symptomatic tenosynovial giant cell tumor (TGCT) associated with severe morbidity or functional limitations and not amenable to improvement with surgery.","FDA compilation: Approved Use(s)","","","","FDA compilation workbook (2025 Compilation)","FDA_COMPILATION","https://www.fda.gov/drugs/drug-approvals-and-databases/compilation-cder-new-molecular-entity-nme-drug-and-new-biologic-approvals","","Daiichi Sankyo","Oral"
"2019","2019-08-14","Wakix","pitolisant","NDA211150","NDA novel drug","NDA novel drug","NME/NDA","TRUE","Bioprojet Pharma","Oral","Tablet","Priority","No","No","Yes","Yes","","WAKIX is indicated for the treatment of excessive daytime sleepiness (EDS) in adult patients with narcolepsy.","WAKIX is indicated for the treatment of excessive daytime sleepiness (EDS) in adult patients with narcolepsy.","FDA compilation: Approved Use(s)","","","","FDA compilation workbook (2025 Compilation)","FDA_COMPILATION","https://www.fda.gov/drugs/drug-approvals-and-databases/compilation-cder-new-molecular-entity-nme-drug-and-new-biologic-approvals","","Bioprojet Pharma","Oral"
"2019","2019-08-14","[drug marketed without a proprietary name]","pretomanid","NDA212862","NDA novel drug","NDA novel drug","NME/NDA","TRUE","Global Alliance for TB Drug Development","Oral","Tablet","Priority","No","No","Yes","Yes","","Limited Population: Pretomanid Tablet is indicated, as part of a combination regimen with bedaquiline and linezolid for the treatment of adults with pulmonary extensively drug resistant (XDR) or treatment-intolerant or nonresponsive multidrug-resistant (MDR) tuberculosis (TB). Approval of this indication is based on limited clinical safety and efficacy data. This drug is indicated for use in a limited and specific population of patients. Limitations of Use: - Pretomanid Tablets are not indicated in patients with the following conditions: -- Drug-sensitive (DS) tuberculosis -- Latent infection due to Mycobacterium tuberculosis. -- Extra-pulmonary infection due to Mycobacterium tuberculosis. -- MDR-TB that is not treatment-intolerant or nonresponsive to standard therapy. - Safety and effectiveness of Pretomanid Tablets have not been established for its use in combination with drugs other than bedaquiline and linezolid as part of the recommended dosing regimen.","Limited Population: Pretomanid Tablet is indicated, as part of a combination regimen with bedaquiline and linezolid for the treatment of adults with pulmonary extensively drug resistant (XDR) or treatment-intolerant or nonresponsive multidrug-resistant (MDR) tuberculosis (TB). Approval of this indication is based on limited clinical safety and efficacy data. This drug is indicated for use in a limited and specific population of patients. Limitations of Use: - Pretomanid Tablets are not indicated in patients with the following conditions: -- Drug-sensitive (DS) tuberculosis -- Latent infection due to Mycobacterium tuberculosis. -- Extra-pulmonary infection due to Mycobacterium tuberculosis. -- MDR-TB that is not treatment-intolerant or nonresponsive to standard therapy. - Safety and effectiveness of Pretomanid Tablets have not been established for its use in combination with drugs other than bedaquiline and linezolid as part of the recommended dosing regimen.","FDA compilation: Approved Use(s)","Organic Anion Transporter 3 Inhibitors [MoA]","Antimycobacterial [EPC]","","FDA compilation workbook (2025 Compilation)","FDA_COMPILATION","https://www.fda.gov/drugs/drug-approvals-and-databases/compilation-cder-new-molecular-entity-nme-drug-and-new-biologic-approvals","","Global Alliance for TB Drug Development","Oral"
"2019","2019-08-15","Rozlytrek","entrectinib","NDA212725","NDA novel drug","NDA novel drug","NME/NDA","TRUE","Genentech","Oral","Capsule","Priority","Yes (indication [B] only)","Yes (indication [B] only)","No","Yes","","[A] ROZLYTREK is indicated for the treatment of adult patients with metastatic non-small cell lung cancer (NSCLC) whose tumors are ROS1-positive. [B] ROZLYTREK is indicated for the treatment of adult and pediatric patients 12 years of age and older with solid tumors that: - have a neurotrophic tyrosine receptor kinase (NTRK) gene fusion without a known acquired resistance mutation, - are metastatic or where surgical resection is likely to result in severe morbidity, and - have either progressed following treatment or have no satisfactory alternative therapy. This indication is approved under accelerated approval based on tumor response rate and durability of response. Continued approval for this indication may be contingent upon verification and description of clinical benefit in the confirmatory trials.","[A] ROZLYTREK is indicated for the treatment of adult patients with metastatic non-small cell lung cancer (NSCLC) whose tumors are ROS1-positive. [B] ROZLYTREK is indicated for the treatment of adult and pediatric patients 12 years of age and older with solid tumors that: - have a neurotrophic tyrosine receptor kinase (NTRK) gene fusion without a known acquired resistance mutation, - are metastatic or where surgical resection is likely to result in severe morbidity, and - have either progressed following treatment or have no satisfactory alternative therapy. This indication is approved under accelerated approval based on tumor response rate and durability of response. Continued approval for this indication may be contingent upon verification and description of clinical benefit in the confirmatory trials.","FDA compilation: Approved Use(s)","","","","FDA compilation workbook (2025 Compilation)","FDA_COMPILATION","https://www.fda.gov/drugs/drug-approvals-and-databases/compilation-cder-new-molecular-entity-nme-drug-and-new-biologic-approvals","","Genentech","Oral"
"2019","2019-08-16","Inrebic","fedratinib","NDA212327","NDA novel drug","NDA novel drug","NME/NDA","TRUE","Celgene","Oral","Capsule","Priority","No","No","No","Yes","","INREBIC is indicated for the treatment of adult patients with intermediate-2 or high-risk primary or secondary (post-polycythemia vera or post-essential thrombocythemia) myelofibrosis (MF).","INREBIC is indicated for the treatment of adult patients with intermediate-2 or high-risk primary or secondary (post-polycythemia vera or post-essential thrombocythemia) myelofibrosis (MF).","FDA compilation: Approved Use(s)","","","","FDA compilation workbook (2025 Compilation)","FDA_COMPILATION","https://www.fda.gov/drugs/drug-approvals-and-databases/compilation-cder-new-molecular-entity-nme-drug-and-new-biologic-approvals","","Celgene","Oral"
"2019","2019-08-16","Rinvoq","upadacitinib","NDA211675","NDA novel drug","NDA novel drug","NME/NDA","TRUE","AbbVie","Oral","Tablet, Extended Release","Priority (used priority review voucher)","No","No","No","No","","RINVOQ (upadacitinib) is indicated for the treatment of adults with moderately to severely active rheumatoid arthritis who have had an inadequate response or intolerance to methotrexate._x000D_ Limitation of Use: Use of RINVOQ in combination with other JAK inhibitors, biologic DMARDs, or with potent immunosuppressants such as azathioprine and cyclosporine, is not recommended.","RINVOQ (upadacitinib) is indicated for the treatment of adults with moderately to severely active rheumatoid arthritis who have had an inadequate response or intolerance to methotrexate._x000D_ Limitation of Use: Use of RINVOQ in combination with other JAK inhibitors, biologic DMARDs, or with potent immunosuppressants such as azathioprine and cyclosporine, is not recommended.","FDA compilation: Approved Use(s)","Janus Kinase Inhibitors [MoA]","Janus Kinase Inhibitor [EPC]","","FDA compilation workbook (2025 Compilation)","FDA_COMPILATION","https://www.fda.gov/drugs/drug-approvals-and-databases/compilation-cder-new-molecular-entity-nme-drug-and-new-biologic-approvals","","Abbvie","Oral"
"2019","2019-08-19","Xenleta","lefamulin","NDA211672","NDA novel drug","NDA novel drug","NME/NDA","TRUE","Nabriva Therapeutics","Oral","Tablet","Priority","No","No","Yes","No","","XENLETA is indicated for the treatment of adults with community-acquired bacterial pneumonia (CABP) caused by the following susceptible microorganisms: Streptococcus pneumoniae, Staphylococcus aureus (methicillin-susceptible isolates), Haemophilus influenzae, Legionella pneumophila, Mycoplasma pneumoniae, and Chlamydophila pneumoniae. Usage: To reduce the development of drug-resistant bacteria and maintain the effectiveness of XENLETA and other antibacterial drugs, XENLETA should be used only to treat or prevent infections that are proven or strongly suspected to be caused by susceptible bacteria. When culture and susceptibility information are available, they should be considered in selecting or modifying antibacterial therapy. In the absence of such data, local epidemiology and susceptibility patterns may contribute to the empiric selection of therapy.","XENLETA is indicated for the treatment of adults with community-acquired bacterial pneumonia (CABP) caused by the following susceptible microorganisms: Streptococcus pneumoniae, Staphylococcus aureus (methicillin-susceptible isolates), Haemophilus influenzae, Legionella pneumophila, Mycoplasma pneumoniae, and Chlamydophila pneumoniae. Usage: To reduce the development of drug-resistant bacteria and maintain the effectiveness of XENLETA and other antibacterial drugs, XENLETA should be used only to treat or prevent infections that are proven or strongly suspected to be caused by susceptible bacteria. When culture and susceptibility information are available, they should be considered in selecting or modifying antibacterial therapy. In the absence of such data, local epidemiology and susceptibility patterns may contribute to the empiric selection of therapy.","FDA compilation: Approved Use(s)","Acidifying Activity [MoA]; Calcium Chelating Activity [MoA]","Anti-coagulant [EPC]; Calculi Dissolution Agent [EPC]","","FDA compilation workbook (2025 Compilation)","FDA_COMPILATION","https://www.fda.gov/drugs/drug-approvals-and-databases/compilation-cder-new-molecular-entity-nme-drug-and-new-biologic-approvals","","Nabriva Therapeutics","Oral"
"2019","2019-08-21","[drug marketed without a proprietary name]","Ga 68 DOTATOC","NDA210828","NDA novel drug","NDA novel drug","NME/NDA","TRUE","University of Iowa Health Care","Intravenous","Solution","Standard","No","No","No","Yes","","Ga 68 DOTATOC Injection is indicated for use with positron emission tomography (PET) for the localization of somatostatin receptor positive neuroendocrine tumors (NETs) in adult and pediatric patients.","Ga 68 DOTATOC Injection is indicated for use with positron emission tomography (PET) for the localization of somatostatin receptor positive neuroendocrine tumors (NETs) in adult and pediatric patients.","FDA compilation: Approved Use(s)","","","","FDA compilation workbook (2025 Compilation)","FDA_COMPILATION","https://www.fda.gov/drugs/drug-approvals-and-databases/compilation-cder-new-molecular-entity-nme-drug-and-new-biologic-approvals","","University of Iowa Health Care","Intravenous"
"2019","2019-08-27","Nourianz","istradefylline","NDA22075","NDA novel drug","NDA novel drug","NME/NDA","TRUE","Kyowa Kirin","Oral","Tablet","Standard","No","No","No","No","","NOURIANZ is indicated as adjunctive treatment to levodopa/carbidopa in adult patients with Parkinson’s disease (PD) experiencing “off” episodes.","NOURIANZ is indicated as adjunctive treatment to levodopa/carbidopa in adult patients with Parkinson’s disease (PD) experiencing “off” episodes.","FDA compilation: Approved Use(s)","","","","FDA compilation workbook (2025 Compilation)","FDA_COMPILATION","https://www.fda.gov/drugs/drug-approvals-and-databases/compilation-cder-new-molecular-entity-nme-drug-and-new-biologic-approvals","","Kyowa Kirin","Oral"
"2019","2019-09-12","Ibsrela","tenapanor","NDA211801","NDA novel drug","NDA novel drug","NME/NDA","TRUE","Ardelyx","Oral","Tablet","Standard","No","No","No","No","","IBSRELA is indicated for treatment of irritable bowel syndrome with constipation (IBS-C) in adults.","IBSRELA is indicated for treatment of irritable bowel syndrome with constipation (IBS-C) in adults.","FDA compilation: Approved Use(s)","","","","FDA compilation workbook (2025 Compilation)","FDA_COMPILATION","https://www.fda.gov/drugs/drug-approvals-and-databases/compilation-cder-new-molecular-entity-nme-drug-and-new-biologic-approvals","","Ardelyx","Oral"
"2019","2019-10-04","Aklief","trifarotene","NDA211527","NDA novel drug","NDA novel drug","NME/NDA","TRUE","Galderma Research and Development","Topical","Cream","Standard","No","No","No","No","","AKLIEF Cream is a retinoid indicated for the topical treatment of acne vulgaris in patients 9 years of age and older.","AKLIEF Cream is a retinoid indicated for the topical treatment of acne vulgaris in patients 9 years of age and older.","FDA compilation: Approved Use(s)","","Retinoid [EPC]","","FDA compilation workbook (2025 Compilation)","FDA_COMPILATION","https://www.fda.gov/drugs/drug-approvals-and-databases/compilation-cder-new-molecular-entity-nme-drug-and-new-biologic-approvals","","Galderma Research and Development","Topical"
"2019","2019-10-07","Beovu","brolucizumab-dbll","BLA761125","BLA novel biologic","BLA novel biologic","Biologic (BLA)","","Novartis Pharmaceuticals","Injection","Injectable","Priority (used priority review voucher)","No","No","No","No","","BEOVU is indicated for the treatment of Neovascular (Wet) Age-related Macular Degeneration (AMD).","BEOVU is indicated for the treatment of Neovascular (Wet) Age-related Macular Degeneration (AMD).","FDA compilation: Approved Use(s)","","","","FDA compilation workbook (2025 Compilation)","FDA_COMPILATION","https://www.fda.gov/drugs/drug-approvals-and-databases/compilation-cder-new-molecular-entity-nme-drug-and-new-biologic-approvals","","Novartis Pharmaceuticals","Injection"
"2019","2019-10-08","Scenesse","afamelanotide","NDA210797","NDA novel drug","NDA novel drug","NME/NDA","TRUE","Clinuvel","Subcutaneous","Implant","Priority","No","No","Yes","Yes","","SCENESSE is indicated to increase pain free light exposure in adult patients with a history of phototoxic reactions from erythropoietic protoporphyria (EPP).","SCENESSE is indicated to increase pain free light exposure in adult patients with a history of phototoxic reactions from erythropoietic protoporphyria (EPP).","FDA compilation: Approved Use(s)","","","","FDA compilation workbook (2025 Compilation)","FDA_COMPILATION","https://www.fda.gov/drugs/drug-approvals-and-databases/compilation-cder-new-molecular-entity-nme-drug-and-new-biologic-approvals","","Clinuvel","Subcutaneous"
"2019","2019-10-10","[drug marketed without a proprietary name]","fluorodopa F 18","NDA200655","NDA novel drug","NDA novel drug","NME/NDA","TRUE","Feinstein Institute","Intravenous","Solution","Standard","No","No","No","No","","Fluorodopa F 18 Injection is indicated for use in positron emission tomography (PET) to visualize dopaminergic nerve terminals in the striatum for the evaluation of adult patients with suspected Parkinsonian syndromes (PS). Fluorodopa F 18 PET is an adjunct to other diagnostic evaluations.","Fluorodopa F 18 Injection is indicated for use in positron emission tomography (PET) to visualize dopaminergic nerve terminals in the striatum for the evaluation of adult patients with suspected Parkinsonian syndromes (PS). Fluorodopa F 18 PET is an adjunct to other diagnostic evaluations.","FDA compilation: Approved Use(s)","","","","FDA compilation workbook (2025 Compilation)","FDA_COMPILATION","https://www.fda.gov/drugs/drug-approvals-and-databases/compilation-cder-new-molecular-entity-nme-drug-and-new-biologic-approvals","","Feinstein Institute","Intravenous"
"2019","2019-10-11","Reyvow","lasmiditan","NDA211280","NDA novel drug","NDA novel drug","NME/NDA","TRUE","Eli Lilly","Oral","Tablet","Standard","No","No","No","No","","REYVOW is indicated for the acute treatment of migraine with or without aura in adults. Limitations of Use: REYVOW is not indicated for the preventive treatment of migraine.","REYVOW is indicated for the acute treatment of migraine with or without aura in adults. Limitations of Use: REYVOW is not indicated for the preventive treatment of migraine.","FDA compilation: Approved Use(s)","","","","FDA compilation workbook (2025 Compilation)","FDA_COMPILATION","https://www.fda.gov/drugs/drug-approvals-and-databases/compilation-cder-new-molecular-entity-nme-drug-and-new-biologic-approvals","","Eli Lilly","Oral"
"2019","2019-10-21","Trikafta","elexacaftor, ivacaftor, tezacaftor; ivacaftor (co-packaged)","NDA212273","NDA novel drug","NDA novel drug","NME/NDA","TRUE","Vertex Pharmaceuticals","Oral","Tablet, Tablet","Priority","No","Yes","Yes","Yes","","TRIKAFTA is indicated for the treatment of cystic fibrosis (CF) in patients aged 12 years and older who have at least one F508del mutation in the cystic fibrosis transmembrane conductance regulator (CFTR) gene. If the patient’s genotype is unknown, an FDA-cleared CF mutation test should be used to confirm the presence of at least one F508del mutation.","TRIKAFTA is indicated for the treatment of cystic fibrosis (CF) in patients aged 12 years and older who have at least one F508del mutation in the cystic fibrosis transmembrane conductance regulator (CFTR) gene. If the patient’s genotype is unknown, an FDA-cleared CF mutation test should be used to confirm the presence of at least one F508del mutation.","FDA compilation: Approved Use(s)","","","","FDA compilation workbook (2025 Compilation)","FDA_COMPILATION","https://www.fda.gov/drugs/drug-approvals-and-databases/compilation-cder-new-molecular-entity-nme-drug-and-new-biologic-approvals","","Vertex Pharmaceuticals","Oral"
"2019","2019-11-07","ExEm Foam","air polymer-type A","NDA212279","NDA novel drug","NDA novel drug","NME/NDA","TRUE","Giskit","Intrauterine","Foam","Standard","No","No","No","No","","ExEm Foam is indicated for sonohysterosalpingography to assess fallopian tube patency in women with known or suspected infertility.","ExEm Foam is indicated for sonohysterosalpingography to assess fallopian tube patency in women with known or suspected infertility.","FDA compilation: Approved Use(s)","","","","FDA compilation workbook (2025 Compilation)","FDA_COMPILATION","https://www.fda.gov/drugs/drug-approvals-and-databases/compilation-cder-new-molecular-entity-nme-drug-and-new-biologic-approvals","","Giskit B.V.","Intrauterine"
"2019","2019-11-08","Reblozyl","luspatercept-aamt","BLA761136","BLA novel biologic","BLA novel biologic","Biologic (BLA)","","Celgene","Injection","Injectable","Priority","No","No","Yes","Yes","","REBLOZYL is indicated for the treatment of anemia in adult patients with beta thalassemia who require regular red blood cell (RBC) transfusions. Limitations of Use: REBLOZYL is not indicated for use as a substitute for RBC transfusions in patients who require immediate correction of anemia.","REBLOZYL is indicated for the treatment of anemia in adult patients with beta thalassemia who require regular red blood cell (RBC) transfusions. Limitations of Use: REBLOZYL is not indicated for use as a substitute for RBC transfusions in patients who require immediate correction of anemia.","FDA compilation: Approved Use(s)","","Erythroid Maturation Agent [EPC]","","FDA compilation workbook (2025 Compilation)","FDA_COMPILATION","https://www.fda.gov/drugs/drug-approvals-and-databases/compilation-cder-new-molecular-entity-nme-drug-and-new-biologic-approvals","","Celgene","Injection"
"2019","2019-11-14","Brukinsa","zanubrutinib","NDA213217","NDA novel drug","NDA novel drug","NME/NDA","TRUE","BeiGene USA","Oral","Capsule","Priority","Yes","Yes","No","Yes","","BRUKINSA is indicated for the treatment of adult patients with mantle cell lymphoma (MCL) who have received at least one prior therapy. This indication is approved under accelerated approval based on overall response rate. Continued approval for this indication may be contingent upon verification and description of clinical benefit in a confirmatory trial.","BRUKINSA is indicated for the treatment of adult patients with mantle cell lymphoma (MCL) who have received at least one prior therapy. This indication is approved under accelerated approval based on overall response rate. Continued approval for this indication may be contingent upon verification and description of clinical benefit in a confirmatory trial.","FDA compilation: Approved Use(s)","","","","FDA compilation workbook (2025 Compilation)","FDA_COMPILATION","https://www.fda.gov/drugs/drug-approvals-and-databases/compilation-cder-new-molecular-entity-nme-drug-and-new-biologic-approvals","","BeiGene USA","Oral"
"2019","2019-11-14","Fetroja","cefiderocol","NDA209445","NDA novel drug","NDA novel drug","NME/NDA","TRUE","Shionogi","Intravenous","Powder","Priority","No","No","Yes","No","","FETROJA is indicated in patients 18 years of age or older who have limited or no alternative treatment options for the treatment of complicated urinary tract infections (cUTIs), including pyelonephritis caused by the following susceptible Gram-negative microorganisms: Escherichia coli, Klebsiella pneumoniae, Proteus mirabilis, Pseudomonas aeruginosa, and Enterobacter cloacae complex. Approval of this indication is based on limited clinical safety and efficacy data for FETROJA. Usage: To reduce the development of drug-resistant bacteria and maintain the effectiveness of FETROJA and other antibacterial drugs, FETROJA should be used only to treat or prevent infections that are proven or strongly suspected to be caused by susceptible bacteria. When culture and susceptibility information are available, they should be considered in selecting or modifying antibacterial therapy. In the absence of such data, local epidemiology and susceptibility patterns may contribute to the empiric selection of therapy.","FETROJA is indicated in patients 18 years of age or older who have limited or no alternative treatment options for the treatment of complicated urinary tract infections (cUTIs), including pyelonephritis caused by the following susceptible Gram-negative microorganisms: Escherichia coli, Klebsiella pneumoniae, Proteus mirabilis, Pseudomonas aeruginosa, and Enterobacter cloacae complex. Approval of this indication is based on limited clinical safety and efficacy data for FETROJA. Usage: To reduce the development of drug-resistant bacteria and maintain the effectiveness of FETROJA and other antibacterial drugs, FETROJA should be used only to treat or prevent infections that are proven or strongly suspected to be caused by susceptible bacteria. When culture and susceptibility information are available, they should be considered in selecting or modifying antibacterial therapy. In the absence of such data, local epidemiology and susceptibility patterns may contribute to the empiric selection of therapy.","FDA compilation: Approved Use(s)","","","","FDA compilation workbook (2025 Compilation)","FDA_COMPILATION","https://www.fda.gov/drugs/drug-approvals-and-databases/compilation-cder-new-molecular-entity-nme-drug-and-new-biologic-approvals","","Shionogi","Intravenous"
"2019","2019-11-15","Adakveo","crizanlizumab-tmca","BLA761128","BLA novel biologic","BLA novel biologic","Biologic (BLA)","","Novartis Pharmaceuticals","Injection","Injectable","Priority","No","Yes","No","Yes","","ADAKVEO is indicated to reduce the frequency of vasoocclusive crises (VOCs) in adults and pediatric patients aged 16 years and older with sickle cell disease.","ADAKVEO is indicated to reduce the frequency of vasoocclusive crises (VOCs) in adults and pediatric patients aged 16 years and older with sickle cell disease.","FDA compilation: Approved Use(s)","P-Selectin Blockers [MoA]","Selectin Blocker [EPC]","","FDA compilation workbook (2025 Compilation)","FDA_COMPILATION","https://www.fda.gov/drugs/drug-approvals-and-databases/compilation-cder-new-molecular-entity-nme-drug-and-new-biologic-approvals","","Novartis Pharmaceuticals","Injection"
"2019","2019-11-20","Givlaari","givosiran","NDA212194","NDA novel drug","NDA novel drug","NME/NDA","TRUE","Alnylam Pharmaceuticals","Subcutaneous","Solution","Priority","No","Yes","No","Yes","","GIVLAARI is indicated for the treatment of adults with acute hepatic porphyria (AHP).","GIVLAARI is indicated for the treatment of adults with acute hepatic porphyria (AHP).","FDA compilation: Approved Use(s)","","","","FDA compilation workbook (2025 Compilation)","FDA_COMPILATION","https://www.fda.gov/drugs/drug-approvals-and-databases/compilation-cder-new-molecular-entity-nme-drug-and-new-biologic-approvals","","Alnylam Pharmaceuticals","Subcutaneous"
"2019","2019-11-21","Xcopri","cenobamate","NDA212839","NDA novel drug","NDA novel drug","NME/NDA","TRUE","SK Life Science","Oral","Tablet","Standard","No","No","No","No","","XCOPRI is indicated for the treatment of partial-onset seizures in adult patients.","XCOPRI is indicated for the treatment of partial-onset seizures in adult patients.","FDA compilation: Approved Use(s)","Cytochrome P450 2B6 Inducers [MoA]; Cytochrome P450 2B6 Inhibitors [MoA]; Cytochrome P450 2C19 Inhibitors [MoA]; Cytochrome P450 2C8 Inducers [MoA]; Cytochrome P450 3A Inhibitors [MoA]; Cytochrome P450 3A4 Inducers [MoA]; GABA A Receptor Positive Modulators [MoA]; Sodium Channel Antagonists [MoA]","","","FDA compilation workbook (2025 Compilation)","FDA_COMPILATION","https://www.fda.gov/drugs/drug-approvals-and-databases/compilation-cder-new-molecular-entity-nme-drug-and-new-biologic-approvals","","SK Life Science","Oral"
"2019","2019-11-25","Oxbryta","voxelotor","NDA213137","NDA novel drug","NDA novel drug","NME/NDA","TRUE","Global Blood Therapeutics","Oral","Tablet","Priority","Yes","Yes","Yes","Yes","","OXBRYTA is indicated for the treatment of sickle cell disease (SCD) in adults and pediatric patients 12 years of age and older. This indication is approved under accelerated approval based on increase in hemoglobin (Hb). Continued approval for this indication may be contingent upon verification and description of clinical benefit in confirmatory trial(s).","OXBRYTA is indicated for the treatment of sickle cell disease (SCD) in adults and pediatric patients 12 years of age and older. This indication is approved under accelerated approval based on increase in hemoglobin (Hb). Continued approval for this indication may be contingent upon verification and description of clinical benefit in confirmatory trial(s).","FDA compilation: Approved Use(s)","Cytochrome P450 3A4 Inhibitors [MoA]; Hemoglobin S Polymerization Inhibitors [MoA]","Hemoglobin S Polymerization Inhibitor [EPC]","","FDA compilation workbook (2025 Compilation)","FDA_COMPILATION","https://www.fda.gov/drugs/drug-approvals-and-databases/compilation-cder-new-molecular-entity-nme-drug-and-new-biologic-approvals","","Global Blood Therapeutics","Oral"
"2019","2019-12-12","Vyondys 53","golodirsen","NDA211970","NDA novel drug","NDA novel drug","NME/NDA","TRUE","Sarepta Therapeutics","Intravenous","Solution","Priority","Yes","No","Yes","Yes","","VYONDYS 53 is indicated for the treatment of Duchenne muscular dystrophy (DMD) in patients who have a confirmed mutation of the DMD gene that is amenable to exon 53 skipping. This indication is approved under accelerated approval based on an increase in dystrophin production in skeletal muscle observed in patients treated with VYONDYS 53. Continued approval for this indication may be contingent upon verification of a clinical benefit in confirmatory trials.","VYONDYS 53 is indicated for the treatment of Duchenne muscular dystrophy (DMD) in patients who have a confirmed mutation of the DMD gene that is amenable to exon 53 skipping. This indication is approved under accelerated approval based on an increase in dystrophin production in skeletal muscle observed in patients treated with VYONDYS 53. Continued approval for this indication may be contingent upon verification of a clinical benefit in confirmatory trials.","FDA compilation: Approved Use(s)","","Antisense Oligonucleotide [EPC]","","FDA compilation workbook (2025 Compilation)","FDA_COMPILATION","https://www.fda.gov/drugs/drug-approvals-and-databases/compilation-cder-new-molecular-entity-nme-drug-and-new-biologic-approvals","","Sarepta Therapeutics","Intravenous"
"2019","2019-12-18","Padcev","enfortumab vedotin-ejfv","BLA761137","BLA novel biologic","BLA novel biologic","Biologic (BLA)","","Astellas Pharma","Intravenous","Powder","Priority","Yes","Yes","No","No","","PADCEV is indicated for the treatment of adult patients with locally advanced or metastatic urothelial cancer (mUC) who have previously received a programmed death receptor-1 (PD-1) or programmed death-ligand 1 (PD-L1) inhibitor, and a platinum-containing chemotherapy in the neoadjuvant/adjuvant, locally advanced or metastatic setting. This indication is approved under accelerated approval based on tumor response rate. Continued approval for this indication may be contingent upon verification and description of clinical benefit in confirmatory trials.","PADCEV is indicated for the treatment of adult patients with locally advanced or metastatic urothelial cancer (mUC) who have previously received a programmed death receptor-1 (PD-1) or programmed death-ligand 1 (PD-L1) inhibitor, and a platinum-containing chemotherapy in the neoadjuvant/adjuvant, locally advanced or metastatic setting. This indication is approved under accelerated approval based on tumor response rate. Continued approval for this indication may be contingent upon verification and description of clinical benefit in confirmatory trials.","FDA compilation: Approved Use(s)","","","","FDA compilation workbook (2025 Compilation)","FDA_COMPILATION","https://www.fda.gov/drugs/drug-approvals-and-databases/compilation-cder-new-molecular-entity-nme-drug-and-new-biologic-approvals","","Astellas Pharma","Intravenous"
"2019","2019-12-20","Caplyta","lumateperone","NDA209500","NDA novel drug","NDA novel drug","NME/NDA","TRUE","Intra-Cellular Therapies","Oral","Capsule","Standard","No","No","Yes","No","","CAPLYTA is indicated for the treatment of schizophrenia in adults.","CAPLYTA is indicated for the treatment of schizophrenia in adults.","FDA compilation: Approved Use(s)","","Atypical Antipsychotic [EPC]","","FDA compilation workbook (2025 Compilation)","FDA_COMPILATION","https://www.fda.gov/drugs/drug-approvals-and-databases/compilation-cder-new-molecular-entity-nme-drug-and-new-biologic-approvals","","Intra-Cellular Therapies","Oral"
"2019","2019-12-20","Dayvigo","lemborexant","NDA212028","NDA novel drug","NDA novel drug","NME/NDA","TRUE","Eisai","Oral","Tablet","Standard","No","No","No","No","","DAYVIGO is indicated for the treatment of adult patients with insomnia, characterized by difficulties with sleep onset and/or sleep maintenance.","DAYVIGO is indicated for the treatment of adult patients with insomnia, characterized by difficulties with sleep onset and/or sleep maintenance.","FDA compilation: Approved Use(s)","Cytochrome P450 2B6 Inducers [MoA]; Orexin Receptor Antagonists [MoA]","Orexin Receptor Antagonist [EPC]","","FDA compilation workbook (2025 Compilation)","FDA_COMPILATION","https://www.fda.gov/drugs/drug-approvals-and-databases/compilation-cder-new-molecular-entity-nme-drug-and-new-biologic-approvals","","Eisai","Oral"
"2019","2019-12-20","Enhertu","fam-trastuzumab deruxtecan-nxki","BLA761139","BLA novel biologic","BLA novel biologic","Biologic (BLA)","","Daiichi Sankyo","Intravenous","Powder","Priority","Yes","Yes","Yes","No","","ENHERTU is indicated for the treatment of adult patients with unresectable or metastatic HER2-positive breast cancer who have received two or more prior anti-HER2-based regimens in the metastatic setting. This indication is approved under accelerated approval based on tumor response rate and duration of response. Continued approval for this indication may be contingent upon verification and description of clinical benefit in a confirmatory trial.","ENHERTU is indicated for the treatment of adult patients with unresectable or metastatic HER2-positive breast cancer who have received two or more prior anti-HER2-based regimens in the metastatic setting. This indication is approved under accelerated approval based on tumor response rate and duration of response. Continued approval for this indication may be contingent upon verification and description of clinical benefit in a confirmatory trial.","FDA compilation: Approved Use(s)","","","","FDA compilation workbook (2025 Compilation)","FDA_COMPILATION","https://www.fda.gov/drugs/drug-approvals-and-databases/compilation-cder-new-molecular-entity-nme-drug-and-new-biologic-approvals","","Daiichi Sankyo","Intravenous"
"2019","2019-12-20","TissueBlue","Brilliant Blue G","NDA209569","NDA novel drug","NDA novel drug","NME/NDA","TRUE","D.O.R.C International","Ophthalmic","Solution","Priority","No","No","No","Yes","","TissueBlue (Brilliant Blue G Ophthalmic Solution) 0.025% is indicated to selectively stain the internal limiting membrane (ILM).","TissueBlue (Brilliant Blue G Ophthalmic Solution) 0.025% is indicated to selectively stain the internal limiting membrane (ILM).","FDA compilation: Approved Use(s)","Dyes [MoA]","Disclosing Agent [EPC]","","FDA compilation workbook (2025 Compilation)","FDA_COMPILATION","https://www.fda.gov/drugs/drug-approvals-and-databases/compilation-cder-new-molecular-entity-nme-drug-and-new-biologic-approvals","","D.O.R.C International b.v","Ophthalmic"
"2019","2019-12-23","Ubrelvy","ubrogepant","NDA211765","NDA novel drug","NDA novel drug","NME/NDA","TRUE","Allergan","Oral","Tablet","Standard","No","No","No","No","","UBRELVY is indicated for the acute treatment of migraine with or without aura in adults. Limitations of Use: UBRELVY is not indicated for the preventive treatment of migraine.","UBRELVY is indicated for the acute treatment of migraine with or without aura in adults. Limitations of Use: UBRELVY is not indicated for the preventive treatment of migraine.","FDA compilation: Approved Use(s)","","","","FDA compilation workbook (2025 Compilation)","FDA_COMPILATION","https://www.fda.gov/drugs/drug-approvals-and-databases/compilation-cder-new-molecular-entity-nme-drug-and-new-biologic-approvals","","Allergan","Oral"
"2020","2020-01-09","Ayvakit","avapritinib","NDA212608","NDA novel drug","NDA novel drug","NME/NDA","TRUE","Blueprint Medicines","Oral","Tablet","Priority","No","Yes","Yes","Yes","","Ayvakit is indicated for the treatment of adults with unresectable or metastatic gastrointestinal stromal tumor (GIST) harboring a platelet-derived growth factor receptor alpha (PDGFRA) exon 18 mutation, including PDGFRA D842V mutations","Ayvakit is indicated for the treatment of adults with unresectable or metastatic gastrointestinal stromal tumor (GIST) harboring a platelet-derived growth factor receptor alpha (PDGFRA) exon 18 mutation, including PDGFRA D842V mutations","FDA compilation: Approved Use(s)","Bile Salt Export Pump Inhibitors [MoA]; Breast Cancer Resistance Protein Inhibitors [MoA]; Cytochrome P450 2C9 Inhibitors [MoA]; Multidrug and Toxin Extrusion Transporter 1 Inhibitors [MoA]; Multidrug and Toxin Extrusion Transporter 2 K Inhibitors [MoA]; P-Glycoprotein Inhibitors [MoA]; Tyrosine Kinase Inhibitors [MoA]","Kinase Inhibitor [EPC]","","FDA compilation workbook (2025 Compilation)","FDA_COMPILATION","https://www.fda.gov/drugs/drug-approvals-and-databases/compilation-cder-new-molecular-entity-nme-drug-and-new-biologic-approvals","","Blueprint Medicines Corporation","Oral"
"2020","2020-01-21","Tepezza","teprotumumab-trbw","BLA761143","BLA novel biologic","BLA novel biologic","Biologic (BLA)","","Horizon Therapeutics Ireland","Injection","Injectable","Priority","No","Yes","Yes","Yes","","Tepezza is indicated for the treatment of thyroid eye disease","Tepezza is indicated for the treatment of thyroid eye disease","FDA compilation: Approved Use(s)","Insulin-like Growth Factor-1 Receptor Inhibitors [MoA]","Insulin-like Growth Factor-1 Receptor Inhibitor [EPC]","","FDA compilation workbook (2025 Compilation)","FDA_COMPILATION","https://www.fda.gov/drugs/drug-approvals-and-databases/compilation-cder-new-molecular-entity-nme-drug-and-new-biologic-approvals","","Horizon Therapeutics Ireland DAC","Injection"
"2020","2020-01-23","Tazverik","tazemetostat","NDA211723","NDA novel drug","NDA novel drug","NME/NDA","TRUE","Epizyme","Oral","Tablet","Priority","Yes","No","No","Yes","","Tazverik is indicated for the treatment of adults and pediatric patients aged 16 years and older with metastatic or locally advanced epithelioid sarcoma not eligible for complete resection","Tazverik is indicated for the treatment of adults and pediatric patients aged 16 years and older with metastatic or locally advanced epithelioid sarcoma not eligible for complete resection","FDA compilation: Approved Use(s)","","","","FDA compilation workbook (2025 Compilation)","FDA_COMPILATION","https://www.fda.gov/drugs/drug-approvals-and-databases/compilation-cder-new-molecular-entity-nme-drug-and-new-biologic-approvals","","Epizyme, Inc.","Oral"
"2020","2020-02-12","Pizensy","lactitol","NDA211281","NDA novel drug","NDA novel drug","NME/NDA","TRUE","Braintree Laboratories","Oral","Powder","Standard","No","No","No","No","","Pizensy is indicated for the treatment of chronic idiopathic constipation (CIC) in adults","Pizensy is indicated for the treatment of chronic idiopathic constipation (CIC) in adults","FDA compilation: Approved Use(s)","","","","FDA compilation workbook (2025 Compilation)","FDA_COMPILATION","https://www.fda.gov/drugs/drug-approvals-and-databases/compilation-cder-new-molecular-entity-nme-drug-and-new-biologic-approvals","","Braintree Laboratories, Inc.","Oral"
"2020","2020-02-21","Nexletol","bempedoic acid","NDA211616","NDA novel drug","NDA novel drug","NME/NDA","TRUE","Esperion Therapeutics","Oral","Tablet","Standard","No","No","No","No","","Nexletol is indicated as an adjunct to diet and maximally tolerated statin therapy for the treatment of adults with heterozygous familial hypercholesterolemia or established atherosclerotic cardiovascular disease who require additional lowering of LDL-C","Nexletol is indicated as an adjunct to diet and maximally tolerated statin therapy for the treatment of adults with heterozygous familial hypercholesterolemia or established atherosclerotic cardiovascular disease who require additional lowering of LDL-C","FDA compilation: Approved Use(s)","Adenosine Triphosphate-Citrate Lyase Inhibitors [MoA]","Adenosine Triphosphate-Citrate Lyase Inhibitor [EPC]","","FDA compilation workbook (2025 Compilation)","FDA_COMPILATION","https://www.fda.gov/drugs/drug-approvals-and-databases/compilation-cder-new-molecular-entity-nme-drug-and-new-biologic-approvals","","Esperion Therapeutics, Inc.","Oral"
"2020","2020-02-21","Vyepti","eptinezumab-jjmr","BLA761119","BLA novel biologic","BLA novel biologic","Biologic (BLA)","","Lundbeck Seattle BioPharmaceuticals","Injection","Injectable","Standard","No","No","No","No","","Vyepti is indicated for the preventive treatment of migraine in adults","Vyepti is indicated for the preventive treatment of migraine in adults","FDA compilation: Approved Use(s)","Calcitonin Gene-related Peptide Antagonists [MoA]","Calcitonin Gene-related Peptide Antagonist [EPC]","","FDA compilation workbook (2025 Compilation)","FDA_COMPILATION","https://www.fda.gov/drugs/drug-approvals-and-databases/compilation-cder-new-molecular-entity-nme-drug-and-new-biologic-approvals","","Lundbeck Seattle BioPharmaceuticals, Inc.","Injection"
"2020","2020-02-26","Barhemsys","amisulpride","NDA209510","NDA novel drug","NDA novel drug","NME/NDA","TRUE","Acacia Pharma","Injection","Injectable","Standard","No","No","No","No","","Barhemsys is indicated for the treatment of PONV in patients who have received antiemetic prophylaxis with an agent of a different class or who have not received prophylaxis . Is indicated for prevention of postoperative nausea and vomiting (PONV), either alone or in combination with an antiemetic of a different class","Barhemsys is indicated for the treatment of PONV in patients who have received antiemetic prophylaxis with an agent of a different class or who have not received prophylaxis . Is indicated for prevention of postoperative nausea and vomiting (PONV), either alone or in combination with an antiemetic of a different class","FDA compilation: Approved Use(s)","Dopamine D2 Antagonists [MoA]","Dopamine-2 Receptor Antagonist [EPC]","","FDA compilation workbook (2025 Compilation)","FDA_COMPILATION","https://www.fda.gov/drugs/drug-approvals-and-databases/compilation-cder-new-molecular-entity-nme-drug-and-new-biologic-approvals","","Acacia Pharma Ltd.","Injection"
"2020","2020-02-27","Nurtec ODT","rimegepant","NDA212728","NDA novel drug","NDA novel drug","NME/NDA","TRUE","Biohaven Pharmaceuticals","Oral","Tablet","Priority (used priority review voucher)","No","No","No","No","","Nurtec ODT is indicated for the acute treatment of migraine with or without aura in adults","Nurtec ODT is indicated for the acute treatment of migraine with or without aura in adults","FDA compilation: Approved Use(s)","","","","FDA compilation workbook (2025 Compilation)","FDA_COMPILATION","https://www.fda.gov/drugs/drug-approvals-and-databases/compilation-cder-new-molecular-entity-nme-drug-and-new-biologic-approvals","","Biohaven Pharmaceuticals","Oral"
"2020","2020-03-02","Sarclisa","isatuximab-irfc","BLA761113","BLA novel biologic","BLA novel biologic","Biologic (BLA)","","Sanofi","Injection","Injectable","Standard","No","No","No","Yes","","Sarclisa is indicated in combination with pomalidomide and dexamethasone, for the treatment of adult patients with multiple myeloma who have received at least two prior therapies including lenalidomide and a proteasome inhibitor","Sarclisa is indicated in combination with pomalidomide and dexamethasone, for the treatment of adult patients with multiple myeloma who have received at least two prior therapies including lenalidomide and a proteasome inhibitor","FDA compilation: Approved Use(s)","CD38-directed Antibody Interactions [MoA]","CD38-directed Cytolytic Antibody [EPC]","","FDA compilation workbook (2025 Compilation)","FDA_COMPILATION","https://www.fda.gov/drugs/drug-approvals-and-databases/compilation-cder-new-molecular-entity-nme-drug-and-new-biologic-approvals","","Sanofi Aventis US LLC","Injection"
"2020","2020-03-06","Isturisa","osilodrostat","NDA212801","NDA novel drug","NDA novel drug","NME/NDA","TRUE","Novartis Pharmaceuticals","Oral","Tablet","Standard","No","No","No","Yes","","Isturisa is indicated for the treatment of adult patients with Cushing's disease for whom pituitary surgery is not an option or has not been curative","Isturisa is indicated for the treatment of adult patients with Cushing's disease for whom pituitary surgery is not an option or has not been curative","FDA compilation: Approved Use(s)","","","","FDA compilation workbook (2025 Compilation)","FDA_COMPILATION","https://www.fda.gov/drugs/drug-approvals-and-databases/compilation-cder-new-molecular-entity-nme-drug-and-new-biologic-approvals","","Novartis Pharmaceuticals Corporation","Oral"
"2020","2020-03-25","Zeposia","ozanimod","NDA209899","NDA novel drug","NDA novel drug","NME/NDA","TRUE","Celgene","Oral","Capsule","Standard","No","No","No","No","","Zeposia is indicated for the treatment of relapsing forms of multiple sclerosis (MS), to include clinically isolated syndrome, relapsing-remitting disease, and active secondary progressive disease, in adults","Zeposia is indicated for the treatment of relapsing forms of multiple sclerosis (MS), to include clinically isolated syndrome, relapsing-remitting disease, and active secondary progressive disease, in adults","FDA compilation: Approved Use(s)","","","","FDA compilation workbook (2025 Compilation)","FDA_COMPILATION","https://www.fda.gov/drugs/drug-approvals-and-databases/compilation-cder-new-molecular-entity-nme-drug-and-new-biologic-approvals","","Celgene Corporation","Oral"
"2020","2020-04-10","Koselugo","selumetinib","NDA213756","NDA novel drug","NDA novel drug","NME/NDA","TRUE","AstraZeneca","Oral","Capsule","Priority","No","Yes","No","Yes","","Koselugo is indicated for the treatment of pediatric patients 2 years of age and older with neurofibromatosis type 1 (NF1) who have symptomatic, inoperable plexiform neurofibromas (PN)","Koselugo is indicated for the treatment of pediatric patients 2 years of age and older with neurofibromatosis type 1 (NF1) who have symptomatic, inoperable plexiform neurofibromas (PN)","FDA compilation: Approved Use(s)","Mitogen-Activated Protein Kinase Kinase 1 Inhibitors [MoA]; Mitogen-Activated Protein Kinase Kinase 2 Inhibitors [MoA]","Kinase Inhibitor [EPC]","","FDA compilation workbook (2025 Compilation)","FDA_COMPILATION","https://www.fda.gov/drugs/drug-approvals-and-databases/compilation-cder-new-molecular-entity-nme-drug-and-new-biologic-approvals","","AstraZeneca Pharmaceuticals LP","Oral"
"2020","2020-04-17","Pemazyre","pemigatinib","NDA213736","NDA novel drug","NDA novel drug","NME/NDA","TRUE","Incyte","Oral","Tablet","Priority","Yes","Yes","No","Yes","","Pemazyre is indicated for the treatment of adults with previously treated, unresectable locally advanced or metastatic cholangiocarcinoma with a fibroblast growth factor receptor 2 (FGFR2) fusion or other rearrangement as detected by an FDA-approved test","Pemazyre is indicated for the treatment of adults with previously treated, unresectable locally advanced or metastatic cholangiocarcinoma with a fibroblast growth factor receptor 2 (FGFR2) fusion or other rearrangement as detected by an FDA-approved test","FDA compilation: Approved Use(s)","Kinase Inhibitors [MoA]; Multidrug and Toxin Extrusion Transporter 1 Inhibitors [MoA]; Organic Cation Transporter 2 Inhibitors [MoA]; P-Glycoprotein Inhibitors [MoA]","Kinase Inhibitor [EPC]","","FDA compilation workbook (2025 Compilation)","FDA_COMPILATION","https://www.fda.gov/drugs/drug-approvals-and-databases/compilation-cder-new-molecular-entity-nme-drug-and-new-biologic-approvals","","Incyte Corporation","Oral"
"2020","2020-04-17","Tukysa","tucatinib","NDA213411","NDA novel drug","NDA novel drug","NME/NDA","TRUE","Seattle Genetics","Oral","Tablet","Priority","No","Yes","Yes","Yes","","Tukysa is indicated in combination with trastuzumab and capecitabine for treatment of adult patients with advanced unresectable or metastatic HER2-positive breast cancer, including patients with brain metastases, who have received one or more prior anti-HER2-based regimens in the metastatic setting","Tukysa is indicated in combination with trastuzumab and capecitabine for treatment of adult patients with advanced unresectable or metastatic HER2-positive breast cancer, including patients with brain metastases, who have received one or more prior anti-HER2-based regimens in the metastatic setting","FDA compilation: Approved Use(s)","Cytochrome P450 2C8 Inhibitors [MoA]; Cytochrome P450 3A Inhibitors [MoA]; P-Glycoprotein Inhibitors [MoA]; Tyrosine Kinase Inhibitors [MoA]","Kinase Inhibitor [EPC]","","FDA compilation workbook (2025 Compilation)","FDA_COMPILATION","https://www.fda.gov/drugs/drug-approvals-and-databases/compilation-cder-new-molecular-entity-nme-drug-and-new-biologic-approvals","","Seattle Genetics, Inc.","Oral"
"2020","2020-04-22","Trodelvy","sacituzumab govitecan-hziy","BLA761115","BLA novel biologic","BLA novel biologic","Biologic (BLA)","","Immunomedics","Intravenous","Powder","Priority","Yes","Yes","Yes","No","","Trodelvy is indicated for the treatment of adult patients with metastatic triple-negative breast cancer (mTNBC) who have received at least two prior therapies for metastatic disease","Trodelvy is indicated for the treatment of adult patients with metastatic triple-negative breast cancer (mTNBC) who have received at least two prior therapies for metastatic disease","FDA compilation: Approved Use(s)","","","","FDA compilation workbook (2025 Compilation)","FDA_COMPILATION","https://www.fda.gov/drugs/drug-approvals-and-databases/compilation-cder-new-molecular-entity-nme-drug-and-new-biologic-approvals","","Immunomedics, Inc","Intravenous"
"2020","2020-04-24","Ongentys","opicapone","NDA212489","NDA novel drug","NDA novel drug","NME/NDA","TRUE","Neurocrine Biosciences","Oral","Capsule","Standard","No","No","No","No","","Ongentys is indicated for the adjunctive treatment to levodopa/carbidopa in patients with Parkinson's disease (PD) experiencing ""off"" episodes","Ongentys is indicated for the adjunctive treatment to levodopa/carbidopa in patients with Parkinson's disease (PD) experiencing ""off"" episodes","FDA compilation: Approved Use(s)","Catechol O-Methyltransferase Inhibitors [MoA]","Catechol-O-Methyltransferase Inhibitor [EPC]","","FDA compilation workbook (2025 Compilation)","FDA_COMPILATION","https://www.fda.gov/drugs/drug-approvals-and-databases/compilation-cder-new-molecular-entity-nme-drug-and-new-biologic-approvals","","Neurocrine Biosciences, Inc.","Oral"
"2020","2020-05-06","Tabrecta","capmatinib","NDA213591","NDA novel drug","NDA novel drug","NME/NDA","TRUE","Novartis Pharmaceuticals","Oral","Tablet","Priority","Yes","Yes","No","Yes","","Tabrecta is indicated for the treatment of adult patients with metastatic non-small cell lung cancer (NSCLC) whose tumors have a mutation that leads to mesenchymal-epithelial transition (MET) exon 14 skipping as detected by an FDA-approved test","Tabrecta is indicated for the treatment of adult patients with metastatic non-small cell lung cancer (NSCLC) whose tumors have a mutation that leads to mesenchymal-epithelial transition (MET) exon 14 skipping as detected by an FDA-approved test","FDA compilation: Approved Use(s)","","","","FDA compilation workbook (2025 Compilation)","FDA_COMPILATION","https://www.fda.gov/drugs/drug-approvals-and-databases/compilation-cder-new-molecular-entity-nme-drug-and-new-biologic-approvals","","Novartis Pharmaceuticals Corporation","Oral"
"2020","2020-05-08","Retevmo","selpercatinib","NDA213246","NDA novel drug","NDA novel drug","NME/NDA","TRUE","Loxo Oncology","Oral","Capsule","Priority","Yes","Yes","No","Yes","","Retevmo is indicated for the treatment of adult and pediatric patients 12 years of age and older with advanced or metastatic RET-mutant medullary thyroid cancer (MTC) who require systemic therapy. Is indicated for the treatment of adult and pediatric patients 12 years of age and older with advanced or metastatic RET fusion-positive thyroid cancer who require systemic therapy and who are radioactive iodine-refractory (if radioactive iodine is appropriate) .Is indicated for the treatment of adult patients with metastatic RET fusion-positive non-small cell lung cancer (NSCLC)","Retevmo is indicated for the treatment of adult and pediatric patients 12 years of age and older with advanced or metastatic RET-mutant medullary thyroid cancer (MTC) who require systemic therapy. Is indicated for the treatment of adult and pediatric patients 12 years of age and older with advanced or metastatic RET fusion-positive thyroid cancer who require systemic therapy and who are radioactive iodine-refractory (if radioactive iodine is appropriate) .Is indicated for the treatment of adult patients with metastatic RET fusion-positive non-small cell lung cancer (NSCLC)","FDA compilation: Approved Use(s)","","","","FDA compilation workbook (2025 Compilation)","FDA_COMPILATION","https://www.fda.gov/drugs/drug-approvals-and-databases/compilation-cder-new-molecular-entity-nme-drug-and-new-biologic-approvals","","Loxo Oncology, Inc.","Oral"
"2020","2020-05-15","Qinlock","ripretinib","NDA213973","NDA novel drug","NDA novel drug","NME/NDA","TRUE","Deciphera Pharmaceuticals","Oral","Tablet","Priority","No","Yes","Yes","Yes","","Qinlock is indicated for the treatment of adult patients with advanced gastrointestinal stromal tumor (GIST) who have received prior treatment with 3 or more kinase inhibitors, including imatinib","Qinlock is indicated for the treatment of adult patients with advanced gastrointestinal stromal tumor (GIST) who have received prior treatment with 3 or more kinase inhibitors, including imatinib","FDA compilation: Approved Use(s)","Breast Cancer Resistance Protein Inhibitors [MoA]; Cytochrome P450 2C8 Inhibitors [MoA]; P-Glycoprotein Inhibitors [MoA]; Platelet-derived Growth Factor alpha Receptor Inhibitors [MoA]; Stem Cell Factor (KIT) Receptor Inhibitors [MoA]","Kinase Inhibitor [EPC]","","FDA compilation workbook (2025 Compilation)","FDA_COMPILATION","https://www.fda.gov/drugs/drug-approvals-and-databases/compilation-cder-new-molecular-entity-nme-drug-and-new-biologic-approvals","","Deciphera Pharmaceuticals, LLC","Oral"
"2020","2020-05-20","Cerianna","fluoroestradiol F 18","NDA212155","NDA novel drug","NDA novel drug","NME/NDA","TRUE","Zionexa-US","Injection","Injectable","Standard","No","No","No","No","","Cerianna is indicated for positron emission tomography (PET) imaging for detection of estrogen receptor (ER)-positive lesions as an adjunct to biopsy in patients with recurrent or metastatic breast cancer","Cerianna is indicated for positron emission tomography (PET) imaging for detection of estrogen receptor (ER)-positive lesions as an adjunct to biopsy in patients with recurrent or metastatic breast cancer","FDA compilation: Approved Use(s)","Positron Emitting Activity [MoA]","Radioactive Diagnostic Agent [EPC]","","FDA compilation workbook (2025 Compilation)","FDA_COMPILATION","https://www.fda.gov/drugs/drug-approvals-and-databases/compilation-cder-new-molecular-entity-nme-drug-and-new-biologic-approvals","","Zionexa-US Corporation","Injection"
"2020","2020-05-26","[drug marketed without a proprietary name]","artesunate","NDA213036","NDA novel drug","NDA novel drug","NME/NDA","TRUE","Amivas","Injection","Injectable","Priority","No","Yes","Yes","Yes","","Artesunate is indicated for the initial treatment of severe malaria in adult and pediatric patients","Artesunate is indicated for the initial treatment of severe malaria in adult and pediatric patients","FDA compilation: Approved Use(s)","","","","FDA compilation workbook (2025 Compilation)","FDA_COMPILATION","https://www.fda.gov/drugs/drug-approvals-and-databases/compilation-cder-new-molecular-entity-nme-drug-and-new-biologic-approvals","","Amivas, LLC","Injection"
"2020","2020-05-28","Tauvid","flortaucipir F 18","NDA212123","NDA novel drug","NDA novel drug","NME/NDA","TRUE","Avid Radiopharmaceuticals","Injection","Injectable","Priority","No","No","No","No","","Tauvid is indicated for positron emission tomography (PET) imaging of the brain to estimate the density and distribution of aggregated tau neurofibrillary tangles (NFTs) in adult patients with cognitive impairment who are being evaluated for Alzheimer’s disease (AD)","Tauvid is indicated for positron emission tomography (PET) imaging of the brain to estimate the density and distribution of aggregated tau neurofibrillary tangles (NFTs) in adult patients with cognitive impairment who are being evaluated for Alzheimer’s disease (AD)","FDA compilation: Approved Use(s)","","","","FDA compilation workbook (2025 Compilation)","FDA_COMPILATION","https://www.fda.gov/drugs/drug-approvals-and-databases/compilation-cder-new-molecular-entity-nme-drug-and-new-biologic-approvals","","Avid Radiopharmaceuticals, Inc.","Injection"
"2020","2020-06-11","Uplizna","inebilizumab-cdon","BLA761142","BLA novel biologic","BLA novel biologic","Biologic (BLA)","","Viela Bio","Injection","Injectable","Standard","No","Yes","No","Yes","","Uplizna is indicated for the treatment of neuromyelitis optica spectrum disorder (NMOSD) in adult patients who are anti-aquaporin-4 (AQP4) antibody positive","Uplizna is indicated for the treatment of neuromyelitis optica spectrum disorder (NMOSD) in adult patients who are anti-aquaporin-4 (AQP4) antibody positive","FDA compilation: Approved Use(s)","CD19-directed Antibody Interactions [MoA]","CD19-directed Cytolytic Antibody [EPC]","","FDA compilation workbook (2025 Compilation)","FDA_COMPILATION","https://www.fda.gov/drugs/drug-approvals-and-databases/compilation-cder-new-molecular-entity-nme-drug-and-new-biologic-approvals","","Viela Bio, Inc.","Injection"
"2020","2020-06-15","Zepzelca","lurbinectedin","NDA213702","NDA novel drug","NDA novel drug","NME/NDA","TRUE","Pharma Mar USA","Injection","Injectable","Priority","Yes","No","No","Yes","","Zepzelca is indicated for the treatment of adult patients with metastatic small cell lung cancer (SCLC) with disease progression on or after prior platinum-based chemotherapy","Zepzelca is indicated for the treatment of adult patients with metastatic small cell lung cancer (SCLC) with disease progression on or after prior platinum-based chemotherapy","FDA compilation: Approved Use(s)","Alkylating Activity [MoA]","Alkylating Drug [EPC]","","FDA compilation workbook (2025 Compilation)","FDA_COMPILATION","https://www.fda.gov/drugs/drug-approvals-and-databases/compilation-cder-new-molecular-entity-nme-drug-and-new-biologic-approvals","","Pharma Mar USA, Inc.","Injection"
"2020","2020-06-30","Dojolvi","triheptanoin","NDA213687","NDA novel drug","NDA novel drug","NME/NDA","TRUE","Ultragenyx Pharmaceutical","Oral","Liquid","Standard","No","No","Yes","Yes","","Dojolvi is indicated for the treatment of pediatric and adult patients with molecularly confirmed long-chain fatty acid oxidation disorders (LC-FAOD)","Dojolvi is indicated for the treatment of pediatric and adult patients with molecularly confirmed long-chain fatty acid oxidation disorders (LC-FAOD)","FDA compilation: Approved Use(s)","","Medium-chain Triglyceride [EPC]","","FDA compilation workbook (2025 Compilation)","FDA_COMPILATION","https://www.fda.gov/drugs/drug-approvals-and-databases/compilation-cder-new-molecular-entity-nme-drug-and-new-biologic-approvals","","Ultragenyx Pharmaceutical Inc.","Oral"
"2020","2020-07-02","Byfavo","remimazolam","NDA212295","NDA novel drug","NDA novel drug","NME/NDA","TRUE","Cosmo Technologies","Injection","Injectable","Standard","No","No","No","No","","Byfavo is indicated for induction and maintenance of procedural sedation in adults undergoing procedures lasting 30 minutes or less","Byfavo is indicated for induction and maintenance of procedural sedation in adults undergoing procedures lasting 30 minutes or less","FDA compilation: Approved Use(s)","","","","FDA compilation workbook (2025 Compilation)","FDA_COMPILATION","https://www.fda.gov/drugs/drug-approvals-and-databases/compilation-cder-new-molecular-entity-nme-drug-and-new-biologic-approvals","","Cosmo Technologies, Ltd.","Injection"
"2020","2020-07-02","Rukobia","fostemsavir","NDA212950","NDA novel drug","NDA novel drug","NME/NDA","TRUE","ViiV Healthcare","Oral","Tablet","Priority","No","Yes","Yes","No","","Rukobia is indicated for the treatment of HIV-1 infection in heavily treatment-experienced adults with multidrug-resistant HIV-1 infection failing their current antiretroviral regimen due to resistance, intolerance, or safety considerations","Rukobia is indicated for the treatment of HIV-1 infection in heavily treatment-experienced adults with multidrug-resistant HIV-1 infection failing their current antiretroviral regimen due to resistance, intolerance, or safety considerations","FDA compilation: Approved Use(s)","","","","FDA compilation workbook (2025 Compilation)","FDA_COMPILATION","https://www.fda.gov/drugs/drug-approvals-and-databases/compilation-cder-new-molecular-entity-nme-drug-and-new-biologic-approvals","","ViiV Healthcare Company","Oral"
"2020","2020-07-07","Inqovi","decitabine and cedazuridine","NDA212576","NDA novel drug","NDA novel drug","NME/NDA","TRUE","Astex Pharmaceuticals","Oral","Tablet","Priority","No","No","No","Yes","","Inqovi is indicated for the treatment of adult patients with myelodysplastic syndromes (MDS), including previously treated and untreated, de novo and secondary MDS with the following French-American-British subtypes (refractory anemia, refractory anemia with ringed sideroblasts, refractory anemia with excess blasts, and chronic myelomonocytic leukemia [CMML]) and intermediate-1, intermediate-2, and high-risk International Prognostic Scoring System groups","Inqovi is indicated for the treatment of adult patients with myelodysplastic syndromes (MDS), including previously treated and untreated, de novo and secondary MDS with the following French-American-British subtypes (refractory anemia, refractory anemia with ringed sideroblasts, refractory anemia with excess blasts, and chronic myelomonocytic leukemia [CMML]) and intermediate-1, intermediate-2, and high-risk International Prognostic Scoring System groups","FDA compilation: Approved Use(s)","Nucleic Acid Synthesis Inhibitors [MoA]","Nucleoside Metabolic Inhibitor [EPC]","","FDA compilation workbook (2025 Compilation)","FDA_COMPILATION","https://www.fda.gov/drugs/drug-approvals-and-databases/compilation-cder-new-molecular-entity-nme-drug-and-new-biologic-approvals","","Astex Pharmaceuticals, Inc.","Oral"
"2020","2020-07-24","Xeglyze","abametapir","NDA206966","NDA novel drug","NDA novel drug","NME/NDA","TRUE","Dr. Reddy’s Laboratories","Topical","Lotion","Standard","No","No","No","No","","Xeglyze is indicated for the treatment of head lice infestation in patients 6 months of age and older","Xeglyze is indicated for the treatment of head lice infestation in patients 6 months of age and older","FDA compilation: Approved Use(s)","","","","FDA compilation workbook (2025 Compilation)","FDA_COMPILATION","https://www.fda.gov/drugs/drug-approvals-and-databases/compilation-cder-new-molecular-entity-nme-drug-and-new-biologic-approvals","","Dr. Reddy’s Laboratories","Topical"
"2020","2020-07-31","Monjuvi","tafasitamab-cxix","BLA761163","BLA novel biologic","BLA novel biologic","Biologic (BLA)","","MorphoSys US","Injection","Injectable","Priority","Yes","Yes","Yes","Yes","","Monjuvi is indicated in combination with lenalidomide for the treatment of adult patients with relapsed or refractory diffuse large B-cell lymphoma (DLBCL) not otherwise specified, including DLBCL arising from low grade lymphoma, and who are not eligible for autologous stem cell transplant (ASCT)","Monjuvi is indicated in combination with lenalidomide for the treatment of adult patients with relapsed or refractory diffuse large B-cell lymphoma (DLBCL) not otherwise specified, including DLBCL arising from low grade lymphoma, and who are not eligible for autologous stem cell transplant (ASCT)","FDA compilation: Approved Use(s)","","","","FDA compilation workbook (2025 Compilation)","FDA_COMPILATION","https://www.fda.gov/drugs/drug-approvals-and-databases/compilation-cder-new-molecular-entity-nme-drug-and-new-biologic-approvals","","MorphoSys US, Inc.","Injection"
"2020","2020-08-05","Blenrep","belantamab mafodotin-blmf","BLA761158","BLA novel biologic","BLA novel biologic","Biologic (BLA)","","GlaxoSmithKline","Injection","Injectable","Priority","Yes","Yes","No","Yes","","Blenrep is indicated for the treatment of adults with relapsed or refractory multiple myeloma who have received at least four prior therapies including an anti-CD38 monoclonal antibody, a proteasome inhibitor, and an immunomodulatory agent","Blenrep is indicated for the treatment of adults with relapsed or refractory multiple myeloma who have received at least four prior therapies including an anti-CD38 monoclonal antibody, a proteasome inhibitor, and an immunomodulatory agent","FDA compilation: Approved Use(s)","","","","FDA compilation workbook (2025 Compilation)","FDA_COMPILATION","https://www.fda.gov/drugs/drug-approvals-and-databases/compilation-cder-new-molecular-entity-nme-drug-and-new-biologic-approvals","","GlaxoSmithKline Intellectual Property Development Ltd. England","Injection"
"2020","2020-08-06","Lampit","nifurtimox","NDA213464","NDA novel drug","NDA novel drug","NME/NDA","TRUE","Bayer HealthCare Pharmaceuticals","Oral","Tablet","Priority","Yes","No","No","Yes","","Lampit is indicated for the treatment of Chagas disease in pediatric patients birth to less than 18 years of age and weighing at least 2.5 kg","Lampit is indicated for the treatment of Chagas disease in pediatric patients birth to less than 18 years of age and weighing at least 2.5 kg","FDA compilation: Approved Use(s)","","","","FDA compilation workbook (2025 Compilation)","FDA_COMPILATION","https://www.fda.gov/drugs/drug-approvals-and-databases/compilation-cder-new-molecular-entity-nme-drug-and-new-biologic-approvals","","Bayer HealthCare Pharmaceuticals, Inc.","Oral"
"2020","2020-08-07","Evrysdi","risdiplam","NDA213535","NDA novel drug","NDA novel drug","NME/NDA","TRUE","Genentech","Oral","Powder","Priority","No","No","Yes","Yes","","Evrysdi is indicated for the treatment of later-onset spinal muscular atrophy (SMA) in patients 2 months of age and older. Is indicated for the treatment of infantile-onset spinal muscular atrophy (SMA) in patients 2 months of age and older","Evrysdi is indicated for the treatment of later-onset spinal muscular atrophy (SMA) in patients 2 months of age and older. Is indicated for the treatment of infantile-onset spinal muscular atrophy (SMA) in patients 2 months of age and older","FDA compilation: Approved Use(s)","Multidrug and Toxin Extrusion Transporter 1 Inhibitors [MoA]; Multidrug and Toxin Extrusion Transporter 2 K Inhibitors [MoA]; Survival of Motor Neuron 2 Splicing Modifiers [MoA]","Survival of Motor Neuron 2 Splicing Modifier [EPC]","","FDA compilation workbook (2025 Compilation)","FDA_COMPILATION","https://www.fda.gov/drugs/drug-approvals-and-databases/compilation-cder-new-molecular-entity-nme-drug-and-new-biologic-approvals","","Genentech, Inc.","Oral"
"2020","2020-08-07","Olinvyk","oliceridine","NDA210730","NDA novel drug","NDA novel drug","NME/NDA","TRUE","Trevena","Injection","Injectable","Standard","No","No","Yes","No","","Olinvyk is indicated for the management of acute pain severe enough to require an intravenous opioid analgesic and for whom alternative treatments are inadequate in adults","Olinvyk is indicated for the management of acute pain severe enough to require an intravenous opioid analgesic and for whom alternative treatments are inadequate in adults","FDA compilation: Approved Use(s)","","","","FDA compilation workbook (2025 Compilation)","FDA_COMPILATION","https://www.fda.gov/drugs/drug-approvals-and-databases/compilation-cder-new-molecular-entity-nme-drug-and-new-biologic-approvals","","Trevena, Inc.","Injection"
"2020","2020-08-12","Viltepso","viltolarsen","NDA212154","NDA novel drug","NDA novel drug","NME/NDA","TRUE","Nippon Shinyaku","Injection","Injectable","Priority","Yes","No","Yes","Yes","","Viltepso is indicated for the treatment of Duchenne muscular dystrophy (DMD) in patients who have a confirmed mutation of the DMD gene that is amenable to exon 53 skipping","Viltepso is indicated for the treatment of Duchenne muscular dystrophy (DMD) in patients who have a confirmed mutation of the DMD gene that is amenable to exon 53 skipping","FDA compilation: Approved Use(s)","","","","FDA compilation workbook (2025 Compilation)","FDA_COMPILATION","https://www.fda.gov/drugs/drug-approvals-and-databases/compilation-cder-new-molecular-entity-nme-drug-and-new-biologic-approvals","","Nippon Shinyaku Co., Ltd.","Injection"
"2020","2020-08-14","Enspryng","satralizumab-mwge","BLA761149","BLA novel biologic","BLA novel biologic","Biologic (BLA)","","Genentech","Injection","Injectable","Standard","No","Yes","Yes","Yes","","Enspryng is indicated for the treatment of neuromyelitis optica spectrum disorder (NMOSD) in adult patients who are anti-aquaporin-4 (AQP4) antibody positive","Enspryng is indicated for the treatment of neuromyelitis optica spectrum disorder (NMOSD) in adult patients who are anti-aquaporin-4 (AQP4) antibody positive","FDA compilation: Approved Use(s)","","","","FDA compilation workbook (2025 Compilation)","FDA_COMPILATION","https://www.fda.gov/drugs/drug-approvals-and-databases/compilation-cder-new-molecular-entity-nme-drug-and-new-biologic-approvals","","Genentech, Inc.","Injection"
"2020","2020-08-26","Winlevi","clascoterone","NDA213433","NDA novel drug","NDA novel drug","NME/NDA","TRUE","Cassiopea","Topical","Cream","Standard","No","No","No","No","","Winlevi is indicated for the topical treatment of acne vulgaris in patients 12 years of age and older","Winlevi is indicated for the topical treatment of acne vulgaris in patients 12 years of age and older","FDA compilation: Approved Use(s)","Androgen Receptor Antagonists [MoA]","Androgen Receptor Inhibitor [EPC]","","FDA compilation workbook (2025 Compilation)","FDA_COMPILATION","https://www.fda.gov/drugs/drug-approvals-and-databases/compilation-cder-new-molecular-entity-nme-drug-and-new-biologic-approvals","","Cassiopea SpA","Topical"
"2020","2020-08-28","Sogroya","somapacitan-beco","BLA761156","BLA novel biologic","BLA novel biologic","Biologic (BLA)","","Novo Nordisk","Injection","Injectable","Standard","No","No","No","No","","Sogroya is indicated for the replacement of endogenous growth hormone in adults with growth hormone deficiency","Sogroya is indicated for the replacement of endogenous growth hormone in adults with growth hormone deficiency","FDA compilation: Approved Use(s)","","","","FDA compilation workbook (2025 Compilation)","FDA_COMPILATION","https://www.fda.gov/drugs/drug-approvals-and-databases/compilation-cder-new-molecular-entity-nme-drug-and-new-biologic-approvals","","Novo Nordisk, Inc.","Injection"
"2020","2020-09-03","Detectnet","copper Cu 64 dotatate","NDA213227","NDA novel drug","NDA novel drug","NME/NDA","TRUE","RadioMedix","Injection","Injectable","Priority","No","No","Yes","Yes","","Detectnet is indicated for positron emission tomography (PET) for localization of somatostatin receptor positive neuroendocrine tumors (NETs) in adults","Detectnet is indicated for positron emission tomography (PET) for localization of somatostatin receptor positive neuroendocrine tumors (NETs) in adults","FDA compilation: Approved Use(s)","Positron Emitting Activity [MoA]","Radioactive Diagnostic Agent [EPC]","","FDA compilation workbook (2025 Compilation)","FDA_COMPILATION","https://www.fda.gov/drugs/drug-approvals-and-databases/compilation-cder-new-molecular-entity-nme-drug-and-new-biologic-approvals","","RadioMedix, Inc.","Injection"
"2020","2020-09-04","Gavreto","pralsetinib","NDA213721","NDA novel drug","NDA novel drug","NME/NDA","TRUE","Blueprint Medicines","Oral","Capsule","Priority","Yes","Yes","No","Yes","","Gavreto is indicated for the treatment of adult patients with metastatic RET fusion-positive non-small cell lung cancer (NSCLC) as detected by an FDA approved test","Gavreto is indicated for the treatment of adult patients with metastatic RET fusion-positive non-small cell lung cancer (NSCLC) as detected by an FDA approved test","FDA compilation: Approved Use(s)","Rearranged during Transfection (RET) Inhibitors [MoA]","Kinase Inhibitor [EPC]","","FDA compilation workbook (2025 Compilation)","FDA_COMPILATION","https://www.fda.gov/drugs/drug-approvals-and-databases/compilation-cder-new-molecular-entity-nme-drug-and-new-biologic-approvals","","Blueprint Medicines Corporation","Oral"
"2020","2020-10-14","Inmazeb","atoltivimab, maftivimab, and odesivimab-ebgn","BLA761169","BLA novel biologic","BLA novel biologic","Biologic (BLA)","","Regeneron Pharmaceuticals","Injection","Injectable","Priority","No","Yes","No","Yes","","Inmazeb is indicated for the treatment of infection caused by Zaire ebolavirus in adult and pediatric patients, including neonates born to a mother who is RT-PCR positive for Zaire ebolavirus infection","Inmazeb is indicated for the treatment of infection caused by Zaire ebolavirus in adult and pediatric patients, including neonates born to a mother who is RT-PCR positive for Zaire ebolavirus infection","FDA compilation: Approved Use(s)","","","","FDA compilation workbook (2025 Compilation)","FDA_COMPILATION","https://www.fda.gov/drugs/drug-approvals-and-databases/compilation-cder-new-molecular-entity-nme-drug-and-new-biologic-approvals","","Regeneron Pharmaceuticals, Inc.","Injection"
"2020","2020-10-22","Veklury","remdesivir","NDA214787","NDA novel drug","NDA novel drug","NME/NDA","TRUE","Gilead Sciences","Injection","Injectable","Priority","No","No","Yes","No","","Veklury is indicated for the treatment of coronavirus disease 2019 (COVID-19) requiring hospitalization in adults and pediatric patients (12 years of age and older and weighing at least 40 kg)","Veklury is indicated for the treatment of coronavirus disease 2019 (COVID-19) requiring hospitalization in adults and pediatric patients (12 years of age and older and weighing at least 40 kg)","FDA compilation: Approved Use(s)","","SARS-CoV-2 Nucleotide Analog RNA Polymerase Inhibitor [EPC]","","FDA compilation workbook (2025 Compilation)","FDA_COMPILATION","https://www.fda.gov/drugs/drug-approvals-and-databases/compilation-cder-new-molecular-entity-nme-drug-and-new-biologic-approvals","","Gilead Sciences, Inc.","Injection"
"2020","2020-11-20","Zokinvy","lonafarnib","NDA213969","NDA novel drug","NDA novel drug","NME/NDA","TRUE","Eiger BioPharmaceuticals","Oral","Capsule","Priority","No","Yes","No","Yes","","Zokinvy is indicated for the treatment of processing-deficient Progeroid Laminopathies with either heterozygous LMNA mutation with progerin-like protein accumulation or homozygous or compound heterozygous ZMPSTE24 mutations in patients 12 months of age and older. Is indicated to reduce the risk of mortality in Hutchinson-Gilford Progeria Syndrome (HGPS)","Zokinvy is indicated for the treatment of processing-deficient Progeroid Laminopathies with either heterozygous LMNA mutation with progerin-like protein accumulation or homozygous or compound heterozygous ZMPSTE24 mutations in patients 12 months of age and older. Is indicated to reduce the risk of mortality in Hutchinson-Gilford Progeria Syndrome (HGPS)","FDA compilation: Approved Use(s)","Breast Cancer Resistance Protein Inhibitors [MoA]; Cytochrome P450 2C19 Inhibitors [MoA]; Cytochrome P450 2C8 Inhibitors [MoA]; Cytochrome P450 3A Inhibitors [MoA]; Farnesyltransferase Inhibitors [MoA]; Organic Anion Transporting Polypeptide 1B1 Inhibitors [MoA]; Organic Anion Transporting Polypeptide 1B3 Inhibitors [MoA]; P-Glycoprotein Inhibitors [MoA]","Farnesyltransferase Inhibitor [EPC]","","FDA compilation workbook (2025 Compilation)","FDA_COMPILATION","https://www.fda.gov/drugs/drug-approvals-and-databases/compilation-cder-new-molecular-entity-nme-drug-and-new-biologic-approvals","","Eiger BioPharmaceuticals, Inc.","Oral"
"2020","2020-11-23","Oxlumo","lumasiran","NDA214103","NDA novel drug","NDA novel drug","NME/NDA","TRUE","Alnylam Pharmaceuticals","Injection","Injectable","Priority","No","Yes","No","Yes","","Oxlumo is indicated for the treatment of primary hyperoxaluria type 1 (PH1) to lower urinary oxalate levels in pediatric and adult patients","Oxlumo is indicated for the treatment of primary hyperoxaluria type 1 (PH1) to lower urinary oxalate levels in pediatric and adult patients","FDA compilation: Approved Use(s)","","","","FDA compilation workbook (2025 Compilation)","FDA_COMPILATION","https://www.fda.gov/drugs/drug-approvals-and-databases/compilation-cder-new-molecular-entity-nme-drug-and-new-biologic-approvals","","Alnylam Pharmaceuticals, Inc.","Injection"
"2020","2020-11-25","Danyelza","naxitamab-gqgk","BLA761171","BLA novel biologic","BLA novel biologic","Biologic (BLA)","","Y-mAbs Therapeutics","Injection","Injectable","Priority","Yes","Yes","No","Yes","","Danyelza is indicated in combination with granulocyte-macrophage colony-stimulating factor (GM-CSF), for the treatment of pediatric patients 1 year of age and older and adult patients with relapsed or refractory high-risk neuroblastoma in the bone or bone marrow who have demonstrated a partial response, minor response, or stable disease to prior therapy","Danyelza is indicated in combination with granulocyte-macrophage colony-stimulating factor (GM-CSF), for the treatment of pediatric patients 1 year of age and older and adult patients with relapsed or refractory high-risk neuroblastoma in the bone or bone marrow who have demonstrated a partial response, minor response, or stable disease to prior therapy","FDA compilation: Approved Use(s)","Glycolipid Disialoganglioside-directed Antibody Interactions [MoA]","Glycolipid Disialoganglioside-directed Antibody [EPC]","","FDA compilation workbook (2025 Compilation)","FDA_COMPILATION","https://www.fda.gov/drugs/drug-approvals-and-databases/compilation-cder-new-molecular-entity-nme-drug-and-new-biologic-approvals","","Y-mAbs Therapeutics, Inc.","Injection"
"2020","2020-11-25","Imcivree","setmelanotide","NDA213793","NDA novel drug","NDA novel drug","NME/NDA","TRUE","Rhythm Pharmaceuticals","Injection","Injectable","Priority","No","Yes","No","Yes","","Imcivree is indicated for chronic weight management in adult and pediatric patients 6 years of age and older with obesity due to proopiomelanocortin (POMC) or proprotein convertase subtilisin/kexin type 1 (PCSK1) deficiency confirmed by genetic testing demonstrating variants in POMC or PCSK1 genes that are interpreted as pathogenic, likely pathogenic, or of uncertain significance (VUS). Is indicated for chronic weight management in adult and pediatric patients 6 years of age and older with obesity due to leptin receptor (LEPR) deficiency confirmed by genetic testing demonstrating variants in LEPR genes that are interpreted as pathogenic, likely pathogenic, or of uncertain significance (VUS)","Imcivree is indicated for chronic weight management in adult and pediatric patients 6 years of age and older with obesity due to proopiomelanocortin (POMC) or proprotein convertase subtilisin/kexin type 1 (PCSK1) deficiency confirmed by genetic testing demonstrating variants in POMC or PCSK1 genes that are interpreted as pathogenic, likely pathogenic, or of uncertain significance (VUS). Is indicated for chronic weight management in adult and pediatric patients 6 years of age and older with obesity due to leptin receptor (LEPR) deficiency confirmed by genetic testing demonstrating variants in LEPR genes that are interpreted as pathogenic, likely pathogenic, or of uncertain significance (VUS)","FDA compilation: Approved Use(s)","Melanocortin 4 Receptor Agonists [MoA]","Melanocortin 4 Receptor Agonist [EPC]","","FDA compilation workbook (2025 Compilation)","FDA_COMPILATION","https://www.fda.gov/drugs/drug-approvals-and-databases/compilation-cder-new-molecular-entity-nme-drug-and-new-biologic-approvals","","Rhythm Pharmaceuticals, Inc.","Injection"
"2020","2020-12-01","[drug marketed without a proprietary name]","gallium Ga 68 PSMA-11","NDA212642","NDA novel drug","NDA novel drug","NME/NDA","TRUE","University of California Los Angeles","Injection","Injectable","Standard","No","No","No","No","","gallium Ga 68 PSMA-11 Is indicated for positron emission tomography (PET) of prostate-specific membrane antigen (PSMA) positive lesions in men with suspected recurrence based on elevated serum prostate-specific antigen (PSA) level. Positron emission tomography (PET) of prostate-specific membrane antigen (PSMA) positive lesions in men with prostate cancer with suspected metastasis who are candidates for initial definitive therapy","gallium Ga 68 PSMA-11 Is indicated for positron emission tomography (PET) of prostate-specific membrane antigen (PSMA) positive lesions in men with suspected recurrence based on elevated serum prostate-specific antigen (PSA) level. Positron emission tomography (PET) of prostate-specific membrane antigen (PSMA) positive lesions in men with prostate cancer with suspected metastasis who are candidates for initial definitive therapy","FDA compilation: Approved Use(s)","Positron Emitting Activity [MoA]","Radioactive Diagnostic Agent [EPC]","","FDA compilation workbook (2025 Compilation)","FDA_COMPILATION","https://www.fda.gov/drugs/drug-approvals-and-databases/compilation-cder-new-molecular-entity-nme-drug-and-new-biologic-approvals","","University of California Los Angeles","Injection"
"2020","2020-12-03","Orladeyo","berotralstat","NDA214094","NDA novel drug","NDA novel drug","NME/NDA","TRUE","BioCryst Pharmaceuticals","Oral","Capsule","Standard","No","No","Yes","Yes","","Orladeyo is indicated as prophylaxis to prevent attacks of hereditary angioedema (HAE) in adults and pediatric patients 12 years and older","Orladeyo is indicated as prophylaxis to prevent attacks of hereditary angioedema (HAE) in adults and pediatric patients 12 years and older","FDA compilation: Approved Use(s)","","","","FDA compilation workbook (2025 Compilation)","FDA_COMPILATION","https://www.fda.gov/drugs/drug-approvals-and-databases/compilation-cder-new-molecular-entity-nme-drug-and-new-biologic-approvals","","BioCryst Pharmaceuticals, Inc.","Oral"
"2020","2020-12-14","Klisyri","tirbanibulin","NDA213189","NDA novel drug","NDA novel drug","NME/NDA","TRUE","Athenex","Topical","Ointment","Standard","No","No","No","No","","Klisyri is indicated for the topical treatment of actinic keratosis of the face or scalp","Klisyri is indicated for the topical treatment of actinic keratosis of the face or scalp","FDA compilation: Approved Use(s)","","Microtubule Inhibitor [EPC]","","FDA compilation workbook (2025 Compilation)","FDA_COMPILATION","https://www.fda.gov/drugs/drug-approvals-and-databases/compilation-cder-new-molecular-entity-nme-drug-and-new-biologic-approvals","","Athenex, Inc.","Topical"
"2020","2020-12-16","Margenza","margetuximab-cmkb","BLA761150","BLA novel biologic","BLA novel biologic","Biologic (BLA)","","MacroGenics","Injection","Injectable","Standard","No","No","Yes","No","","Margenza is indicated in combination with chemotherapy, for the treatment of adult patients with metastatic HER2-positive breast cancer who have received two or more prior anti-HER2 regimens, at least one of which was for metastatic disease","Margenza is indicated in combination with chemotherapy, for the treatment of adult patients with metastatic HER2-positive breast cancer who have received two or more prior anti-HER2 regimens, at least one of which was for metastatic disease","FDA compilation: Approved Use(s)","HER2/Neu/cerbB2 Antagonists [MoA]","HER2/neu Receptor Antagonist [EPC]","","FDA compilation workbook (2025 Compilation)","FDA_COMPILATION","https://www.fda.gov/drugs/drug-approvals-and-databases/compilation-cder-new-molecular-entity-nme-drug-and-new-biologic-approvals","","MacroGenics, Inc.","Injection"
"2020","2020-12-18","Orgovyx","relugolix","NDA214621","NDA novel drug","NDA novel drug","NME/NDA","TRUE","Myovant Sciences","Oral","Tablet","Priority","No","No","No","No","","Orgovyx is indicated for the treatment of adult patients with advanced prostate cancer","Orgovyx is indicated for the treatment of adult patients with advanced prostate cancer","FDA compilation: Approved Use(s)","Breast Cancer Resistance Protein Inhibitors [MoA]; Cytochrome P450 2B6 Inducers [MoA]; Cytochrome P450 3A Inducers [MoA]; Gonadotropin Releasing Hormone Receptor Antagonists [MoA]; P-Glycoprotein Inhibitors [MoA]","Gonadotropin Releasing Hormone Receptor Antagonist [EPC]","","FDA compilation workbook (2025 Compilation)","FDA_COMPILATION","https://www.fda.gov/drugs/drug-approvals-and-databases/compilation-cder-new-molecular-entity-nme-drug-and-new-biologic-approvals","","Myovant Sciences GmbH","Oral"
"2020","2020-12-21","Ebanga","ansuvimab-zykl","BLA761172","BLA novel biologic","BLA novel biologic","Biologic (BLA)","","Ridgeback Biotherapeutics","Injection","Injectable","Priority","No","Yes","No","Yes","","Ebanga is indicated for the treatment of infection caused by Zaire ebolavirus in adult and pediatric patients, including neonates born to a mother who is RT-PCR positive for Zaire ebolavirus infection","Ebanga is indicated for the treatment of infection caused by Zaire ebolavirus in adult and pediatric patients, including neonates born to a mother who is RT-PCR positive for Zaire ebolavirus infection","FDA compilation: Approved Use(s)","Zaire Ebolavirus Glycoprotein-directed Antibody Interactions [MoA]","Zaire Ebolavirus Glycoprotein-directed Antibody [EPC]","","FDA compilation workbook (2025 Compilation)","FDA_COMPILATION","https://www.fda.gov/drugs/drug-approvals-and-databases/compilation-cder-new-molecular-entity-nme-drug-and-new-biologic-approvals","","Ridgeback Biotherapeutics, LP","Injection"
"2020","2020-12-23","Gemtesa","vibegron","NDA213006","NDA novel drug","NDA novel drug","NME/NDA","TRUE","Urovant Sciences","Oral","Tablet","Standard","No","No","No","No","","Gemtesa is indicated for the treatment of overactive bladder with symptoms of urge urinary incontinence, urgency, and urinary frequency in adults","Gemtesa is indicated for the treatment of overactive bladder with symptoms of urge urinary incontinence, urgency, and urinary frequency in adults","FDA compilation: Approved Use(s)","Adrenergic beta3-Agonists [MoA]","beta3-Adrenergic Agonist [EPC]","","FDA compilation workbook (2025 Compilation)","FDA_COMPILATION","https://www.fda.gov/drugs/drug-approvals-and-databases/compilation-cder-new-molecular-entity-nme-drug-and-new-biologic-approvals","","Urovant Sciences GmbH","Oral"
"2021","2021-01-19","Verquvo","vericiguat","NDA214377","NDA novel drug","NDA novel drug","NME/NDA","TRUE","Merck","Oral","Tablet","Priority","No","No","Yes","No","","VERQUVO is indicated to reduce the risk of cardiovascular death and heart failure (HF) hospitalization following a hospitalization for heart failure or need for outpatient IV diuretics, in adults with symptomatic chronic HF and ejection fraction less than 45%.","VERQUVO is indicated to reduce the risk of cardiovascular death and heart failure (HF) hospitalization following a hospitalization for heart failure or need for outpatient IV diuretics, in adults with symptomatic chronic HF and ejection fraction less than 45%.","FDA compilation: Approved Use(s)","Guanylate Cyclase Stimulators [MoA]","Soluble Guanylate Cyclase Stimulator [EPC]","","FDA compilation workbook (2025 Compilation)","FDA_COMPILATION","https://www.fda.gov/drugs/drug-approvals-and-databases/compilation-cder-new-molecular-entity-nme-drug-and-new-biologic-approvals","","Merck Sharp and Dohme Corp.","Oral"
"2021","2021-01-21","Cabenuva","cabotegravir; rilpivirine (co-packaged)","NDA212888","NDA novel drug","NDA novel drug","NME/NDA","TRUE","ViiV Healthcare","Injection","Injectable","Priority","No","No","Yes","No","","CABENUVA is indicated as a complete regimen for the treatment of human immunodeficiency virus type 1 (HIV-1) infection in adults to replace the current antiretroviral regimen in those who are virologically suppressed (HIV-1 RNA less than 50 copies per mL) on a stable antiretroviral regimen with no history of treatment failure and with no known or suspected resistance to either cabotegravir or rilpivirine.","CABENUVA is indicated as a complete regimen for the treatment of human immunodeficiency virus type 1 (HIV-1) infection in adults to replace the current antiretroviral regimen in those who are virologically suppressed (HIV-1 RNA less than 50 copies per mL) on a stable antiretroviral regimen with no history of treatment failure and with no known or suspected resistance to either cabotegravir or rilpivirine.","FDA compilation: Approved Use(s)","","","","FDA compilation workbook (2025 Compilation)","FDA_COMPILATION","https://www.fda.gov/drugs/drug-approvals-and-databases/compilation-cder-new-molecular-entity-nme-drug-and-new-biologic-approvals","","ViiV Healthcare Company","Injection"
"2021","2021-01-22","Lupkynis","voclosporin","NDA213716","NDA novel drug","NDA novel drug","NME/NDA","TRUE","Aurinia Pharmaceuticals","Oral","Capsule","Priority","No","No","Yes","No","","LUPKYNIS is indicated in combination with a background immunosuppressive therapy regimen for the treatment of adult patients with active lupus nephritis (LN). Limitations of Use: Safety and efficacy of LUPKYNIS have not been established in combination with cyclophosphamide. Use of LUPKYNIS is not recommended in this situation.","LUPKYNIS is indicated in combination with a background immunosuppressive therapy regimen for the treatment of adult patients with active lupus nephritis (LN). Limitations of Use: Safety and efficacy of LUPKYNIS have not been established in combination with cyclophosphamide. Use of LUPKYNIS is not recommended in this situation.","FDA compilation: Approved Use(s)","Calcineurin Inhibitors [MoA]; Organic Anion Transporting Polypeptide 1B1 Inhibitors [MoA]; Organic Anion Transporting Polypeptide 1B3 Inhibitors [MoA]; P-Glycoprotein Inhibitors [MoA]","Calcineurin Inhibitor Immunosuppressant [EPC]","","FDA compilation workbook (2025 Compilation)","FDA_COMPILATION","https://www.fda.gov/drugs/drug-approvals-and-databases/compilation-cder-new-molecular-entity-nme-drug-and-new-biologic-approvals","","Aurinia Pharmaceuticals, Inc.","Oral"
"2021","2021-02-03","Tepmetko","tepotinib","NDA214096","NDA novel drug","NDA novel drug","NME/NDA","TRUE","EMD Serono","Oral","Tablet","Priority","Yes","No","No","Yes","","TEPMETKO is indicated for the treatment of adult patients with metastatic non-small cell lung cancer (NSCLC) harboring mesenchymal-epithelial transition (MET) exon 14 skipping alterations. This indication is approved under accelerated approval based on overall response rate and duration of response. Continued approval for this indication may be contingent upon verification and description of clinical benefit in confirmatory trial(s).","TEPMETKO is indicated for the treatment of adult patients with metastatic non-small cell lung cancer (NSCLC) harboring mesenchymal-epithelial transition (MET) exon 14 skipping alterations. This indication is approved under accelerated approval based on overall response rate and duration of response. Continued approval for this indication may be contingent upon verification and description of clinical benefit in confirmatory trial(s).","FDA compilation: Approved Use(s)","","","","FDA compilation workbook (2025 Compilation)","FDA_COMPILATION","https://www.fda.gov/drugs/drug-approvals-and-databases/compilation-cder-new-molecular-entity-nme-drug-and-new-biologic-approvals","","EMD Serono, Inc.","Oral"
"2021","2021-02-05","Ukoniq","umbralisib","NDA213176","NDA novel drug","NDA novel drug","NME/NDA","TRUE","TG Therapeutics","Oral","Tablet","Priority (indication [A] only)","Yes","Yes (indication [A] only)","No","Yes","","[A] UKONIQ is indicated for the treatment of adult patients with relapsed or refractory marginal zone lymphoma (MZL) who have received at least one prior anti-CD20-based regimen. This indication is approved under accelerated approval based on overall response rate. Continued approval for this indication may be contingent upon verification and description of clinical benefit in a confirmatory trial(s). [B] UKONIQ is indicated for the treatment of adult patients with relapsed or refractory follicular lymphoma (FL) who have received at least three prior lines of systemic therapy. This indication is approved under accelerated approval based on overall response rate. Continued approval for this indication may be contingent upon verification and description of clinical benefit in a confirmatory trial(s).","[A] UKONIQ is indicated for the treatment of adult patients with relapsed or refractory marginal zone lymphoma (MZL) who have received at least one prior anti-CD20-based regimen. This indication is approved under accelerated approval based on overall response rate. Continued approval for this indication may be contingent upon verification and description of clinical benefit in a confirmatory trial(s). [B] UKONIQ is indicated for the treatment of adult patients with relapsed or refractory follicular lymphoma (FL) who have received at least three prior lines of systemic therapy. This indication is approved under accelerated approval based on overall response rate. Continued approval for this indication may be contingent upon verification and description of clinical benefit in a confirmatory trial(s).","FDA compilation: Approved Use(s)","","","","FDA compilation workbook (2025 Compilation)","FDA_COMPILATION","https://www.fda.gov/drugs/drug-approvals-and-databases/compilation-cder-new-molecular-entity-nme-drug-and-new-biologic-approvals","","TG Therapeutics, Inc.","Oral"
"2021","2021-02-11","Evkeeza","evinacumab-dgnb","BLA761181","BLA novel biologic","BLA novel biologic","Biologic (BLA)","","Regeneron Pharmaceuticals","Injection","Injectable","Priority","No","Yes","No","Yes","","EVKEEZA is indicated as an adjunct to other low-density lipoprotein-cholesterol (LDL-C) lowering therapies for the treatment of adult and pediatric patients, aged 12 years and older, with homozygous familial hypercholesterolemia (HoFH). Limitations of Use: - The safety and effectiveness of EVKEEZA have not been established in patients with other causes of hypercholesterolemia, including those with heterozygous familial hypercholesterolemia (HeFH). - The effects of EVKEEZA on cardiovascular morbidity and mortality have not been determined.","EVKEEZA is indicated as an adjunct to other low-density lipoprotein-cholesterol (LDL-C) lowering therapies for the treatment of adult and pediatric patients, aged 12 years and older, with homozygous familial hypercholesterolemia (HoFH). Limitations of Use: - The safety and effectiveness of EVKEEZA have not been established in patients with other causes of hypercholesterolemia, including those with heterozygous familial hypercholesterolemia (HeFH). - The effects of EVKEEZA on cardiovascular morbidity and mortality have not been determined.","FDA compilation: Approved Use(s)","","","","FDA compilation workbook (2025 Compilation)","FDA_COMPILATION","https://www.fda.gov/drugs/drug-approvals-and-databases/compilation-cder-new-molecular-entity-nme-drug-and-new-biologic-approvals","","Regeneron Pharmaceuticals, Inc.","Injection"
"2021","2021-02-12","Cosela","trilaciclib","NDA214200","NDA novel drug","NDA novel drug","NME/NDA","TRUE","G1 Therapeutics","Injection","Injectable","Priority","No","Yes","No","No","","COSELA is indicated to decrease the incidence of chemotherapy-induced myelosuppression in adult patients when administered prior to a platinum/etoposide-containing regimen or topotecan-containing regimen for extensive-stage small cell lung cancer (ES-SCLC).","COSELA is indicated to decrease the incidence of chemotherapy-induced myelosuppression in adult patients when administered prior to a platinum/etoposide-containing regimen or topotecan-containing regimen for extensive-stage small cell lung cancer (ES-SCLC).","FDA compilation: Approved Use(s)","","","","FDA compilation workbook (2025 Compilation)","FDA_COMPILATION","https://www.fda.gov/drugs/drug-approvals-and-databases/compilation-cder-new-molecular-entity-nme-drug-and-new-biologic-approvals","","G1 Therapeutics, Inc.","Injection"
"2021","2021-02-25","Amondys 45","casimersen","NDA213026","NDA novel drug","NDA novel drug","NME/NDA","TRUE","Sarepta Therapeutics","Injection","Injectable","Priority","Yes","No","Yes","Yes","","AMONDYS 45 is indicated for the treatment of Duchenne muscular dystrophy (DMD) in patients who have a confirmed mutation of the DMD gene that is amenable to exon 45 skipping. This indication is approved under accelerated approval based on an increase in dystrophin production in skeletal muscle observed in patients treated with AMONDYS 45. Continued approval for this indication may be contingent upon verification of a clinical benefit in confirmatory trials.","AMONDYS 45 is indicated for the treatment of Duchenne muscular dystrophy (DMD) in patients who have a confirmed mutation of the DMD gene that is amenable to exon 45 skipping. This indication is approved under accelerated approval based on an increase in dystrophin production in skeletal muscle observed in patients treated with AMONDYS 45. Continued approval for this indication may be contingent upon verification of a clinical benefit in confirmatory trials.","FDA compilation: Approved Use(s)","","Antisense Oligonucleotide [EPC]","","FDA compilation workbook (2025 Compilation)","FDA_COMPILATION","https://www.fda.gov/drugs/drug-approvals-and-databases/compilation-cder-new-molecular-entity-nme-drug-and-new-biologic-approvals","","Sarepta Therapeutics, Inc.","Injection"
"2021","2021-02-26","Nulibry","fosdenopterin","NDA214018","NDA novel drug","NDA novel drug","NME/NDA","TRUE","Origin Biosciences","Injection","Injectable","Priority","No","Yes","No","Yes","","NULIBRY is indicated to reduce the risk of mortality in patients with molybdenum cofactor deficiency (MoCD) Type A.","NULIBRY is indicated to reduce the risk of mortality in patients with molybdenum cofactor deficiency (MoCD) Type A.","FDA compilation: Approved Use(s)","","","","FDA compilation workbook (2025 Compilation)","FDA_COMPILATION","https://www.fda.gov/drugs/drug-approvals-and-databases/compilation-cder-new-molecular-entity-nme-drug-and-new-biologic-approvals","","Origin Biosciences, Inc.","Injection"
"2021","2021-02-26","Pepaxto","melphalan flufenamide","NDA214383","NDA novel drug","NDA novel drug","NME/NDA","TRUE","Oncopeptides","Injection","Injectable","Priority","Yes","No","No","Yes","","PEPAXTO is indicated in combination with dexamethasone for the treatment of adult patients with relapsed or refractory multiple myeloma who have received at least four prior lines of therapy and whose disease is refractory to at least one proteasome inhibitor, one immunomodulatory agent, and one CD38-directed monoclonal antibody. This indication is approved under accelerated approval based on response rate. Continued approval for this indication may be contingent upon verification and description of clinical benefit in confirmatory trial(s). Limitations of Use: PEPAXTO is not indicated and is not recommended for use as a conditioning regimen for transplant outside of controlled clinical trials.","PEPAXTO is indicated in combination with dexamethasone for the treatment of adult patients with relapsed or refractory multiple myeloma who have received at least four prior lines of therapy and whose disease is refractory to at least one proteasome inhibitor, one immunomodulatory agent, and one CD38-directed monoclonal antibody. This indication is approved under accelerated approval based on response rate. Continued approval for this indication may be contingent upon verification and description of clinical benefit in confirmatory trial(s). Limitations of Use: PEPAXTO is not indicated and is not recommended for use as a conditioning regimen for transplant outside of controlled clinical trials.","FDA compilation: Approved Use(s)","","","","FDA compilation workbook (2025 Compilation)","FDA_COMPILATION","https://www.fda.gov/drugs/drug-approvals-and-databases/compilation-cder-new-molecular-entity-nme-drug-and-new-biologic-approvals","","Oncopeptides AB","Injection"
"2021","2021-03-02","Azstarys","serdexmethylphenidate and dexmethylphenidate","NDA212994","NDA novel drug","NDA novel drug","NME/NDA","TRUE","Commave Therapeutics","Oral","Capsule","Standard","No","No","No","No","","Azstarys is indicated for the treatment of Attention Deficit Hyperactivity Disorder (ADHD) in patients 6 years of age and older.","Azstarys is indicated for the treatment of Attention Deficit Hyperactivity Disorder (ADHD) in patients 6 years of age and older.","FDA compilation: Approved Use(s)","","","","FDA compilation workbook (2025 Compilation)","FDA_COMPILATION","https://www.fda.gov/drugs/drug-approvals-and-databases/compilation-cder-new-molecular-entity-nme-drug-and-new-biologic-approvals","","Commave Therapeutics SA","Oral"
"2021","2021-03-10","Fotivda","tivozanib","NDA212904","NDA novel drug","NDA novel drug","NME/NDA","TRUE","Aveo Pharmaceuticals","Oral","Capsule","Standard","No","No","No","No","","FOTIVDA is indicated for the treatment of adult patients with relapsed or refractory advanced renal cell carcinoma (RCC) following two or more prior systemic therapies.","FOTIVDA is indicated for the treatment of adult patients with relapsed or refractory advanced renal cell carcinoma (RCC) following two or more prior systemic therapies.","FDA compilation: Approved Use(s)","","","","FDA compilation workbook (2025 Compilation)","FDA_COMPILATION","https://www.fda.gov/drugs/drug-approvals-and-databases/compilation-cder-new-molecular-entity-nme-drug-and-new-biologic-approvals","","Aveo Pharmaceuticals, Inc.","Oral"
"2021","2021-03-18","Ponvory","ponesimod","NDA213498","NDA novel drug","NDA novel drug","NME/NDA","TRUE","Janssen","Oral","Tablet","Standard","No","No","No","No","","PONVORY is indicated for the treatment of relapsing forms of multiple sclerosis (MS), to include clinically isolated syndrome, relapsing-remitting disease, and active secondary progressive disease, in adults.","PONVORY is indicated for the treatment of relapsing forms of multiple sclerosis (MS), to include clinically isolated syndrome, relapsing-remitting disease, and active secondary progressive disease, in adults.","FDA compilation: Approved Use(s)","Sphingosine 1-Phosphate Receptor Modulators [MoA]","Sphingosine 1-phosphate Receptor Modulator [EPC]","","FDA compilation workbook (2025 Compilation)","FDA_COMPILATION","https://www.fda.gov/drugs/drug-approvals-and-databases/compilation-cder-new-molecular-entity-nme-drug-and-new-biologic-approvals","","Janssen Pharmaceuticals, Inc.","Oral"
"2021","2021-03-22","Zegalogue","dasiglucagon","NDA214231","NDA novel drug","NDA novel drug","NME/NDA","TRUE","Zealand Pharma","Injection","Injectable","Standard","No","No","No","No","","ZEGALOGUE is indicated for the treatment of severe hypoglycemia in pediatric and adult patients with diabetes aged 6 years and above.","ZEGALOGUE is indicated for the treatment of severe hypoglycemia in pediatric and adult patients with diabetes aged 6 years and above.","FDA compilation: Approved Use(s)","Glucagon Receptor Agonists [MoA]","Antihypoglycemic Agent [EPC]","","FDA compilation workbook (2025 Compilation)","FDA_COMPILATION","https://www.fda.gov/drugs/drug-approvals-and-databases/compilation-cder-new-molecular-entity-nme-drug-and-new-biologic-approvals","","Zealand Pharma A/S","Injection"
"2021","2021-04-02","Qelbree","viloxazine","NDA211964","NDA novel drug","NDA novel drug","NME/NDA","TRUE","Supernus Pharmaceuticals","Oral","Capsule","Standard","No","No","No","No","","Qelbree is indicated for the treatment of Attention-Deficit Hyperactivity Disorder (ADHD) in pediatric patients 6 to 17 years of age.","Qelbree is indicated for the treatment of Attention-Deficit Hyperactivity Disorder (ADHD) in pediatric patients 6 to 17 years of age.","FDA compilation: Approved Use(s)","","","","FDA compilation workbook (2025 Compilation)","FDA_COMPILATION","https://www.fda.gov/drugs/drug-approvals-and-databases/compilation-cder-new-molecular-entity-nme-drug-and-new-biologic-approvals","","Supernus Pharmaceuticals, Inc.","Oral"
"2021","2021-04-15","Nextstellis","drospirenone and estetrol","NDA214154","NDA novel drug","NDA novel drug","NME/NDA","TRUE","Mayne Pharma","Oral","Tablet","Standard","No","No","No","No","","NEXTSTELLIS is indicated for use by females of reproductive potential to prevent pregnancy. Limitations of Use: NEXTSTELLIS may be less effective in females with a BMI >= 30 kg/m2. In females with BMI >= 30 kg/m2, decreasing effectiveness may be associated with increasing BMI.","NEXTSTELLIS is indicated for use by females of reproductive potential to prevent pregnancy. Limitations of Use: NEXTSTELLIS may be less effective in females with a BMI >= 30 kg/m2. In females with BMI >= 30 kg/m2, decreasing effectiveness may be associated with increasing BMI.","FDA compilation: Approved Use(s)","","","","FDA compilation workbook (2025 Compilation)","FDA_COMPILATION","https://www.fda.gov/drugs/drug-approvals-and-databases/compilation-cder-new-molecular-entity-nme-drug-and-new-biologic-approvals","","Mayne Pharma, LLC","Oral"
"2021","2021-04-22","Jemperli","dostarlimab-gxly","BLA761174","BLA novel biologic","BLA novel biologic","Biologic (BLA)","","GlaxoSmithKline","Injection","Injectable","Priority","Yes","Yes","No","No","","JEMPERLI is indicated for the treatment of adult patients with mismatch repair deficient (dMMR) recurrent or advanced endometrial cancer (EC), as determined by an FDA-approved test, that has progressed on or following prior treatment with a platinum-containing regimen. This indication is approved under accelerated approval based on tumor response rate and durability of response. Continued approval for this indication may be contingent upon verification and description of clinical benefit in a confirmatory trial(s).","JEMPERLI is indicated for the treatment of adult patients with mismatch repair deficient (dMMR) recurrent or advanced endometrial cancer (EC), as determined by an FDA-approved test, that has progressed on or following prior treatment with a platinum-containing regimen. This indication is approved under accelerated approval based on tumor response rate and durability of response. Continued approval for this indication may be contingent upon verification and description of clinical benefit in a confirmatory trial(s).","FDA compilation: Approved Use(s)","Programmed Death Receptor-1-directed Antibody Interactions [MoA]","Programmed Death Receptor-1 Blocking Antibody [EPC]","","FDA compilation workbook (2025 Compilation)","FDA_COMPILATION","https://www.fda.gov/drugs/drug-approvals-and-databases/compilation-cder-new-molecular-entity-nme-drug-and-new-biologic-approvals","","GlaxoSmithKline, LLC","Injection"
"2021","2021-04-23","Zynlonta","loncastuximab tesirine-lpyl","BLA761196","BLA novel biologic","BLA novel biologic","Biologic (BLA)","","ADC Therapeutics","Injection","Injectable","Priority","Yes","No","No","Yes","","ZYNLONTA is indicated for the treatment of adult patients with relapsed or refractory large B cell lymphoma after two or more lines of systemic therapy, including diffuse large B-cell lymphoma (DLBCL) not otherwise specified, DLBCL arising from low grade lymphoma, and high-grade B-cell lymphoma. This indication is approved under accelerated approval based on overall response rate. Continued approval for this indication may be contingent upon verification and description of clinical benefit in a confirmatory trial(s).","ZYNLONTA is indicated for the treatment of adult patients with relapsed or refractory large B cell lymphoma after two or more lines of systemic therapy, including diffuse large B-cell lymphoma (DLBCL) not otherwise specified, DLBCL arising from low grade lymphoma, and high-grade B-cell lymphoma. This indication is approved under accelerated approval based on overall response rate. Continued approval for this indication may be contingent upon verification and description of clinical benefit in a confirmatory trial(s).","FDA compilation: Approved Use(s)","","","","FDA compilation workbook (2025 Compilation)","FDA_COMPILATION","https://www.fda.gov/drugs/drug-approvals-and-databases/compilation-cder-new-molecular-entity-nme-drug-and-new-biologic-approvals","","ADC Therapeutics S.A.","Injection"
"2021","2021-05-14","Empaveli","pegcetacoplan","NDA215014","NDA novel drug","NDA novel drug","NME/NDA","TRUE","Apellis Pharmaceuticals","Injection","Injectable","Priority","No","No","Yes","Yes","","EMPAVELI is indicated for the treatment of adult patients with paroxysmal nocturnal hemoglobinuria (PNH).","EMPAVELI is indicated for the treatment of adult patients with paroxysmal nocturnal hemoglobinuria (PNH).","FDA compilation: Approved Use(s)","Complement Inhibitors [MoA]","Complement Inhibitor [EPC]","","FDA compilation workbook (2025 Compilation)","FDA_COMPILATION","https://www.fda.gov/drugs/drug-approvals-and-databases/compilation-cder-new-molecular-entity-nme-drug-and-new-biologic-approvals","","Apellis Pharmaceuticals, Inc.","Injection"
"2021","2021-05-21","Rybrevant","amivantamab-vmjw","BLA761210","BLA novel biologic","BLA novel biologic","Biologic (BLA)","","Janssen","Injection","Injectable","Priority","Yes","Yes","No","No","","RYBREVANT is indicated for the treatment of adult patients with locally advanced or metastatic non-small cell lung cancer (NSCLC) with epidermal growth factor receptor (EGFR) exon 20 insertion mutations, as detected by an FDA-approved test, whose disease has progressed on or after platinum-based chemotherapy. This indication is approved under accelerated approval based on overall response rate and duration of response. Continued approval for this indication may be contingent upon verification and description of clinical benefit in the confirmatory trials.","RYBREVANT is indicated for the treatment of adult patients with locally advanced or metastatic non-small cell lung cancer (NSCLC) with epidermal growth factor receptor (EGFR) exon 20 insertion mutations, as detected by an FDA-approved test, whose disease has progressed on or after platinum-based chemotherapy. This indication is approved under accelerated approval based on overall response rate and duration of response. Continued approval for this indication may be contingent upon verification and description of clinical benefit in the confirmatory trials.","FDA compilation: Approved Use(s)","","","","FDA compilation workbook (2025 Compilation)","FDA_COMPILATION","https://www.fda.gov/drugs/drug-approvals-and-databases/compilation-cder-new-molecular-entity-nme-drug-and-new-biologic-approvals","","Janssen Biotech, Inc.","Injection"
"2021","2021-05-26","Pylarify","piflufolastat F 18","NDA214793","NDA novel drug","NDA novel drug","NME/NDA","TRUE","Progenics Pharmaceuticals","Injection","Injectable","Priority","No","No","No","No","","PYLARIFY is indicated for positron emission tomography (PET) of prostate-specific membrane antigen (PSMA) positive lesions in men with prostate cancer: - with suspected metastasis who are candidates for initial definitive therapy. - with suspected recurrence based on elevated serum prostate-specific antigen (PSA) level.","PYLARIFY is indicated for positron emission tomography (PET) of prostate-specific membrane antigen (PSMA) positive lesions in men with prostate cancer: - with suspected metastasis who are candidates for initial definitive therapy. - with suspected recurrence based on elevated serum prostate-specific antigen (PSA) level.","FDA compilation: Approved Use(s)","Positron Emitting Activity [MoA]","Radioactive Diagnostic Agent [EPC]","","FDA compilation workbook (2025 Compilation)","FDA_COMPILATION","https://www.fda.gov/drugs/drug-approvals-and-databases/compilation-cder-new-molecular-entity-nme-drug-and-new-biologic-approvals","","Progenics Pharmaceuticals, Inc.","Injection"
"2021","2021-05-28","Lumakras","sotorasib","NDA214665","NDA novel drug","NDA novel drug","NME/NDA","TRUE","Amgen","Oral","Tablet","Priority","Yes","Yes","Yes","Yes","","LUMAKRAS is indicated for the treatment of adult patients with KRAS G12C-mutated locally advanced or metastatic non-small cell lung cancer (NSCLC), as determined by an FDA-approved test, who have received at least one prior systemic therapy. This indication is approved under accelerated approval based on overall response rate (ORR) and duration of response (DOR). Continued approval for this indication may be contingent upon verification and description of clinical benefit in a confirmatory trial(s).","LUMAKRAS is indicated for the treatment of adult patients with KRAS G12C-mutated locally advanced or metastatic non-small cell lung cancer (NSCLC), as determined by an FDA-approved test, who have received at least one prior systemic therapy. This indication is approved under accelerated approval based on overall response rate (ORR) and duration of response (DOR). Continued approval for this indication may be contingent upon verification and description of clinical benefit in a confirmatory trial(s).","FDA compilation: Approved Use(s)","","","","FDA compilation workbook (2025 Compilation)","FDA_COMPILATION","https://www.fda.gov/drugs/drug-approvals-and-databases/compilation-cder-new-molecular-entity-nme-drug-and-new-biologic-approvals","","Amgen, Inc.","Oral"
"2021","2021-05-28","Lybalvi","olanzapine and samidorphan","NDA213378","NDA novel drug","NDA novel drug","NME/NDA","TRUE","Alkermes","Oral","Tablet","Standard","No","No","No","No","","LYBALVI is indicated for treatment of: - schizophrenia in adults - bipolar I disorder in adults -- Acute treatment of manic or mixed episodes as monotherapy and as adjunct to lithium or valproate -- Maintenance monotherapy treatment","LYBALVI is indicated for treatment of: - schizophrenia in adults - bipolar I disorder in adults -- Acute treatment of manic or mixed episodes as monotherapy and as adjunct to lithium or valproate -- Maintenance monotherapy treatment","FDA compilation: Approved Use(s)","","Atypical Antipsychotic [EPC]","","FDA compilation workbook (2025 Compilation)","FDA_COMPILATION","https://www.fda.gov/drugs/drug-approvals-and-databases/compilation-cder-new-molecular-entity-nme-drug-and-new-biologic-approvals","","Alkermes, Inc.","Oral"
"2021","2021-05-28","Truseltiq","infigratinib","NDA214622","NDA novel drug","NDA novel drug","NME/NDA","TRUE","QED Therapeutics","Oral","Capsule","Priority","Yes","No","Yes","Yes","","TRUSELTIQ is indicated for the treatment of adults with previously treated, unresectable locally advanced or metastatic cholangiocarcinoma with a fibroblast growth factor receptor 2 (FGFR2) fusion or other rearrangement as detected by an FDA-approved test. This indication is approved under accelerated approval based on overall response rate and duration of response. Continued approval for this indication may be contingent upon verification and description of clinical benefit in a confirmatory trial(s).","TRUSELTIQ is indicated for the treatment of adults with previously treated, unresectable locally advanced or metastatic cholangiocarcinoma with a fibroblast growth factor receptor 2 (FGFR2) fusion or other rearrangement as detected by an FDA-approved test. This indication is approved under accelerated approval based on overall response rate and duration of response. Continued approval for this indication may be contingent upon verification and description of clinical benefit in a confirmatory trial(s).","FDA compilation: Approved Use(s)","","","","FDA compilation workbook (2025 Compilation)","FDA_COMPILATION","https://www.fda.gov/drugs/drug-approvals-and-databases/compilation-cder-new-molecular-entity-nme-drug-and-new-biologic-approvals","","QED Therapeutics, Inc.","Oral"
"2021","2021-06-01","Brexafemme","ibrexafungerp","NDA214900","NDA novel drug","NDA novel drug","NME/NDA","TRUE","Scynexis","Oral","Tablet","Priority","No","No","Yes","No","","BREXAFEMME is indicated for the treatment of adult and post-menarchal pediatric females with vulvovaginal candidiasis (VVC).","BREXAFEMME is indicated for the treatment of adult and post-menarchal pediatric females with vulvovaginal candidiasis (VVC).","FDA compilation: Approved Use(s)","","","","FDA compilation workbook (2025 Compilation)","FDA_COMPILATION","https://www.fda.gov/drugs/drug-approvals-and-databases/compilation-cder-new-molecular-entity-nme-drug-and-new-biologic-approvals","","Scynexis, Inc.","Oral"
"2021","2021-06-07","Aduhelm","aducanumab-avwa","BLA761178","BLA novel biologic","BLA novel biologic","Biologic (BLA)","","Biogen","Injection","Injectable","Priority","Yes","No","Yes","No","","ADUHELM is indicated for the treatment of Alzheimer’s disease. This indication is approved under accelerated approval based on reduction in amyloid beta plaques observed in patients treated with ADUHELM. Continued approval for this indication may be contingent upon verification of clinical benefit in confirmatory trial(s).","ADUHELM is indicated for the treatment of Alzheimer’s disease. This indication is approved under accelerated approval based on reduction in amyloid beta plaques observed in patients treated with ADUHELM. Continued approval for this indication may be contingent upon verification of clinical benefit in confirmatory trial(s).","FDA compilation: Approved Use(s)","","","","FDA compilation workbook (2025 Compilation)","FDA_COMPILATION","https://www.fda.gov/drugs/drug-approvals-and-databases/compilation-cder-new-molecular-entity-nme-drug-and-new-biologic-approvals","","Biogen, Inc.","Injection"
"2021","2021-06-30","Rylaze","asparaginase erwinia chrysanthemi (recombinant)-rywn","BLA761179","BLA novel biologic","BLA novel biologic","Biologic (BLA)","","Jazz Pharmaceuticals","Injection","Injectable","Standard","No","No","Yes","Yes","","RYLAZE is indicated as a component of a multi-agent chemotherapeutic regimen for the treatment of acute lymphoblastic leukemia (ALL) and lymphoblastic lymphoma (LBL) in adult and pediatric patients 1 month or older who have developed hypersensitivity to E. coli-derived asparaginase.","RYLAZE is indicated as a component of a multi-agent chemotherapeutic regimen for the treatment of acute lymphoblastic leukemia (ALL) and lymphoblastic lymphoma (LBL) in adult and pediatric patients 1 month or older who have developed hypersensitivity to E. coli-derived asparaginase.","FDA compilation: Approved Use(s)","","Asparagine-specific Enzyme [EPC]","","FDA compilation workbook (2025 Compilation)","FDA_COMPILATION","https://www.fda.gov/drugs/drug-approvals-and-databases/compilation-cder-new-molecular-entity-nme-drug-and-new-biologic-approvals","","Jazz Pharmaceuticals Ireland Limited","Injection"
"2021","2021-07-09","Kerendia","finerenone","NDA215341","NDA novel drug","NDA novel drug","NME/NDA","TRUE","Bayer HealthCare Pharmaceuticals","Oral","Tablet","Priority","No","No","Yes","No","","Kerendia is indicated to reduce the risk of sustained eGFR decline, end-stage kidney disease, cardiovascular death, nonfatal myocardial infarction, and hospitalization for heart failure in adult patients with chronic kidney disease (CKD) associated with type 2 diabetes (T2D).","Kerendia is indicated to reduce the risk of sustained eGFR decline, end-stage kidney disease, cardiovascular death, nonfatal myocardial infarction, and hospitalization for heart failure in adult patients with chronic kidney disease (CKD) associated with type 2 diabetes (T2D).","FDA compilation: Approved Use(s)","Mineralocorticoid Receptor Antagonists [MoA]","Nonsteroidal Mineralocorticoid-Receptor Antagonist [EPC]","","FDA compilation workbook (2025 Compilation)","FDA_COMPILATION","https://www.fda.gov/drugs/drug-approvals-and-databases/compilation-cder-new-molecular-entity-nme-drug-and-new-biologic-approvals","","Bayer HealthCare Pharmaceuticals, Inc.","Oral"
"2021","2021-07-16","Rezurock","belumosudil","NDA214783","NDA novel drug","NDA novel drug","NME/NDA","TRUE","Kadmon Pharmaceuticals","Oral","Tablet","Priority","No","Yes","No","Yes","","REZUROCK is indicated for the treatment of adult and pediatric patients 12 years and older with chronic graft-versus-host disease (chronic GVHD) after failure of at least two prior lines of systemic therapy.","REZUROCK is indicated for the treatment of adult and pediatric patients 12 years and older with chronic graft-versus-host disease (chronic GVHD) after failure of at least two prior lines of systemic therapy.","FDA compilation: Approved Use(s)","","","","FDA compilation workbook (2025 Compilation)","FDA_COMPILATION","https://www.fda.gov/drugs/drug-approvals-and-databases/compilation-cder-new-molecular-entity-nme-drug-and-new-biologic-approvals","","Kadmon Pharmaceuticals, LLC","Oral"
"2021","2021-07-16","[drug marketed without a proprietary name]","fexinidazole","NDA214429","NDA novel drug","NDA novel drug","NME/NDA","TRUE","Drugs for Neglected Diseases initiative","Oral","Tablet","Priority","No","No","No","Yes","","Fexinidazole Tablets are indicated for the treatment of both the first-stage (hemolymphatic) and second-stage (meningoencephalitic) human African trypanosomiasis (HAT) due to Trypanosoma brucei gambiense in patients 6 years of age and older and weighing at least 20 kg. Limitations of Use: Due to the decreased efficacy observed in patients with severe second stage HAT (cerebrospinal fluid white blood cell count (CSF-WBC) >100 cells/?L) due to T. brucei gambiense disease, Fexinidazole Tablets should only be used in these patients if there are no other available treatment options.","Fexinidazole Tablets are indicated for the treatment of both the first-stage (hemolymphatic) and second-stage (meningoencephalitic) human African trypanosomiasis (HAT) due to Trypanosoma brucei gambiense in patients 6 years of age and older and weighing at least 20 kg. Limitations of Use: Due to the decreased efficacy observed in patients with severe second stage HAT (cerebrospinal fluid white blood cell count (CSF-WBC) >100 cells/?L) due to T. brucei gambiense disease, Fexinidazole Tablets should only be used in these patients if there are no other available treatment options.","FDA compilation: Approved Use(s)","Cytochrome P450 1A2 Inducers [MoA]; Cytochrome P450 1A2 Inhibitors [MoA]; Cytochrome P450 2B6 Inducers [MoA]; Cytochrome P450 2B6 Inhibitors [MoA]; Cytochrome P450 2C19 Inhibitors [MoA]; Cytochrome P450 2D6 Inhibitors [MoA]; Cytochrome P450 3A4 Inhibitors [MoA]; Cytochrome P450 3A5 Inhibitors [MoA]; Multidrug and Toxin Extrusion Transporter 1 Inhibitors [MoA]; Multidrug and Toxin Extrusion Transporter 2 K Inhibitors [MoA]; Organic Anion Transporter 1 Inhibitors [MoA]; Organic Anion Transporter 3 Inhibitors [MoA]; Organic Anion Transporting Polypeptide 1B1 Inhibitors [MoA]; Organic Anion Transporting Polypeptide 1B3 Inhibitors [MoA]; Organic Cation Transporter 2 Inhibitors [MoA]","Nitroimidazole Antimicrobial [EPC]","","FDA compilation workbook (2025 Compilation)","FDA_COMPILATION","https://www.fda.gov/drugs/drug-approvals-and-databases/compilation-cder-new-molecular-entity-nme-drug-and-new-biologic-approvals","","Drugs for Neglected Diseases initiative","Oral"
"2021","2021-07-20","Bylvay","odevixibat","NDA215498","NDA novel drug","NDA novel drug","NME/NDA","TRUE","Albireo","Oral","Capsule","Priority","No","No","Yes","Yes","","BYLVAY is indicated for the treatment of pruritus in patients 3 months of age and older with progressive familial intrahepatic cholestasis (PFIC). Limitations of Use: -BYLVAY may not be effective in PFIC type 2 patients with ABCB11 variants resulting in nonfunctional or complete absence of bile salt export pump protein (BSEP-3).","BYLVAY is indicated for the treatment of pruritus in patients 3 months of age and older with progressive familial intrahepatic cholestasis (PFIC). Limitations of Use: -BYLVAY may not be effective in PFIC type 2 patients with ABCB11 variants resulting in nonfunctional or complete absence of bile salt export pump protein (BSEP-3).","FDA compilation: Approved Use(s)","Ileal Bile Acid Transporter Inhibitors [MoA]","Ileal Bile Acid Transporter Inhibitor [EPC]","","FDA compilation workbook (2025 Compilation)","FDA_COMPILATION","https://www.fda.gov/drugs/drug-approvals-and-databases/compilation-cder-new-molecular-entity-nme-drug-and-new-biologic-approvals","","Albireo AB","Oral"
"2021","2021-07-30","Saphnelo","anifrolumab-fnia","BLA761123","BLA novel biologic","BLA novel biologic","Biologic (BLA)","","AstraZeneca","Injection","Injectable","Standard","No","No","Yes","No","","SAPHNELO (anifrolumab-fnia) is indicated for the treatment of adult patients with moderate to severe systemic lupus erythematosus (SLE), who are receiving standard therapy. Limitations of Use: The efficacy of SAPHNELO has not been evaluated in patients with severe active lupus nephritis or severe active central nervous system lupus. Use of SAPHNELO is not recommended in these situations.","SAPHNELO (anifrolumab-fnia) is indicated for the treatment of adult patients with moderate to severe systemic lupus erythematosus (SLE), who are receiving standard therapy. Limitations of Use: The efficacy of SAPHNELO has not been evaluated in patients with severe active lupus nephritis or severe active central nervous system lupus. Use of SAPHNELO is not recommended in these situations.","FDA compilation: Approved Use(s)","Type I Interferon Receptor Antagonists [MoA]","Type I Interferon Receptor Antagonist [EPC]","","FDA compilation workbook (2025 Compilation)","FDA_COMPILATION","https://www.fda.gov/drugs/drug-approvals-and-databases/compilation-cder-new-molecular-entity-nme-drug-and-new-biologic-approvals","","AstraZeneca AB","Injection"
"2021","2021-08-06","Nexviazyme","avalglucosidase alfa-ngpt","BLA761194","BLA novel biologic","BLA novel biologic","Biologic (BLA)","","Genzyme","Injection","Injectable","Priority","No","Yes","Yes","Yes","","NEXVIAZYME is indicated for the treatment of patients 1 year of age and older with late-onset Pompe disease (lysosomal acid alpha-glucosidase [GAA] deficiency).","NEXVIAZYME is indicated for the treatment of patients 1 year of age and older with late-onset Pompe disease (lysosomal acid alpha-glucosidase [GAA] deficiency).","FDA compilation: Approved Use(s)","","Hydrolytic Lysosomal Glycogen-specific Enzyme [EPC]","","FDA compilation workbook (2025 Compilation)","FDA_COMPILATION","https://www.fda.gov/drugs/drug-approvals-and-databases/compilation-cder-new-molecular-entity-nme-drug-and-new-biologic-approvals","","Genzyme Corporation","Injection"
"2021","2021-08-13","Welireg","belzutifan","NDA215383","NDA novel drug","NDA novel drug","NME/NDA","TRUE","Merck","Oral","Tablet","Priority","No","No","No","Yes","","WELIREG is indicated for treatment of adult patients with von Hippel-Lindau (VHL) disease who require therapy for associated renal cell carcinoma (RCC), central nervous system (CNS) hemangioblastomas, or pancreatic neuroendocrine tumors (pNET), not requiring immediate surgery.","WELIREG is indicated for treatment of adult patients with von Hippel-Lindau (VHL) disease who require therapy for associated renal cell carcinoma (RCC), central nervous system (CNS) hemangioblastomas, or pancreatic neuroendocrine tumors (pNET), not requiring immediate surgery.","FDA compilation: Approved Use(s)","Cytochrome P450 3A4 Inducers [MoA]; Hypoxia-inducible Factor 2 alpha Inhibitors [MoA]","Hypoxia-inducible Factor Inhibitor [EPC]","","FDA compilation workbook (2025 Compilation)","FDA_COMPILATION","https://www.fda.gov/drugs/drug-approvals-and-databases/compilation-cder-new-molecular-entity-nme-drug-and-new-biologic-approvals","","Merck Sharp and Dohme Corp.","Oral"
"2021","2021-08-23","Korsuva","difelikefalin","NDA214916","NDA novel drug","NDA novel drug","NME/NDA","TRUE","Cara Therapeutics","Injection","Injectable","Priority","No","Yes","No","No","","KORSUVA is indicated for the treatment of moderate-to-severe pruritus associated with chronic kidney disease (CKD-aP) in adults undergoing hemodialysis (HD). Limitations of Use: KORSUVA has not been studied in patients on peritoneal dialysis and is not recommended for use in this population.","KORSUVA is indicated for the treatment of moderate-to-severe pruritus associated with chronic kidney disease (CKD-aP) in adults undergoing hemodialysis (HD). Limitations of Use: KORSUVA has not been studied in patients on peritoneal dialysis and is not recommended for use in this population.","FDA compilation: Approved Use(s)","","","","FDA compilation workbook (2025 Compilation)","FDA_COMPILATION","https://www.fda.gov/drugs/drug-approvals-and-databases/compilation-cder-new-molecular-entity-nme-drug-and-new-biologic-approvals","","Cara Therapeutics, Inc.","Injection"
"2021","2021-08-25","Skytrofa","lonapegsomatropin-tcgd","BLA761177","BLA novel biologic","BLA novel biologic","Biologic (BLA)","","Ascendis Pharma Endocrinology Division","Injection","Injectable","Standard","No","No","No","Yes","","SKYTROFA (lonapegsomatropin-tcgd) is a human growth hormone indicated for the treatment of pediatric patients 1 year and older who weigh at least 11.5 kg and have growth failure due to inadequate secretion of endogenous growth hormone (GH).","SKYTROFA (lonapegsomatropin-tcgd) is a human growth hormone indicated for the treatment of pediatric patients 1 year and older who weigh at least 11.5 kg and have growth failure due to inadequate secretion of endogenous growth hormone (GH).","FDA compilation: Approved Use(s)","","Recombinant Human Growth Hormone [EPC]","","FDA compilation workbook (2025 Compilation)","FDA_COMPILATION","https://www.fda.gov/drugs/drug-approvals-and-databases/compilation-cder-new-molecular-entity-nme-drug-and-new-biologic-approvals","","Ascendis Pharma Endocrinology Division A/S","Injection"
"2021","2021-09-15","Exkivity","mobocertinib","NDA215310","NDA novel drug","NDA novel drug","NME/NDA","TRUE","Takeda Pharmaceuticals","Oral","Capsule","Priority","Yes","Yes","Yes","Yes","","EXKIVITY is indicated for the treatment of adult patients with locally advanced or metastatic non-small cell lung cancer (NSCLC) with epidermal growth factor receptor (EGFR) exon 20 insertion mutations, as detected by an FDA-approved test, whose disease has progressed on or after platinum-based chemotherapy. This indication is approved under accelerated approval based on overall response rate and duration of response. Continued approval for this indication may be contingent upon verification and description of clinical benefit in confirmatory trial(s).","EXKIVITY is indicated for the treatment of adult patients with locally advanced or metastatic non-small cell lung cancer (NSCLC) with epidermal growth factor receptor (EGFR) exon 20 insertion mutations, as detected by an FDA-approved test, whose disease has progressed on or after platinum-based chemotherapy. This indication is approved under accelerated approval based on overall response rate and duration of response. Continued approval for this indication may be contingent upon verification and description of clinical benefit in confirmatory trial(s).","FDA compilation: Approved Use(s)","","","","FDA compilation workbook (2025 Compilation)","FDA_COMPILATION","https://www.fda.gov/drugs/drug-approvals-and-databases/compilation-cder-new-molecular-entity-nme-drug-and-new-biologic-approvals","","Takeda Pharmaceuticals U.S.A., Inc.","Oral"
"2021","2021-09-20","Tivdak","tisotumab vedotin-tftv","BLA761208","BLA novel biologic","BLA novel biologic","Biologic (BLA)","","Seagen","Injection","Injectable","Priority","Yes","No","No","No","","TIVDAK is indicated for the treatment of adult patients with recurrent or metastatic cervical cancer with disease progression on or after chemotherapy. This indication is approved under accelerated approval based on tumor response rate and durability of response. Continued approval for this indication may be contingent upon verification and description of clinical benefit in confirmatory trials.","TIVDAK is indicated for the treatment of adult patients with recurrent or metastatic cervical cancer with disease progression on or after chemotherapy. This indication is approved under accelerated approval based on tumor response rate and durability of response. Continued approval for this indication may be contingent upon verification and description of clinical benefit in confirmatory trials.","FDA compilation: Approved Use(s)","","","","FDA compilation workbook (2025 Compilation)","FDA_COMPILATION","https://www.fda.gov/drugs/drug-approvals-and-databases/compilation-cder-new-molecular-entity-nme-drug-and-new-biologic-approvals","","Seagen, Inc.","Injection"
"2021","2021-09-28","Qulipta","atogepant","NDA215206","NDA novel drug","NDA novel drug","NME/NDA","TRUE","AbbVie","Oral","Tablet","Priority (used priority review voucher)","No","No","No","No","","QULIPTA is indicated for the preventive treatment of episodic migraine in adults.","QULIPTA is indicated for the preventive treatment of episodic migraine in adults.","FDA compilation: Approved Use(s)","Calcitonin Gene-related Peptide Receptor Antagonists [MoA]","Calcitonin Gene-related Peptide Receptor Antagonist [EPC]","","FDA compilation workbook (2025 Compilation)","FDA_COMPILATION","https://www.fda.gov/drugs/drug-approvals-and-databases/compilation-cder-new-molecular-entity-nme-drug-and-new-biologic-approvals","","AbbVie, Inc.","Oral"
"2021","2021-09-29","Livmarli","maralixibat","NDA214662","NDA novel drug","NDA novel drug","NME/NDA","TRUE","Mirum Pharmaceuticals","Oral","Solution","Priority","No","Yes","No","Yes","","LIVMARLI is indicated for the treatment of cholestatic pruritus in patients with Alagille syndrome (ALGS) 1 year of age and older.","LIVMARLI is indicated for the treatment of cholestatic pruritus in patients with Alagille syndrome (ALGS) 1 year of age and older.","FDA compilation: Approved Use(s)","","","","FDA compilation workbook (2025 Compilation)","FDA_COMPILATION","https://www.fda.gov/drugs/drug-approvals-and-databases/compilation-cder-new-molecular-entity-nme-drug-and-new-biologic-approvals","","Mirum Pharmaceuticals, Inc.","Oral"
"2021","2021-10-07","Tavneos","avacopan","NDA214487","NDA novel drug","NDA novel drug","NME/NDA","TRUE","ChemoCentryx","Oral","Capsule","Standard","No","No","No","Yes","","TAVNEOS is indicated as an adjunctive treatment of adult patients with severe active antineutrophil cytoplasmic autoantibody (ANCA)-associated vasculitis (granulomatosis with polyangiitis [GPA] and microscopic polyangiitis [MPA]) in combination with standard therapy including glucocorticoids. TAVNEOS does not eliminate glucocorticoid use.","TAVNEOS is indicated as an adjunctive treatment of adult patients with severe active antineutrophil cytoplasmic autoantibody (ANCA)-associated vasculitis (granulomatosis with polyangiitis [GPA] and microscopic polyangiitis [MPA]) in combination with standard therapy including glucocorticoids. TAVNEOS does not eliminate glucocorticoid use.","FDA compilation: Approved Use(s)","Complement 5a Receptor Antagonists [MoA]; Cytochrome P450 3A4 Inhibitors [MoA]","Complement 5a Receptor Antagonist [EPC]","","FDA compilation workbook (2025 Compilation)","FDA_COMPILATION","https://www.fda.gov/drugs/drug-approvals-and-databases/compilation-cder-new-molecular-entity-nme-drug-and-new-biologic-approvals","","ChemoCentryx, Inc.","Oral"
"2021","2021-10-29","Scemblix","asciminib","NDA215358","NDA novel drug","NDA novel drug","NME/NDA","TRUE","Novartis Pharmaceuticals","Oral","Tablet","Priority","Yes (indication [A] only)","Yes","Yes","Yes","","SCEMBLIX is indicated for the treatment of adult patients with: [A]Philadelphia chromosome-positive chronic myeloid leukemia (Ph+ CML) in chronic phase (CP), previously treated with two or more tyrosine kinase inhibitors (TKIs) [B] Treatment of adult patients with Ph+ CML in CP with the T315I mutation.","SCEMBLIX is indicated for the treatment of adult patients with: [A]Philadelphia chromosome-positive chronic myeloid leukemia (Ph+ CML) in chronic phase (CP), previously treated with two or more tyrosine kinase inhibitors (TKIs) [B] Treatment of adult patients with Ph+ CML in CP with the T315I mutation.","FDA compilation: Approved Use(s)","","","","FDA compilation workbook (2025 Compilation)","FDA_COMPILATION","https://www.fda.gov/drugs/drug-approvals-and-databases/compilation-cder-new-molecular-entity-nme-drug-and-new-biologic-approvals","","Novartis Pharmaceuticals Corporation","Oral"
"2021","2021-11-12","Besremi","ropeginterferon alfa-2b-njft","BLA761166","BLA novel biologic","BLA novel biologic","Biologic (BLA)","","PharmaEssentia","Injection","Injectable","Standard","No","No","No","Yes","","BESREMi is indicated for the treatment of adults with polycythemia vera.","BESREMi is indicated for the treatment of adults with polycythemia vera.","FDA compilation: Approved Use(s)","","Interferon alfa-2b [EPC]","","FDA compilation workbook (2025 Compilation)","FDA_COMPILATION","https://www.fda.gov/drugs/drug-approvals-and-databases/compilation-cder-new-molecular-entity-nme-drug-and-new-biologic-approvals","","PharmaEssentia Corporation","Injection"
"2021","2021-11-19","Voxzogo","vosoritide","NDA214938","NDA novel drug","NDA novel drug","NME/NDA","TRUE","BioMarin Pharmaceutical","Injection","Injectable","Priority","Yes","No","No","Yes","","VOXZOGO is indicated to increase linear growth in pediatric patients with achondroplasia who are 5 years of age and older with open epiphyses. This indication is approved under accelerated approval based on an improvement in annualized growth velocity [see Clinical Studies (14)]. Continued approval for this indication may be contingent upon verification and description of clinical benefit in confirmatory trial(s).","VOXZOGO is indicated to increase linear growth in pediatric patients with achondroplasia who are 5 years of age and older with open epiphyses. This indication is approved under accelerated approval based on an improvement in annualized growth velocity [see Clinical Studies (14)]. Continued approval for this indication may be contingent upon verification and description of clinical benefit in confirmatory trial(s).","FDA compilation: Approved Use(s)","","","","FDA compilation workbook (2025 Compilation)","FDA_COMPILATION","https://www.fda.gov/drugs/drug-approvals-and-databases/compilation-cder-new-molecular-entity-nme-drug-and-new-biologic-approvals","","BioMarin Pharmaceutical, Inc.","Injection"
"2021","2021-11-23","Livtencity","maribavir","NDA215596","NDA novel drug","NDA novel drug","NME/NDA","TRUE","Takeda Pharmaceuticals","Oral","Tablet","Priority","No","Yes","No","Yes","","LIVTENCITY is indicated for the treatment of adults and pediatric patients (12 years of age and older and weighing at least 35 kg) with post-transplant cytomegalovirus (CMV) infection/disease that is refractory to treatment (with or without genotypic resistance) with ganciclovir, valganciclovir, cidofovir or foscarnet.","LIVTENCITY is indicated for the treatment of adults and pediatric patients (12 years of age and older and weighing at least 35 kg) with post-transplant cytomegalovirus (CMV) infection/disease that is refractory to treatment (with or without genotypic resistance) with ganciclovir, valganciclovir, cidofovir or foscarnet.","FDA compilation: Approved Use(s)","Breast Cancer Resistance Protein Inhibitors [MoA]; Cytochrome P450 3A4 Inhibitors [MoA]; Cytomegalovirus pUL97 Kinase Inhibitors [MoA]; P-Glycoprotein Inhibitors [MoA]","Cytomegalovirus pUL97 Kinase Inhibitor [EPC]","","FDA compilation workbook (2025 Compilation)","FDA_COMPILATION","https://www.fda.gov/drugs/drug-approvals-and-databases/compilation-cder-new-molecular-entity-nme-drug-and-new-biologic-approvals","","Takeda Pharmaceuticals U.S.A., Inc.","Oral"
"2021","2021-11-29","Cytalux","pafolacianine","NDA214907","NDA novel drug","NDA novel drug","NME/NDA","TRUE","On Target Laboratories","Injection","Injectable","Priority","No","No","Yes","Yes","","CYTALUX is an optical imaging agent indicated in adult patients with ovarian cancer as an adjunct for intraoperative identification of malignant lesions.","CYTALUX is an optical imaging agent indicated in adult patients with ovarian cancer as an adjunct for intraoperative identification of malignant lesions.","FDA compilation: Approved Use(s)","","","","FDA compilation workbook (2025 Compilation)","FDA_COMPILATION","https://www.fda.gov/drugs/drug-approvals-and-databases/compilation-cder-new-molecular-entity-nme-drug-and-new-biologic-approvals","","On Target Laboratories, Inc.","Injection"
"2021","2021-12-17","Tezspire","tezepelumab-ekko","BLA761224","BLA novel biologic","BLA novel biologic","Biologic (BLA)","","AstraZeneca","Injection","Injectable","Priority","No","No","No","No","","TEZSPIRE is indicated for the add-on maintenance treatment of adult and pediatric patients aged 12 years and older with severe asthma. Limitations of Use: TEZSPIRE is not indicated for the relief of acute bronchospasm or status asthmaticus.","TEZSPIRE is indicated for the add-on maintenance treatment of adult and pediatric patients aged 12 years and older with severe asthma. Limitations of Use: TEZSPIRE is not indicated for the relief of acute bronchospasm or status asthmaticus.","FDA compilation: Approved Use(s)","Thymic Stromal Lymphopoietin Blockers [MoA]","Thymic Stromal Lymphopoietin Blocker [EPC]","","FDA compilation workbook (2025 Compilation)","FDA_COMPILATION","https://www.fda.gov/drugs/drug-approvals-and-databases/compilation-cder-new-molecular-entity-nme-drug-and-new-biologic-approvals","","AstraZeneca AB","Injection"
"2021","2021-12-17","Vyvgart","efgartigimod alfa-fcab","BLA761195","BLA novel biologic","BLA novel biologic","Biologic (BLA)","","argenx","Injection","Injectable","Standard","No","No","Yes","Yes","","VYVGART is indicated for the treatment of generalized myasthenia gravis (gMG) in adult patients who are anti-acetylcholine receptor (AChR) antibody positive.","VYVGART is indicated for the treatment of generalized myasthenia gravis (gMG) in adult patients who are anti-acetylcholine receptor (AChR) antibody positive.","FDA compilation: Approved Use(s)","Neonatal Fc Receptor Blockers [MoA]","Neonatal Fc Receptor Blocker [EPC]","","FDA compilation workbook (2025 Compilation)","FDA_COMPILATION","https://www.fda.gov/drugs/drug-approvals-and-databases/compilation-cder-new-molecular-entity-nme-drug-and-new-biologic-approvals","","argenx BV","Injection"
"2021","2021-12-22","Leqvio","inclisiran","NDA214012","NDA novel drug","NDA novel drug","NME/NDA","TRUE","Novartis Pharmaceuticals","Injection","Injectable","Standard","No","No","No","No","","LEQVIO is indicated as an adjunct to diet and maximally tolerated statin therapy for the treatment of adults with heterozygous familial hypercholesterolemia (HeFH) or clinical atherosclerotic cardiovascular disease (ASCVD), who require additional lowering of low-density lipoprotein cholesterol (LDL-C). Limitations of Use: The effect of LEQVIO on cardiovascular morbidity and mortality has not been determined.","LEQVIO is indicated as an adjunct to diet and maximally tolerated statin therapy for the treatment of adults with heterozygous familial hypercholesterolemia (HeFH) or clinical atherosclerotic cardiovascular disease (ASCVD), who require additional lowering of low-density lipoprotein cholesterol (LDL-C). Limitations of Use: The effect of LEQVIO on cardiovascular morbidity and mortality has not been determined.","FDA compilation: Approved Use(s)","","","","FDA compilation workbook (2025 Compilation)","FDA_COMPILATION","https://www.fda.gov/drugs/drug-approvals-and-databases/compilation-cder-new-molecular-entity-nme-drug-and-new-biologic-approvals","","Novartis Pharmaceuticals Corporation","Injection"
"2021","2021-12-27","Adbry","tralokinumab-ldrm","BLA761180","BLA novel biologic","BLA novel biologic","Biologic (BLA)","","LEO Pharma","Injection","Injectable","Standard","No","No","No","No","","ADBRY is indicated for the treatment of moderate-to-severe atopic dermatitis in adult patients whose disease is not adequately controlled with topical prescription therapies or when those therapies are not advisable. ADBRY can be used with or without topical corticosteroids.","ADBRY is indicated for the treatment of moderate-to-severe atopic dermatitis in adult patients whose disease is not adequately controlled with topical prescription therapies or when those therapies are not advisable. ADBRY can be used with or without topical corticosteroids.","FDA compilation: Approved Use(s)","Interleukin-13 Antagonists [MoA]","Interleukin-13 Antagonist [EPC]","","FDA compilation workbook (2025 Compilation)","FDA_COMPILATION","https://www.fda.gov/drugs/drug-approvals-and-databases/compilation-cder-new-molecular-entity-nme-drug-and-new-biologic-approvals","","LEO Pharma A/S","Injection"
"2022","2022-01-07","Quviviq","daridorexant","NDA214985","NDA novel drug","NDA novel drug","NME/NDA","TRUE","Idorsia Pharmaceuticals","Oral","Tablet","Standard","No","No","No","No","","QUVIVIQ is indicated for the treatment of adult patients with insomnia, characterized by difficulties with sleep onset and/or sleep maintenance.","QUVIVIQ is indicated for the treatment of adult patients with insomnia, characterized by difficulties with sleep onset and/or sleep maintenance.","FDA compilation: Approved Use(s)","Orexin Receptor Antagonists [MoA]","Orexin Receptor Antagonist [EPC]","","FDA compilation workbook (2025 Compilation)","FDA_COMPILATION","https://www.fda.gov/drugs/drug-approvals-and-databases/compilation-cder-new-molecular-entity-nme-drug-and-new-biologic-approvals","","Idorsia Pharmaceuticals Ltd.","Oral"
"2022","2022-01-14","Cibinqo","abrocitinib","NDA213871","NDA novel drug","NDA novel drug","NME/NDA","TRUE","Pfizer","Oral","Tablet","Priority","No","Yes","No","No","","CIBINQO is indicated for the treatment of adults with refractory, moderate-to-severe atopic dermatitis whose disease is not adequately controlled with other systemic drug products, including biologics, or when use of those therapies is inadvisable. Limitations of Use: CIBINQO is not recommended for use in combination with other JAK inhibitors, biologic immunomodulators, or with other immunosuppressants.","CIBINQO is indicated for the treatment of adults with refractory, moderate-to-severe atopic dermatitis whose disease is not adequately controlled with other systemic drug products, including biologics, or when use of those therapies is inadvisable. Limitations of Use: CIBINQO is not recommended for use in combination with other JAK inhibitors, biologic immunomodulators, or with other immunosuppressants.","FDA compilation: Approved Use(s)","Janus Kinase Inhibitors [MoA]; P-Glycoprotein Inhibitors [MoA]","Janus Kinase Inhibitor [EPC]","","FDA compilation workbook (2025 Compilation)","FDA_COMPILATION","https://www.fda.gov/drugs/drug-approvals-and-databases/compilation-cder-new-molecular-entity-nme-drug-and-new-biologic-approvals","","Pfizer, Inc.","Oral"
"2022","2022-01-25","Kimmtrak","tebentafusp-tebn","BLA761228","BLA novel biologic","BLA novel biologic","Biologic (BLA)","","Immunocore","Injection","Injectable","Priority","No","Yes","No","Yes","","KIMMTRAK is indicated for the treatment of HLA-A*02:01-positive adult patients with unresectable or metastatic uveal melanoma.","KIMMTRAK is indicated for the treatment of HLA-A*02:01-positive adult patients with unresectable or metastatic uveal melanoma.","FDA compilation: Approved Use(s)","CD3 Receptor Agonists [MoA]; CD3-directed Antibody Interactions [MoA]; Glycoprotein 100 Peptide-Human Leukocyte Antigen-directed Antibody Interactions [MoA]","Bispecific gp100 Peptide-HLA-directed CD3 T Cell Engager [EPC]","","FDA compilation workbook (2025 Compilation)","FDA_COMPILATION","https://www.fda.gov/drugs/drug-approvals-and-databases/compilation-cder-new-molecular-entity-nme-drug-and-new-biologic-approvals","","Immunocore Limited","Injection"
"2022","2022-01-28","Vabysmo","faricimab-svoa","BLA761235","BLA novel biologic","BLA novel biologic","Biologic (BLA)","","Genentech","Intravitreal","Injectable","Priority (used priority review voucher)","No","No","No","No","","VABYSMO is a vascular endothelial growth factor (VEGF) and angiopoietin 2 (Ang-2) inhibitor indicated for the treatment of patients with: - Neovascular (wet) Age-Related Macular Degeneration (nAMD) - Diabetic Macular Edema (DME)","VABYSMO is a vascular endothelial growth factor (VEGF) and angiopoietin 2 (Ang-2) inhibitor indicated for the treatment of patients with: - Neovascular (wet) Age-Related Macular Degeneration (nAMD) - Diabetic Macular Edema (DME)","FDA compilation: Approved Use(s)","","","","FDA compilation workbook (2025 Compilation)","FDA_COMPILATION","https://www.fda.gov/drugs/drug-approvals-and-databases/compilation-cder-new-molecular-entity-nme-drug-and-new-biologic-approvals","","Genentech, Inc.","Intravitreal"
"2022","2022-02-04","Enjaymo","sutimlimab-jome","BLA761164","BLA novel biologic","BLA novel biologic","Biologic (BLA)","","Bioverativ USA","Injection","Injectable","Priority","No","Yes","No","Yes","","ENJAYMO (sutimlimab-jome) is indicated to decrease the need for red blood cell (RBC) transfusion due to hemolysis in adults with cold agglutinin disease (CAD)","ENJAYMO (sutimlimab-jome) is indicated to decrease the need for red blood cell (RBC) transfusion due to hemolysis in adults with cold agglutinin disease (CAD)","FDA compilation: Approved Use(s)","Classical Complement Pathway Inhibitors [MoA]","Classical Complement Pathway Inhibitor [EPC]","","FDA compilation workbook (2025 Compilation)","FDA_COMPILATION","https://www.fda.gov/drugs/drug-approvals-and-databases/compilation-cder-new-molecular-entity-nme-drug-and-new-biologic-approvals","","Bioverativ USA, Inc.","Injection"
"2022","2022-02-17","Pyrukynd","mitapivat","NDA216196","NDA novel drug","NDA novel drug","NME/NDA","TRUE","Agios Pharmaceuticals","Oral","Tablet","Priority","No","No","Yes","Yes","","PYRUKYND is indicated for the treatment of hemolytic anemia in adults with pyruvate kinase (PK) deficiency.","PYRUKYND is indicated for the treatment of hemolytic anemia in adults with pyruvate kinase (PK) deficiency.","FDA compilation: Approved Use(s)","Cytochrome P450 2B6 Inducers [MoA]; Cytochrome P450 2C19 Inducers [MoA]; Cytochrome P450 2C8 Inducers [MoA]; Cytochrome P450 2C9 Inducers [MoA]; Cytochrome P450 3A Inducers [MoA]; P-Glycoprotein Inhibitors [MoA]; Pyruvate Kinase Activators [MoA]; UGT1A1 Inducers [MoA]","Pyruvate Kinase Activator [EPC]","","FDA compilation workbook (2025 Compilation)","FDA_COMPILATION","https://www.fda.gov/drugs/drug-approvals-and-databases/compilation-cder-new-molecular-entity-nme-drug-and-new-biologic-approvals","","Agios Pharmaceuticals, Inc.","Oral"
"2022","2022-02-28","Vonjo","pacritinib","NDA208712","NDA novel drug","NDA novel drug","NME/NDA","TRUE","CTI BioPharma","Oral","Capsule","Priority","Yes","No","Yes","Yes","","VONJO is indicated for the treatment of adults with intermediate or high-risk primary or secondary (post-polycythemia vera or post-essential thrombocythemia) myelofibrosis (MF) with a platelet count below 50 × 10^9/L. This indication is approved under accelerated approval based on spleen volume reduction. Continued approval for this indication may be contingent upon verification and description of clinical benefit in a confirmatory trial(s).","VONJO is indicated for the treatment of adults with intermediate or high-risk primary or secondary (post-polycythemia vera or post-essential thrombocythemia) myelofibrosis (MF) with a platelet count below 50 × 10^9/L. This indication is approved under accelerated approval based on spleen volume reduction. Continued approval for this indication may be contingent upon verification and description of clinical benefit in a confirmatory trial(s).","FDA compilation: Approved Use(s)","Breast Cancer Resistance Protein Inhibitors [MoA]; Cytochrome P450 1A2 Inhibitors [MoA]; Cytochrome P450 3A4 Inhibitors [MoA]; Janus Kinase Inhibitors [MoA]; Organic Cation Transporter 1 Inhibitors [MoA]; P-Glycoprotein Inhibitors [MoA]; Tyrosine Kinase Inhibitors [MoA]","Kinase Inhibitor [EPC]","","FDA compilation workbook (2025 Compilation)","FDA_COMPILATION","https://www.fda.gov/drugs/drug-approvals-and-databases/compilation-cder-new-molecular-entity-nme-drug-and-new-biologic-approvals","","CTI BioPharma Corporation","Oral"
"2022","2022-03-18","Opdualag","nivolumab and relatlimab-rmbw","BLA761234","BLA novel biologic","BLA novel biologic","Biologic (BLA)","","Bristol Myers Squibb","Intravenous","Solution","Priority","No","No","Yes","Yes","","OPDUALAG is indicated for the treatment of adult and pediatric patients 12 years of age or older with unresectable or metastatic melanoma.","OPDUALAG is indicated for the treatment of adult and pediatric patients 12 years of age or older with unresectable or metastatic melanoma.","FDA compilation: Approved Use(s)","Lymphocyte Activation Gene-3 Antagonists [MoA]; Programmed Death Receptor-1-directed Antibody Interactions [MoA]","Lymphocyte Activation Gene-3 Blocker [EPC]; Programmed Death Receptor-1 Blocking Antibody [EPC]","","FDA compilation workbook (2025 Compilation)","FDA_COMPILATION","https://www.fda.gov/drugs/drug-approvals-and-databases/compilation-cder-new-molecular-entity-nme-drug-and-new-biologic-approvals","","Bristol-Myers Squibb Company","Intravenous"
"2022","2022-03-18","Ztalmy","ganaxolone","NDA215904","NDA novel drug","NDA novel drug","NME/NDA","TRUE","Marinus Pharmaceuticals","Oral","Suspension","Priority","No","No","No","Yes","","ZTALMY is indicated for the treatment of seizures associated with cyclin-dependent kinase-like 5 (CDKL5) deficiency disorder (CDD) in patients 2 years of age and older.","ZTALMY is indicated for the treatment of seizures associated with cyclin-dependent kinase-like 5 (CDKL5) deficiency disorder (CDD) in patients 2 years of age and older.","FDA compilation: Approved Use(s)","GABA A Receptor Positive Modulators [MoA]","Neuroactive Steroid Gamma-Aminobutyric Acid A Receptor Positive Modulator [EPC]","","FDA compilation workbook (2025 Compilation)","FDA_COMPILATION","https://www.fda.gov/drugs/drug-approvals-and-databases/compilation-cder-new-molecular-entity-nme-drug-and-new-biologic-approvals","","Marinus Pharmaceuticals, Inc.","Oral"
"2022","2022-03-23","Pluvicto","lutetium Lu 177 vipivotide tetraxetan","NDA215833","NDA novel drug","NDA novel drug","NME/NDA","TRUE","Advanced Accelerator Applications","Intravenous","Solution","Priority","No","Yes","No","No","","PLUVICTO is indicated for the treatment of adult patients with prostate-specific membrane antigen (PSMA)-positive metastatic castration-resistant prostate cancer (mCRPC) who have been treated with androgen receptor (AR) pathway inhibition and taxane-based chemotherapy.","PLUVICTO is indicated for the treatment of adult patients with prostate-specific membrane antigen (PSMA)-positive metastatic castration-resistant prostate cancer (mCRPC) who have been treated with androgen receptor (AR) pathway inhibition and taxane-based chemotherapy.","FDA compilation: Approved Use(s)","Radioligand Activity [MoA]","Radioligand Therapeutic Agent [EPC]","","FDA compilation workbook (2025 Compilation)","FDA_COMPILATION","https://www.fda.gov/drugs/drug-approvals-and-databases/compilation-cder-new-molecular-entity-nme-drug-and-new-biologic-approvals","","Advanced Accelerator Applications USA, Inc.","Intravenous"
"2022","2022-04-26","Vivjoa","oteseconazole","NDA215888","NDA novel drug","NDA novel drug","NME/NDA","TRUE","Mycovia Pharmaceuticals","Oral","Capsule","Priority","No","No","Yes","No","","VIVJOA is indicated to reduce the incidence of recurrent vulvovaginal candidiasis (RVVC) in females with a history of RVVC who are NOT of reproductive potential. If specimens for fungal culture are obtained prior to therapy, antifungal therapy may be instituted before the results of the cultures are known. However, once these results become available, antifungal therapy should be adjusted accordingly.","VIVJOA is indicated to reduce the incidence of recurrent vulvovaginal candidiasis (RVVC) in females with a history of RVVC who are NOT of reproductive potential. If specimens for fungal culture are obtained prior to therapy, antifungal therapy may be instituted before the results of the cultures are known. However, once these results become available, antifungal therapy should be adjusted accordingly.","FDA compilation: Approved Use(s)","Breast Cancer Resistance Protein Inhibitors [MoA]","Azole Antifungal [EPC]","","FDA compilation workbook (2025 Compilation)","FDA_COMPILATION","https://www.fda.gov/drugs/drug-approvals-and-databases/compilation-cder-new-molecular-entity-nme-drug-and-new-biologic-approvals","","Mycovia Pharmaceuticals, Inc.","Oral"
"2022","2022-04-28","Camzyos","mavacamten","NDA214998","NDA novel drug","NDA novel drug","NME/NDA","TRUE","MyoKardia","Oral","Capsule","Standard","No","Yes","No","Yes","","CAMZYOS is indicated for the treatment of adults with symptomatic New York Heart Association (NYHA) class II-III obstructive hypertrophic cardiomyopathy (HCM) to improve functional capacity and symptoms.","CAMZYOS is indicated for the treatment of adults with symptomatic New York Heart Association (NYHA) class II-III obstructive hypertrophic cardiomyopathy (HCM) to improve functional capacity and symptoms.","FDA compilation: Approved Use(s)","Cardiac Myosin Inhibitors [MoA]","Cardiac Myosin Inhibitor [EPC]","","FDA compilation workbook (2025 Compilation)","FDA_COMPILATION","https://www.fda.gov/drugs/drug-approvals-and-databases/compilation-cder-new-molecular-entity-nme-drug-and-new-biologic-approvals","","MyoKardia, Inc.","Oral"
"2022","2022-05-03","Voquezna Triple Pak","vonoprazan; amoxicillin; clarithromycin (co-packaged)","NDA215152","NDA novel drug","NDA novel drug","NME/NDA","TRUE","Phathom Pharmaceuticals","Oral","Capsule, Tablet, Tablet","Priority","No","No","Yes","No","","VOQUEZNA TRIPLE PAK or VOQUEZNA DUAL PAK are indicated for the treatment of Helicobacter pylori (H. pylori) infection in adults. To reduce the development of drug-resistant bacteria and maintain the effectiveness of VOQUEZNA TRIPLE PAK, VOQUEZNA DUAL PAK and other antibacterial drugs, VOQUEZNA TRIPLE PAK and VOQUEZNA DUAL PAK should be used only to treat or prevent infections that are proven or strongly suspected to be caused by susceptible bacteria. When culture and susceptibility information are available, they should be considered in selecting or modifying antibacterial therapy. In the absence of such data, local epidemiology and susceptibility patterns may contribute to the empiric selection of therapy.","VOQUEZNA TRIPLE PAK or VOQUEZNA DUAL PAK are indicated for the treatment of Helicobacter pylori (H. pylori) infection in adults. To reduce the development of drug-resistant bacteria and maintain the effectiveness of VOQUEZNA TRIPLE PAK, VOQUEZNA DUAL PAK and other antibacterial drugs, VOQUEZNA TRIPLE PAK and VOQUEZNA DUAL PAK should be used only to treat or prevent infections that are proven or strongly suspected to be caused by susceptible bacteria. When culture and susceptibility information are available, they should be considered in selecting or modifying antibacterial therapy. In the absence of such data, local epidemiology and susceptibility patterns may contribute to the empiric selection of therapy.","FDA compilation: Approved Use(s)","","","","FDA compilation workbook (2025 Compilation)","FDA_COMPILATION","https://www.fda.gov/drugs/drug-approvals-and-databases/compilation-cder-new-molecular-entity-nme-drug-and-new-biologic-approvals","","Phathom Pharmaceuticals, Inc.","Oral"
"2022","2022-05-13","Mounjaro","tirzepatide","NDA215866","NDA novel drug","NDA novel drug","NME/NDA","TRUE","Eli Lilly","Subcutaneous","Solution","Priority (used priority review voucher)","No","No","No","No","","MOUNJARO is indicated as an adjunct to diet and exercise to improve glycemic control in adults with type 2 diabetes mellitus. Limitations of Use: MOUNJARO has not been studied in patients with a history of pancreatitis. MOUNJARO is not indicated for use in patients with type 1 diabetes mellitus.","MOUNJARO is indicated as an adjunct to diet and exercise to improve glycemic control in adults with type 2 diabetes mellitus. Limitations of Use: MOUNJARO has not been studied in patients with a history of pancreatitis. MOUNJARO is not indicated for use in patients with type 1 diabetes mellitus.","FDA compilation: Approved Use(s)","G-Protein-linked Receptor Interactions [MoA]; Glucagon-like Peptide-1 (GLP-1) Agonists [MoA]","GLP-1 Receptor Agonist [EPC]; Glucose-dependent Insulinotropic Polypeptide Receptor Agonist [EPC]","","FDA compilation workbook (2025 Compilation)","FDA_COMPILATION","https://www.fda.gov/drugs/drug-approvals-and-databases/compilation-cder-new-molecular-entity-nme-drug-and-new-biologic-approvals","","Eli Lilly and Company","Subcutaneous"
"2022","2022-05-23","Vtama","tapinarof","NDA215272","NDA novel drug","NDA novel drug","NME/NDA","TRUE","Dermavant Sciences","Topical","Cream","Standard","No","No","No","No","","VTAMA (tapinarof) cream, 1% is an aryl hydrocarbon receptor agonist indicated for the topical treatment of plaque psoriasis in adults.","VTAMA (tapinarof) cream, 1% is an aryl hydrocarbon receptor agonist indicated for the topical treatment of plaque psoriasis in adults.","FDA compilation: Approved Use(s)","Aryl Hydrocarbon Receptor Agonists [MoA]","Aryl Hydrocarbon Receptor Agonist [EPC]","","FDA compilation workbook (2025 Compilation)","FDA_COMPILATION","https://www.fda.gov/drugs/drug-approvals-and-databases/compilation-cder-new-molecular-entity-nme-drug-and-new-biologic-approvals","","Dermavant Sciences, Inc.","Topical"
"2022","2022-06-13","Amvuttra","vutrisiran","NDA215515","NDA novel drug","NDA novel drug","NME/NDA","TRUE","Alnylam Pharmaceuticals","Subcutaneous","Solution","Standard","No","No","Yes","Yes","","AMVUTTRA is indicated for the treatment of the polyneuropathy of hereditary transthyretin-mediated amyloidosis in adults.","AMVUTTRA is indicated for the treatment of the polyneuropathy of hereditary transthyretin-mediated amyloidosis in adults.","FDA compilation: Approved Use(s)","","","","FDA compilation workbook (2025 Compilation)","FDA_COMPILATION","https://www.fda.gov/drugs/drug-approvals-and-databases/compilation-cder-new-molecular-entity-nme-drug-and-new-biologic-approvals","","Alnylam Pharmaceuticals, Inc.","Subcutaneous"
"2022","2022-08-31","Xenpozyme","olipudase alfa-rpcp","BLA761261","BLA novel biologic","BLA novel biologic","Biologic (BLA)","","Genzyme","Injection","Injectable","Priority","No","Yes","Yes","Yes","","XENPOZYME is indicated for treatment of non–central nervous system manifestations of acid sphingomyelinase deficiency (ASMD) in adult and pediatric patients.","XENPOZYME is indicated for treatment of non–central nervous system manifestations of acid sphingomyelinase deficiency (ASMD) in adult and pediatric patients.","FDA compilation: Approved Use(s)","","","","FDA compilation workbook (2025 Compilation)","FDA_COMPILATION","https://www.fda.gov/drugs/drug-approvals-and-databases/compilation-cder-new-molecular-entity-nme-drug-and-new-biologic-approvals","","Genzyme Corporation","Injection"
"2022","2022-09-01","Spevigo","spesolimab-sbzo","BLA761244","BLA novel biologic","BLA novel biologic","Biologic (BLA)","","Boehringer Ingelheim Pharmaceuticals","Intravenous","Injectable","Priority","No","Yes","No","Yes","","SPEVIGO is indicated for the treatment of generalized pustular psoriasis (GPP) flares in adults.","SPEVIGO is indicated for the treatment of generalized pustular psoriasis (GPP) flares in adults.","FDA compilation: Approved Use(s)","Interleukin-36 Receptor Antagonists [MoA]","Interleukin-36 Receptor Antagonist [EPC]","","FDA compilation workbook (2025 Compilation)","FDA_COMPILATION","https://www.fda.gov/drugs/drug-approvals-and-databases/compilation-cder-new-molecular-entity-nme-drug-and-new-biologic-approvals","","Boehringer Ingelheim Pharmaceuticals, Inc.","Intravenous"
"2022","2022-09-07","Daxxify","daxibotulinumtoxinA-lanm","BLA761127","BLA novel biologic","BLA novel biologic","Biologic (BLA)","","Revance Therapeutics","Intramuscular; Subcutaneous","Injectable","Standard","No","No","No","No","","DAXXIFY (daxibotulinumtoxinA-lanm) is indicated for the temporary improvement in the appearance of moderate to severe glabellar lines associated with corrugator and/or procerus muscle activity in adult patients.","DAXXIFY (daxibotulinumtoxinA-lanm) is indicated for the temporary improvement in the appearance of moderate to severe glabellar lines associated with corrugator and/or procerus muscle activity in adult patients.","FDA compilation: Approved Use(s)","Acetylcholine Release Inhibitors [MoA]","Acetylcholine Release Inhibitor [EPC]; Neuromuscular Blocker [EPC]","","FDA compilation workbook (2025 Compilation)","FDA_COMPILATION","https://www.fda.gov/drugs/drug-approvals-and-databases/compilation-cder-new-molecular-entity-nme-drug-and-new-biologic-approvals","","Revance Therapeutics, Inc.","Intramuscular, Subcutaneous"
"2022","2022-09-09","Rolvedon","eflapegrastim-xnst","BLA761148","BLA novel biologic","BLA novel biologic","Biologic (BLA)","","Spectrum Pharmaceuticals","Subcutaneous","Injectable","Standard","No","No","No","No","","ROLVEDON is indicated to decrease the incidence of infection, as manifested by febrile neutropenia, in adult patients with non-myeloid malignancies receiving myelosuppressive anti-cancer drugs associated with clinically significant incidence of febrile neutropenia. Limitations of Use: Rolvedon is not indicated for the mobilization of peripheral blood progenitor cells for hematopoietic stem cell transplantation.","ROLVEDON is indicated to decrease the incidence of infection, as manifested by febrile neutropenia, in adult patients with non-myeloid malignancies receiving myelosuppressive anti-cancer drugs associated with clinically significant incidence of febrile neutropenia. Limitations of Use: Rolvedon is not indicated for the mobilization of peripheral blood progenitor cells for hematopoietic stem cell transplantation.","FDA compilation: Approved Use(s)","","Leukocyte Growth Factor [EPC]","","FDA compilation workbook (2025 Compilation)","FDA_COMPILATION","https://www.fda.gov/drugs/drug-approvals-and-databases/compilation-cder-new-molecular-entity-nme-drug-and-new-biologic-approvals","","Spectrum Pharmaceuticals, Inc.","Subcutaneous"
"2022","2022-09-09","Sotyktu","deucravacitinib","NDA214958","NDA novel drug","NDA novel drug","NME/NDA","TRUE","Bristol Myers Squibb","Oral","Tablet","Standard","No","No","No","No","","SOTYKTU is indicated for the treatment of moderate-to-severe plaque psoriasis in adults who are candidates for systemic therapy or phototherapy. Limitations of Use: SOTYKTU is not recommended for use in combination with other potent immunosuppressants.","SOTYKTU is indicated for the treatment of moderate-to-severe plaque psoriasis in adults who are candidates for systemic therapy or phototherapy. Limitations of Use: SOTYKTU is not recommended for use in combination with other potent immunosuppressants.","FDA compilation: Approved Use(s)","Tyrosine Kinase 2 Inhibitors [MoA]","Tyrosine Kinase 2 Inhibitor [EPC]","","FDA compilation workbook (2025 Compilation)","FDA_COMPILATION","https://www.fda.gov/drugs/drug-approvals-and-databases/compilation-cder-new-molecular-entity-nme-drug-and-new-biologic-approvals","","Bristol-Myers Squibb Company","Oral"
"2022","2022-09-14","Terlivaz","terlipressin","NDA22231","NDA novel drug","NDA novel drug","NME/NDA","TRUE","Mallinckrodt Pharmaceuticals Ireland","Intravenous","Powder","Priority","No","No","Yes","Yes","","TERLIVAZ is indicated to improve kidney function in adults with hepatorenal syndrome with rapid reduction in kidney function. Limitation of Use: Patients with a serum creatinine > 5 mg/dL are unlikely to experience benefit.","TERLIVAZ is indicated to improve kidney function in adults with hepatorenal syndrome with rapid reduction in kidney function. Limitation of Use: Patients with a serum creatinine > 5 mg/dL are unlikely to experience benefit.","FDA compilation: Approved Use(s)","Vasopressin Receptor Agonists [MoA]","Vasopressin Receptor Agonist [EPC]","","FDA compilation workbook (2025 Compilation)","FDA_COMPILATION","https://www.fda.gov/drugs/drug-approvals-and-databases/compilation-cder-new-molecular-entity-nme-drug-and-new-biologic-approvals","","Mallinckrodt Pharmaceuticals Ireland, Ltd.","Intravenous"
"2022","2022-09-21","Elucirem","gadopiclenol","NDA216986","NDA novel drug","NDA novel drug","NME/NDA","TRUE","Guerbet","Intravenous","Solution","Priority","No","No","No","No","","ELUCIREM is indicated in adult and pediatric patients aged 2 years and older for use with magnetic resonance imaging (MRI) to detect and visualize lesions with abnormal vascularity in: - the central nervous system (brain, spine, and associated tissues), - the body (head and neck, thorax, abdomen, pelvis, and musculoskeletal system).","ELUCIREM is indicated in adult and pediatric patients aged 2 years and older for use with magnetic resonance imaging (MRI) to detect and visualize lesions with abnormal vascularity in: - the central nervous system (brain, spine, and associated tissues), - the body (head and neck, thorax, abdomen, pelvis, and musculoskeletal system).","FDA compilation: Approved Use(s)","","","","FDA compilation workbook (2025 Compilation)","FDA_COMPILATION","https://www.fda.gov/drugs/drug-approvals-and-databases/compilation-cder-new-molecular-entity-nme-drug-and-new-biologic-approvals","","Guerbet, LLC","Intravenous"
"2022","2022-09-22","Omlonti","omidenepag isopropyl","NDA215092","NDA novel drug","NDA novel drug","NME/NDA","TRUE","Santen","Ophthalmic","Solution","Standard","No","No","No","No","","OMLONTI (omidenepag isopropyl ophthalmic solution) 0.002%, is indicated for the reduction of elevated intraocular pressure (IOP) in patients with open-angle glaucoma or ocular hypertension.","OMLONTI (omidenepag isopropyl ophthalmic solution) 0.002%, is indicated for the reduction of elevated intraocular pressure (IOP) in patients with open-angle glaucoma or ocular hypertension.","FDA compilation: Approved Use(s)","","","","FDA compilation workbook (2025 Compilation)","FDA_COMPILATION","https://www.fda.gov/drugs/drug-approvals-and-databases/compilation-cder-new-molecular-entity-nme-drug-and-new-biologic-approvals","","Santen, Inc.","Ophthalmic"
"2022","2022-09-29","Relyvrio","sodium phenylbutyrate and taurursodiol","NDA216660","NDA novel drug","NDA novel drug","NME/NDA","TRUE","Amylyx Pharmaceuticals","Oral","For Suspension","Priority","No","No","No","Yes","","RELYVRIO is indicated for the treatment of amyotrophic lateral sclerosis (ALS) in adults.","RELYVRIO is indicated for the treatment of amyotrophic lateral sclerosis (ALS) in adults.","FDA compilation: Approved Use(s)","","","","FDA compilation workbook (2025 Compilation)","FDA_COMPILATION","https://www.fda.gov/drugs/drug-approvals-and-databases/compilation-cder-new-molecular-entity-nme-drug-and-new-biologic-approvals","","Amylyx Pharmaceuticals, Inc.","Oral"
"2022","2022-09-30","Lytgobi","futibatinib","NDA214801","NDA novel drug","NDA novel drug","NME/NDA","TRUE","Taiho Oncology","Oral","Tablet","Priority","Yes","Yes","Yes","Yes","","LYTGOBI is indicated for the treatment of adult patients with previously treated, unresectable, locally advanced or metastatic intrahepatic cholangiocarcinoma harboring fibroblast growth factor receptor 2 (FGFR2) gene fusions or other rearrangements. This indication is approved under accelerated approval based on overall response rate and duration of response. Continued approval for this indication may be contingent upon verification and description of clinical benefit in a confirmatory trial(s).","LYTGOBI is indicated for the treatment of adult patients with previously treated, unresectable, locally advanced or metastatic intrahepatic cholangiocarcinoma harboring fibroblast growth factor receptor 2 (FGFR2) gene fusions or other rearrangements. This indication is approved under accelerated approval based on overall response rate and duration of response. Continued approval for this indication may be contingent upon verification and description of clinical benefit in a confirmatory trial(s).","FDA compilation: Approved Use(s)","Breast Cancer Resistance Protein Inhibitors [MoA]; Fibroblast Growth Factor Receptor Inhibitors [MoA]; P-Glycoprotein Inhibitors [MoA]","Kinase Inhibitor [EPC]","","FDA compilation workbook (2025 Compilation)","FDA_COMPILATION","https://www.fda.gov/drugs/drug-approvals-and-databases/compilation-cder-new-molecular-entity-nme-drug-and-new-biologic-approvals","","Taiho Oncology, Inc.","Oral"
"2022","2022-10-21","Imjudo","tremelimumab-actl","BLA761289","BLA novel biologic","BLA novel biologic","Biologic (BLA)","","AstraZeneca","Intravenous","Injectable","Priority (used priority review voucher)","No","No","No","Yes","","IMJUDO in combination with durvalumab is indicated for the treatment of adult patients with unresectable hepatocellular carcinoma (uHCC).","IMJUDO in combination with durvalumab is indicated for the treatment of adult patients with unresectable hepatocellular carcinoma (uHCC).","FDA compilation: Approved Use(s)","CTLA-4-directed Antibody Interactions [MoA]","CTLA-4-directed Blocking Antibody [EPC]","","FDA compilation workbook (2025 Compilation)","FDA_COMPILATION","https://www.fda.gov/drugs/drug-approvals-and-databases/compilation-cder-new-molecular-entity-nme-drug-and-new-biologic-approvals","","AstraZeneca AB","Intravenous"
"2022","2022-10-25","Tecvayli","teclistamab-cqyv","BLA761291","BLA novel biologic","BLA novel biologic","Biologic (BLA)","","Janssen","Injection","Injectable","Priority","Yes","Yes","No","Yes","","TECVAYLI is indicated for the treatment of adult patients with relapsed or refractory multiple myeloma who have received at least four prior lines of therapy, including a proteasome inhibitor, an immunomodulatory agent and an anti-CD38 monoclonal antibody. This indication is approved under accelerated approval based on response rate. Continued approval for this indication may be contingent upon verification and description of clinical benefit in confirmatory trial(s).","TECVAYLI is indicated for the treatment of adult patients with relapsed or refractory multiple myeloma who have received at least four prior lines of therapy, including a proteasome inhibitor, an immunomodulatory agent and an anti-CD38 monoclonal antibody. This indication is approved under accelerated approval based on response rate. Continued approval for this indication may be contingent upon verification and description of clinical benefit in confirmatory trial(s).","FDA compilation: Approved Use(s)","","","","FDA compilation workbook (2025 Compilation)","FDA_COMPILATION","https://www.fda.gov/drugs/drug-approvals-and-databases/compilation-cder-new-molecular-entity-nme-drug-and-new-biologic-approvals","","Janssen Biotech, Inc.","Injection"
"2022","2022-11-14","Elahere","mirvetuximab soravtansine-gynx","BLA761310","BLA novel biologic","BLA novel biologic","Biologic (BLA)","","ImmunoGen","Injection","Injectable","Priority","Yes","No","Yes","Yes","","ELAHERE is indicated for the treatment of adult patients with folate receptor-alpha (FRalpha) positive, platinum-resistant epithelial ovarian, fallopian tube, or primary peritoneal cancer, who have received one to three prior systemic treatment regimens. Select patients for therapy based on an FDA-approved test. This indication is approved under accelerated approval based on tumor response rate and durability of response. Continued approval for this indication may be contingent upon verification and description of clinical benefit in a confirmatory trial.","ELAHERE is indicated for the treatment of adult patients with folate receptor-alpha (FRalpha) positive, platinum-resistant epithelial ovarian, fallopian tube, or primary peritoneal cancer, who have received one to three prior systemic treatment regimens. Select patients for therapy based on an FDA-approved test. This indication is approved under accelerated approval based on tumor response rate and durability of response. Continued approval for this indication may be contingent upon verification and description of clinical benefit in a confirmatory trial.","FDA compilation: Approved Use(s)","","","","FDA compilation workbook (2025 Compilation)","FDA_COMPILATION","https://www.fda.gov/drugs/drug-approvals-and-databases/compilation-cder-new-molecular-entity-nme-drug-and-new-biologic-approvals","","ImmunoGen, Inc.","Injection"
"2022","2022-11-17","Tzield","teplizumab-mzwv","BLA761183","BLA novel biologic","BLA novel biologic","Biologic (BLA)","","Provention Bio","Injection","Injectable","Priority","No","Yes","No","No","","TZIELD is indicated to delay the onset of Stage 3 type 1 diabetes in adults and pediatric patients 8 years of age and older with Stage 2 type 1 diabetes.","TZIELD is indicated to delay the onset of Stage 3 type 1 diabetes in adults and pediatric patients 8 years of age and older with Stage 2 type 1 diabetes.","FDA compilation: Approved Use(s)","CD3-directed Antibody Interactions [MoA]","CD3-directed Antibody [EPC]","","FDA compilation workbook (2025 Compilation)","FDA_COMPILATION","https://www.fda.gov/drugs/drug-approvals-and-databases/compilation-cder-new-molecular-entity-nme-drug-and-new-biologic-approvals","","Provention Bio, Inc.","Injection"
"2022","2022-12-01","Rezlidhia","olutasidenib","NDA215814","NDA novel drug","NDA novel drug","NME/NDA","TRUE","Forma Therapeutics","Oral","Capsule","Standard","No","No","No","Yes","","REZLIDHIA is indicated for the treatment of adult patients with relapsed or refractory acute myeloid leukemia (AML) with a susceptible isocitrate dehydrogenase-1 (IDH1) mutation as detected by an FDA-approved test.","REZLIDHIA is indicated for the treatment of adult patients with relapsed or refractory acute myeloid leukemia (AML) with a susceptible isocitrate dehydrogenase-1 (IDH1) mutation as detected by an FDA-approved test.","FDA compilation: Approved Use(s)","","","","FDA compilation workbook (2025 Compilation)","FDA_COMPILATION","https://www.fda.gov/drugs/drug-approvals-and-databases/compilation-cder-new-molecular-entity-nme-drug-and-new-biologic-approvals","","Forma Therapeutics, Inc.","Oral"
"2022","2022-12-12","Krazati","adagrasib","NDA216340","NDA novel drug","NDA novel drug","NME/NDA","TRUE","Mirati Therapeutics","Oral","Tablet","Standard","Yes","Yes","Yes","Yes","","KRAZATI is indicated for the treatment of adult patients with KRAS G12C-mutated locally advanced or metastatic non-small cell lung cancer (NSCLC), as determined by an FDA-approved test, who have received at least one prior systemic therapy. This indication is approved under accelerated approval based on objective response rate (ORR) and duration of response (DOR). Continued approval for this indication may be contingent upon verification and description of a clinical benefit in a confirmatory trial(s).","KRAZATI is indicated for the treatment of adult patients with KRAS G12C-mutated locally advanced or metastatic non-small cell lung cancer (NSCLC), as determined by an FDA-approved test, who have received at least one prior systemic therapy. This indication is approved under accelerated approval based on objective response rate (ORR) and duration of response (DOR). Continued approval for this indication may be contingent upon verification and description of a clinical benefit in a confirmatory trial(s).","FDA compilation: Approved Use(s)","","","","FDA compilation workbook (2025 Compilation)","FDA_COMPILATION","https://www.fda.gov/drugs/drug-approvals-and-databases/compilation-cder-new-molecular-entity-nme-drug-and-new-biologic-approvals","","Mirati Therapeutics, Inc.","Oral"
"2022","2022-12-22","Lunsumio","mosunetuzumab-axgb","BLA761263","BLA novel biologic","BLA novel biologic","Biologic (BLA)","","Genentech","Injection","Injectable","Priority","Yes","Yes","No","Yes","","LUNSUMIO is indicated for the treatment of adult patients with relapsed or refractory follicular lymphoma after two or more lines of systemic therapy. This indication is approved under accelerated approval based on response rate. Continued approval for this indication may be contingent upon verification and description of clinical benefit in a confirmatory trial(s).","LUNSUMIO is indicated for the treatment of adult patients with relapsed or refractory follicular lymphoma after two or more lines of systemic therapy. This indication is approved under accelerated approval based on response rate. Continued approval for this indication may be contingent upon verification and description of clinical benefit in a confirmatory trial(s).","FDA compilation: Approved Use(s)","","","","FDA compilation workbook (2025 Compilation)","FDA_COMPILATION","https://www.fda.gov/drugs/drug-approvals-and-databases/compilation-cder-new-molecular-entity-nme-drug-and-new-biologic-approvals","","Genentech, Inc.","Injection"
"2022","2022-12-22","Sunlenca","lenacapavir","NDA215973","NDA novel drug","NDA novel drug","NME/NDA","TRUE","Gilead Sciences","Subcutaneous","Solution","Priority","No","Yes","Yes","No","","SUNLENCA, in combination with other antiretroviral(s), is indicated for the treatment of human immunodeficiency virus type 1 (HIV-1) infection in heavily treatment-experienced adults with multidrug resistant HIV-1 infection failing their current antiretroviral regimen due to resistance, intolerance, or safety considerations.","SUNLENCA, in combination with other antiretroviral(s), is indicated for the treatment of human immunodeficiency virus type 1 (HIV-1) infection in heavily treatment-experienced adults with multidrug resistant HIV-1 infection failing their current antiretroviral regimen due to resistance, intolerance, or safety considerations.","FDA compilation: Approved Use(s)","","","","FDA compilation workbook (2025 Compilation)","FDA_COMPILATION","https://www.fda.gov/drugs/drug-approvals-and-databases/compilation-cder-new-molecular-entity-nme-drug-and-new-biologic-approvals","","Gilead Sciences, Inc.","Subcutaneous"
"2022","2022-12-23","Xenoview","xenon Xe 129 hyperpolarized","NDA214375","NDA novel drug","NDA novel drug","NME/NDA","TRUE","Polarean","Inhalation","Gas","Standard","No","No","No","No","","XENOVIEW, prepared from the Xenon Xe 129 Gas Blend, is indicated for use with magnetic resonance imaging (MRI) for evaluation of lung ventilation in adults and pediatric patients aged 12 years and older. Limitations of Use: XENOVIEW has not been evaluated for use with lung perfusion imaging.","XENOVIEW, prepared from the Xenon Xe 129 Gas Blend, is indicated for use with magnetic resonance imaging (MRI) for evaluation of lung ventilation in adults and pediatric patients aged 12 years and older. Limitations of Use: XENOVIEW has not been evaluated for use with lung perfusion imaging.","FDA compilation: Approved Use(s)","Magnetic Resonance Contrast Activity [MoA]","Hyperpolarized Contrast Agent [EPC]","","FDA compilation workbook (2025 Compilation)","FDA_COMPILATION","https://www.fda.gov/drugs/drug-approvals-and-databases/compilation-cder-new-molecular-entity-nme-drug-and-new-biologic-approvals","","Polarean, Inc.","Inhalation"
"2022","2022-12-28","Briumvi","ublituximab-xiiy","BLA761238","BLA novel biologic","BLA novel biologic","Biologic (BLA)","","TG Therapeutics","Intravenous","Injectable","Standard","No","No","No","No","","BRIUMVI is indicated for the treatment of relapsing forms of multiple sclerosis (MS), to include clinically isolated syndrome, relapsing-remitting disease, and active secondary progressive disease, in adults.","BRIUMVI is indicated for the treatment of relapsing forms of multiple sclerosis (MS), to include clinically isolated syndrome, relapsing-remitting disease, and active secondary progressive disease, in adults.","FDA compilation: Approved Use(s)","CD20-directed Antibody Interactions [MoA]","CD20-directed Cytolytic Antibody [EPC]","","FDA compilation workbook (2025 Compilation)","FDA_COMPILATION","https://www.fda.gov/drugs/drug-approvals-and-databases/compilation-cder-new-molecular-entity-nme-drug-and-new-biologic-approvals","","TG Therapeutics, Inc.","Intravenous"
"2022","2022-12-28","NexoBrid","anacaulase-bcdb","BLA761192","BLA novel biologic","BLA novel biologic","Biologic (BLA)","","MediWound","Topical","Gel","Standard","No","No","No","Yes","","NEXOBRID is indicated for eschar removal in adults with deep partial thickness (DPT) and/or full thickness (FT) thermal burns. Limitations of Use: The safety and effectiveness of NEXOBRID have not been established for treatment of: -Chemical or electrical burns -Burns on the face, perineum, or genitalia -Burns on the feet of patients with diabetes mellitus or on the feet of patients with occlusive vascular disease -Circumferential burns -Burns in patients with significant cardiopulmonary disease, including inhalation injury NEXOBRID is not recommended for wounds contaminated with radioactive and other hazardous substances to avoid unforeseeable reactions with the product and an increased risk of spreading the noxious substance.","NEXOBRID is indicated for eschar removal in adults with deep partial thickness (DPT) and/or full thickness (FT) thermal burns. Limitations of Use: The safety and effectiveness of NEXOBRID have not been established for treatment of: -Chemical or electrical burns -Burns on the face, perineum, or genitalia -Burns on the feet of patients with diabetes mellitus or on the feet of patients with occlusive vascular disease -Circumferential burns -Burns in patients with significant cardiopulmonary disease, including inhalation injury NEXOBRID is not recommended for wounds contaminated with radioactive and other hazardous substances to avoid unforeseeable reactions with the product and an increased risk of spreading the noxious substance.","FDA compilation: Approved Use(s)","","","","FDA compilation workbook (2025 Compilation)","FDA_COMPILATION","https://www.fda.gov/drugs/drug-approvals-and-databases/compilation-cder-new-molecular-entity-nme-drug-and-new-biologic-approvals","","MediWound, Ltd.","Topical"
"2023","2023-01-06","Leqembi","lecanemab-irmb","BLA761269","BLA novel biologic","BLA novel biologic","Biologic (BLA)","","Eisai","Injection","Injectable","Priority","Yes","Yes","Yes","No","","LEQEMBI is indicated for the treatment of Alzheimer’s disease. Treatment with LEQEMBI should be initiated in patients with mild cognitive impairment or mild dementia stage of disease, the population in which treatment was initiated in clinical trials. There are no safety or effectiveness data on initiating treatment at earlier or later stages of the disease than were studied. This indication is approved under accelerated approval based on reduction in amyloid beta plaques observed in patients treated with LEQEMBI . Continued approval for this indication may be contingent upon verification of clinical benefit in a confirmatory trial.","LEQEMBI is indicated for the treatment of Alzheimer’s disease. Treatment with LEQEMBI should be initiated in patients with mild cognitive impairment or mild dementia stage of disease, the population in which treatment was initiated in clinical trials. There are no safety or effectiveness data on initiating treatment at earlier or later stages of the disease than were studied. This indication is approved under accelerated approval based on reduction in amyloid beta plaques observed in patients treated with LEQEMBI . Continued approval for this indication may be contingent upon verification of clinical benefit in a confirmatory trial.","FDA compilation: Approved Use(s)","Amyloid Beta-directed Antibody Interactions [MoA]","Amyloid Beta-directed Antibody [EPC]","","FDA compilation workbook (2025 Compilation)","FDA_COMPILATION","https://www.fda.gov/drugs/drug-approvals-and-databases/compilation-cder-new-molecular-entity-nme-drug-and-new-biologic-approvals","","Eisai, Inc.","Injection"
"2023","2023-01-20","Brenzavvy","bexagliflozin","NDA214373","NDA novel drug","NDA novel drug","NME/NDA","TRUE","TheracosBio","Oral","Tablet","Standard","No","No","No","No","","BRENZAVVY is indicated as an adjunct to diet and exercise to improve glycemic control in adults with type 2 diabetes mellitus. Limitations of Use: BRENZAVVY is not recommended in patients with type 1 diabetes mellitus. It may increase the risk of diabetic ketoacidosis in these patients.","BRENZAVVY is indicated as an adjunct to diet and exercise to improve glycemic control in adults with type 2 diabetes mellitus. Limitations of Use: BRENZAVVY is not recommended in patients with type 1 diabetes mellitus. It may increase the risk of diabetic ketoacidosis in these patients.","FDA compilation: Approved Use(s)","Sodium-Glucose Transporter 2 Inhibitors [MoA]","Sodium-Glucose Cotransporter 2 Inhibitor [EPC]","","FDA compilation workbook (2025 Compilation)","FDA_COMPILATION","https://www.fda.gov/drugs/drug-approvals-and-databases/compilation-cder-new-molecular-entity-nme-drug-and-new-biologic-approvals","","TheracosBio, LLC.","Oral"
"2023","2023-01-27","Jaypirca","pirtobrutinib","NDA216059","NDA novel drug","NDA novel drug","NME/NDA","TRUE","Loxo Oncology","Oral","Tablet","Priority","Yes","No","Yes","Yes","","JAYPIRCA is indicated for the treatment of adult patients with relapsed or refractory mantle cell lymphoma (MCL) after at least two lines of systemic therapy, including a BTK inhibitor. This indication is approved under accelerated approval based on response rate. Continued approval for this indication may be contingent upon verification and description of clinical benefit in a confirmatory trial.","JAYPIRCA is indicated for the treatment of adult patients with relapsed or refractory mantle cell lymphoma (MCL) after at least two lines of systemic therapy, including a BTK inhibitor. This indication is approved under accelerated approval based on response rate. Continued approval for this indication may be contingent upon verification and description of clinical benefit in a confirmatory trial.","FDA compilation: Approved Use(s)","Breast Cancer Resistance Protein Inhibitors [MoA]; Bruton's Tyrosine Kinase Inhibitors [MoA]; Cytochrome P450 2C19 Inhibitors [MoA]; Cytochrome P450 2C8 Inhibitors [MoA]; Cytochrome P450 3A Inhibitors [MoA]; P-Glycoprotein Inhibitors [MoA]","Kinase Inhibitor [EPC]","","FDA compilation workbook (2025 Compilation)","FDA_COMPILATION","https://www.fda.gov/drugs/drug-approvals-and-databases/compilation-cder-new-molecular-entity-nme-drug-and-new-biologic-approvals","","Loxo Oncology, Inc.","Oral"
"2023","2023-01-27","Orserdu","elacestrant","NDA217639","NDA novel drug","NDA novel drug","NME/NDA","TRUE","Stemline Therapeutics","Oral","Tablet","Priority","No","No","Yes","No","","ORSERDU is indicated for the treatment of postmenopausal women or adult men with estrogen receptor (ER)-positive, human epidermal growth factor receptor 2 (HER2)-negative, ESR1-mutated advanced or metastatic breast cancer with disease progression following at least one line of endocrine therapy.","ORSERDU is indicated for the treatment of postmenopausal women or adult men with estrogen receptor (ER)-positive, human epidermal growth factor receptor 2 (HER2)-negative, ESR1-mutated advanced or metastatic breast cancer with disease progression following at least one line of endocrine therapy.","FDA compilation: Approved Use(s)","Breast Cancer Resistance Protein Inhibitors [MoA]; Estrogen Receptor Antagonists [MoA]; P-Glycoprotein Inhibitors [MoA]","Estrogen Receptor Antagonist [EPC]","","FDA compilation workbook (2025 Compilation)","FDA_COMPILATION","https://www.fda.gov/drugs/drug-approvals-and-databases/compilation-cder-new-molecular-entity-nme-drug-and-new-biologic-approvals","","Stemline Therapeutics, Inc.","Oral"
"2023","2023-02-01","Jesduvroq","daprodustat","NDA216951","NDA novel drug","NDA novel drug","NME/NDA","TRUE","GlaxoSmithKline","Oral","Tablet","Standard","No","No","No","No","","JESDUVROQ is indicated for the treatment of anemia due to chronic kidney disease (CKD) in adults who have been receiving dialysis for at least four months. Limitations of Use: JESDUVROQ has not been shown to improve quality of life, fatigue, or patient well-being. JESDUVROQ is not indicated for use: -As a substitute for red blood cell transfusions in patients who require immediate correction of anemia. -For treatment of anemia of chronic kidney disease in patients who are not on dialysis.","JESDUVROQ is indicated for the treatment of anemia due to chronic kidney disease (CKD) in adults who have been receiving dialysis for at least four months. Limitations of Use: JESDUVROQ has not been shown to improve quality of life, fatigue, or patient well-being. JESDUVROQ is not indicated for use: -As a substitute for red blood cell transfusions in patients who require immediate correction of anemia. -For treatment of anemia of chronic kidney disease in patients who are not on dialysis.","FDA compilation: Approved Use(s)","Hypoxia-Inducible Factor Prolyl Hydroxylase Inhibitors [MoA]","Hypoxia-inducible Factor Prolyl Hydroxylase Inhibitor [EPC]","","FDA compilation workbook (2025 Compilation)","FDA_COMPILATION","https://www.fda.gov/drugs/drug-approvals-and-databases/compilation-cder-new-molecular-entity-nme-drug-and-new-biologic-approvals","","GlaxoSmithKline Intellectual Property (No. 2) Limited England","Oral"
"2023","2023-02-16","Lamzede","velmanase alfa-tycv","BLA761278","BLA novel biologic","BLA novel biologic","Biologic (BLA)","","Chiesi Farmaceutici","Injection","Injectable","Priority","No","No","Yes","Yes","","LAMZEDE is indicated for the treatment of non-central nervous system manifestations of alpha-mannosidosis in adult and pediatric patients.","LAMZEDE is indicated for the treatment of non-central nervous system manifestations of alpha-mannosidosis in adult and pediatric patients.","FDA compilation: Approved Use(s)","","","","FDA compilation workbook (2025 Compilation)","FDA_COMPILATION","https://www.fda.gov/drugs/drug-approvals-and-databases/compilation-cder-new-molecular-entity-nme-drug-and-new-biologic-approvals","","Chiesi Farmaceutici SpA","Injection"
"2023","2023-02-17","Filspari","sparsentan","NDA216403","NDA novel drug","NDA novel drug","NME/NDA","TRUE","Travere Therapeutics","Oral","Tablet","Priority","Yes","No","No","Yes","","FILSPARI is indicated to reduce proteinuria in adults with primary immunoglobulin A nephropathy (IgAN) at risk of rapid disease progression, generally a urine protein-to-creatinine ratio (UPCR) >=1.5 g/g. This indication is approved under accelerated approval based on a reduction of proteinuria. It has not been established whether FILSPARI slows kidney function decline in patients with IgAN. Continued approval for this indication may be contingent upon verification and description of clinical benefit in a confirmatory clinical trial.","FILSPARI is indicated to reduce proteinuria in adults with primary immunoglobulin A nephropathy (IgAN) at risk of rapid disease progression, generally a urine protein-to-creatinine ratio (UPCR) >=1.5 g/g. This indication is approved under accelerated approval based on a reduction of proteinuria. It has not been established whether FILSPARI slows kidney function decline in patients with IgAN. Continued approval for this indication may be contingent upon verification and description of clinical benefit in a confirmatory clinical trial.","FDA compilation: Approved Use(s)","Angiotensin 2 Type 1 Receptor Antagonists [MoA]; Breast Cancer Resistance Protein Inhibitors [MoA]; Cytochrome P450 2B6 Inducers [MoA]; Cytochrome P450 2C19 Inducers [MoA]; Cytochrome P450 2C9 Inducers [MoA]; Endothelin Receptor Antagonists [MoA]; P-Glycoprotein Inhibitors [MoA]","Angiotensin 2 Receptor Blocker [EPC]; Endothelin Receptor Antagonist [EPC]","","FDA compilation workbook (2025 Compilation)","FDA_COMPILATION","https://www.fda.gov/drugs/drug-approvals-and-databases/compilation-cder-new-molecular-entity-nme-drug-and-new-biologic-approvals","","Travere Therapeutics, Inc.","Oral"
"2023","2023-02-28","Skyclarys","omaveloxolone","NDA216718","NDA novel drug","NDA novel drug","NME/NDA","TRUE","Reata Pharmaceuticals","Oral","Capsule","Priority","No","No","Yes","Yes","","SKYCLARYS is indicated for the treatment of Friedreich's ataxia in adults and adolescents aged 16 years and older.","SKYCLARYS is indicated for the treatment of Friedreich's ataxia in adults and adolescents aged 16 years and older.","FDA compilation: Approved Use(s)","Cytochrome P450 2C8 Inducers [MoA]; Cytochrome P450 3A4 Inducers [MoA]","","","FDA compilation workbook (2025 Compilation)","FDA_COMPILATION","https://www.fda.gov/drugs/drug-approvals-and-databases/compilation-cder-new-molecular-entity-nme-drug-and-new-biologic-approvals","","Reata Pharmaceuticals, Inc.","Oral"
"2023","2023-03-09","Zavzpret","zavegepant","NDA216386","NDA novel drug","NDA novel drug","NME/NDA","TRUE","Pfizer","Nasal","Spray, Metered","Standard","No","No","No","No","","ZAVZPRET is indicated for the acute treatment of migraine with or without aura in adults. Limitations of Use: ZAVZPRET is not indicated for the preventive treatment of migraine.","ZAVZPRET is indicated for the acute treatment of migraine with or without aura in adults. Limitations of Use: ZAVZPRET is not indicated for the preventive treatment of migraine.","FDA compilation: Approved Use(s)","","","","FDA compilation workbook (2025 Compilation)","FDA_COMPILATION","https://www.fda.gov/drugs/drug-approvals-and-databases/compilation-cder-new-molecular-entity-nme-drug-and-new-biologic-approvals","","Pfizer, Inc.","Nasal"
"2023","2023-03-10","Daybue","trofinetide","NDA217026","NDA novel drug","NDA novel drug","NME/NDA","TRUE","Acadia Pharmaceuticals","Oral","Solution","Priority","No","No","Yes","Yes","","DAYBUE is indicated for the treatment of Rett syndrome in adults and pediatric patients 2 years of age and older.","DAYBUE is indicated for the treatment of Rett syndrome in adults and pediatric patients 2 years of age and older.","FDA compilation: Approved Use(s)","Cytochrome P450 3A4 Inhibitors [MoA]; Organic Anion Transporting Polypeptide 1B1 Inhibitors [MoA]; Organic Anion Transporting Polypeptide 1B3 Inhibitors [MoA]","","","FDA compilation workbook (2025 Compilation)","FDA_COMPILATION","https://www.fda.gov/drugs/drug-approvals-and-databases/compilation-cder-new-molecular-entity-nme-drug-and-new-biologic-approvals","","Acadia Pharmaceuticals, Inc.","Oral"
"2023","2023-03-22","Rezzayo","rezafungin","NDA217417","NDA novel drug","NDA novel drug","NME/NDA","TRUE","Cidara Therapeutics","Injection","Injectable","Priority","No","No","Yes","Yes","","REZZAYO is indicated in patients 18 years of age or older who have limited or no alternative options for the treatment of candidemia and invasive candidiasis. Approval of this indication is based on limited clinical safety and efficacy data for REZZAYO. Limitations of Use: REZZAYO has not been studied in patients with endocarditis, osteomyelitis, and meningitis due to Candida.","REZZAYO is indicated in patients 18 years of age or older who have limited or no alternative options for the treatment of candidemia and invasive candidiasis. Approval of this indication is based on limited clinical safety and efficacy data for REZZAYO. Limitations of Use: REZZAYO has not been studied in patients with endocarditis, osteomyelitis, and meningitis due to Candida.","FDA compilation: Approved Use(s)","","Echinocandin Antifungal [EPC]","","FDA compilation workbook (2025 Compilation)","FDA_COMPILATION","https://www.fda.gov/drugs/drug-approvals-and-databases/compilation-cder-new-molecular-entity-nme-drug-and-new-biologic-approvals","","Cidara Therapeutics, Inc.","Injection"
"2023","2023-03-22","Zynyz","retifanlimab-dlwr","BLA761334","BLA novel biologic","BLA novel biologic","Biologic (BLA)","","Incyte","Injection","Injectable","Priority","Yes","No","Yes","Yes","","ZYNYZ is indicated for the treatment of adult patients with metastatic or recurrent locally advanced Merkel cell carcinoma (MCC). This indication is approved under accelerated approval based on tumor response rate and duration of response. Continued approval for this indication may be contingent upon verification and description of clinical benefit in confirmatory trials.","ZYNYZ is indicated for the treatment of adult patients with metastatic or recurrent locally advanced Merkel cell carcinoma (MCC). This indication is approved under accelerated approval based on tumor response rate and duration of response. Continued approval for this indication may be contingent upon verification and description of clinical benefit in confirmatory trials.","FDA compilation: Approved Use(s)","Programmed Death Receptor-1-directed Antibody Interactions [MoA]","Programmed Death Receptor-1 Blocking Antibody [EPC]","","FDA compilation workbook (2025 Compilation)","FDA_COMPILATION","https://www.fda.gov/drugs/drug-approvals-and-databases/compilation-cder-new-molecular-entity-nme-drug-and-new-biologic-approvals","","Incyte Corporation","Injection"
"2023","2023-03-24","Joenja","leniolisib","NDA217759","NDA novel drug","NDA novel drug","NME/NDA","TRUE","Pharming Technologies","Oral","Tablet","Priority","No","No","No","Yes","","JOENJA is indicated for the treatment of activated phosphoinositide 3-kinase delta (PI3K-delta) syndrome (APDS) in adult and pediatric patients 12 years of age and older.","JOENJA is indicated for the treatment of activated phosphoinositide 3-kinase delta (PI3K-delta) syndrome (APDS) in adult and pediatric patients 12 years of age and older.","FDA compilation: Approved Use(s)","","","","FDA compilation workbook (2025 Compilation)","FDA_COMPILATION","https://www.fda.gov/drugs/drug-approvals-and-databases/compilation-cder-new-molecular-entity-nme-drug-and-new-biologic-approvals","","Pharming Technologies B.V.","Oral"
"2023","2023-04-25","Qalsody","tofersen","NDA215887","NDA novel drug","NDA novel drug","NME/NDA","TRUE","Biogen","Injection","Injectable","Priority","Yes","No","Yes","Yes","","QALSODY is indicated for the treatment of amyotrophic lateral sclerosis (ALS) in adults who have a mutation in the superoxide dismutase 1 (SOD1) gene. This indication is approved under accelerated approval based on reduction in plasma neurofilament light chain (NfL) observed in patients treated with QALSODY. Continued approval for this indication may be contingent upon verification of clinical benefit in confirmatory trial(s).","QALSODY is indicated for the treatment of amyotrophic lateral sclerosis (ALS) in adults who have a mutation in the superoxide dismutase 1 (SOD1) gene. This indication is approved under accelerated approval based on reduction in plasma neurofilament light chain (NfL) observed in patients treated with QALSODY. Continued approval for this indication may be contingent upon verification of clinical benefit in confirmatory trial(s).","FDA compilation: Approved Use(s)","","Antisense Oligonucleotide [EPC]","","FDA compilation workbook (2025 Compilation)","FDA_COMPILATION","https://www.fda.gov/drugs/drug-approvals-and-databases/compilation-cder-new-molecular-entity-nme-drug-and-new-biologic-approvals","","Biogen, Inc.","Injection"
"2023","2023-05-09","Elfabrio","pegunigalsidase alfa-iwxj","BLA761161","BLA novel biologic","BLA novel biologic","Biologic (BLA)","","Chiesi Farmaceutici","Injection","Injectable","Priority","No","No","Yes","No","","ELFABRIO is indicated for the treatment of adults with confirmed Fabry disease.","ELFABRIO is indicated for the treatment of adults with confirmed Fabry disease.","FDA compilation: Approved Use(s)","","Hydrolytic Lysosomal Neutral Glycosphingolipid-specific Enzyme [EPC]","","FDA compilation workbook (2025 Compilation)","FDA_COMPILATION","https://www.fda.gov/drugs/drug-approvals-and-databases/compilation-cder-new-molecular-entity-nme-drug-and-new-biologic-approvals","","Chiesi Farmaceutici SpA","Injection"
"2023","2023-05-12","Veozah","fezolinetant","NDA216578","NDA novel drug","NDA novel drug","NME/NDA","TRUE","Astellas Pharma","Oral","Tablet","Priority (used priority review voucher)","No","No","No","No","","VEOZAH is indicated for the treatment of moderate to severe vasomotor symptoms due to menopause.","VEOZAH is indicated for the treatment of moderate to severe vasomotor symptoms due to menopause.","FDA compilation: Approved Use(s)","Neurokinin 3 Receptor Antagonists [MoA]","Neurokinin 3 Receptor Antagonist [EPC]","","FDA compilation workbook (2025 Compilation)","FDA_COMPILATION","https://www.fda.gov/drugs/drug-approvals-and-databases/compilation-cder-new-molecular-entity-nme-drug-and-new-biologic-approvals","","Astellas Pharma US, Inc.","Oral"
"2023","2023-05-18","Miebo","perfluorohexyloctane","NDA216675","NDA novel drug","NDA novel drug","NME/NDA","TRUE","Bausch & Lomb","Ophthalmic","Solution","Standard","No","No","No","No","","MIEBO (perfluorohexyloctane ophthalmic solution) is indicated for the treatment of the signs and symptoms of dry eye disease (DED).","MIEBO (perfluorohexyloctane ophthalmic solution) is indicated for the treatment of the signs and symptoms of dry eye disease (DED).","FDA compilation: Approved Use(s)","","Semifluorinated Alkane [EPC]","","FDA compilation workbook (2025 Compilation)","FDA_COMPILATION","https://www.fda.gov/drugs/drug-approvals-and-databases/compilation-cder-new-molecular-entity-nme-drug-and-new-biologic-approvals","","Bausch and Lomb, Inc.","Ophthalmic"
"2023","2023-05-19","Epkinly","epcoritamab-bysp","BLA761324","BLA novel biologic","BLA novel biologic","Biologic (BLA)","","Genmab US","Injection","Injectable","Priority","Yes","No","No","No","","EPKINLY is indicated for the treatment of adult patients with relapsed or refractory diffuse large B-cell lymphoma (DLBCL), not otherwise specified, including DLBCL arising from indolent lymphoma, and high-grade B-cell lymphoma after two or more lines of systemic therapy. This indication is approved under accelerated approval based on response rate and durability of response. Continued approval for this indication may be contingent upon verification and description of clinical benefit in a confirmatory trial(s).","EPKINLY is indicated for the treatment of adult patients with relapsed or refractory diffuse large B-cell lymphoma (DLBCL), not otherwise specified, including DLBCL arising from indolent lymphoma, and high-grade B-cell lymphoma after two or more lines of systemic therapy. This indication is approved under accelerated approval based on response rate and durability of response. Continued approval for this indication may be contingent upon verification and description of clinical benefit in a confirmatory trial(s).","FDA compilation: Approved Use(s)","CD20-directed Antibody Interactions [MoA]; CD3 Receptor Agonists [MoA]; CD3-directed Antibody Interactions [MoA]; Cytochrome P450 Inhibitors [MoA]","Bispecific CD20-directed CD3 T Cell Engager [EPC]","","FDA compilation workbook (2025 Compilation)","FDA_COMPILATION","https://www.fda.gov/drugs/drug-approvals-and-databases/compilation-cder-new-molecular-entity-nme-drug-and-new-biologic-approvals","","Genmab US, Inc.","Injection"
"2023","2023-05-23","Xacduro","sulbactam; durlobactam (co-packaged)","NDA216974","NDA novel drug","NDA novel drug","NME/NDA","TRUE","Entasis Therapeutics","Injection","Injectable","Priority","No","No","Yes","No","","XACDURO is indicated in patients 18 years of age and older for the treatment of hospitalacquired bacterial pneumonia and ventilator-associated bacterial pneumonia (HABP/VABP), caused by susceptible isolates of Acinetobacter baumannii-calcoaceticus complex. Limitations of Use: XACDURO is not indicated for the treatment of HABP/VABP caused by pathogens other than susceptible isolates of Acinetobacter baumannii-calcoaceticus complex. To reduce the development of drug-resistant bacteria and maintain the effectiveness of XACDURO and other antibacterial drugs, XACDURO should be used only to treat or prevent infections that are proven or strongly suspected to be caused by susceptible bacteria. When culture and susceptibility information are available, they should be considered in selecting or modifying antibacterial therapy. In the absence of such data, local epidemiology and susceptibility patterns may contribute to the empiric selection of therapy.","XACDURO is indicated in patients 18 years of age and older for the treatment of hospitalacquired bacterial pneumonia and ventilator-associated bacterial pneumonia (HABP/VABP), caused by susceptible isolates of Acinetobacter baumannii-calcoaceticus complex. Limitations of Use: XACDURO is not indicated for the treatment of HABP/VABP caused by pathogens other than susceptible isolates of Acinetobacter baumannii-calcoaceticus complex. To reduce the development of drug-resistant bacteria and maintain the effectiveness of XACDURO and other antibacterial drugs, XACDURO should be used only to treat or prevent infections that are proven or strongly suspected to be caused by susceptible bacteria. When culture and susceptibility information are available, they should be considered in selecting or modifying antibacterial therapy. In the absence of such data, local epidemiology and susceptibility patterns may contribute to the empiric selection of therapy.","FDA compilation: Approved Use(s)","","","","FDA compilation workbook (2025 Compilation)","FDA_COMPILATION","https://www.fda.gov/drugs/drug-approvals-and-databases/compilation-cder-new-molecular-entity-nme-drug-and-new-biologic-approvals","","Entasis Therapeutics, Inc.","Injection"
"2023","2023-05-25","Paxlovid","nirmatrelvir; ritonavir (co-packaged)","NDA217188","NDA novel drug","NDA novel drug","NME/NDA","TRUE","Pfizer","Oral","Tablet","Priority","No","No","Yes","No","","PAXLOVID is indicated for the treatment of mild-to-moderate coronavirus disease 2019 (COVID-19) in adults who are at high risk for progression to severe COVID-19, including hospitalization or death. Limitations of Use: PAXLOVID is not approved for use as pre-exposure or post-exposure prophylaxis for prevention of COVID-19.","PAXLOVID is indicated for the treatment of mild-to-moderate coronavirus disease 2019 (COVID-19) in adults who are at high risk for progression to severe COVID-19, including hospitalization or death. Limitations of Use: PAXLOVID is not approved for use as pre-exposure or post-exposure prophylaxis for prevention of COVID-19.","FDA compilation: Approved Use(s)","","","","FDA compilation workbook (2025 Compilation)","FDA_COMPILATION","https://www.fda.gov/drugs/drug-approvals-and-databases/compilation-cder-new-molecular-entity-nme-drug-and-new-biologic-approvals","","Pfizer, Inc.","Oral"
"2023","2023-05-25","Posluma","flotufolastat F 18","NDA216023","NDA novel drug","NDA novel drug","NME/NDA","TRUE","Blue Earth Diagnostics","Injection","Injectable","Standard","No","No","No","No","","POSLUMA is indicated for positron emission tomography (PET) of prostate-specific membrane antigen (PSMA) positive lesions in men with prostate cancer - with suspected metastasis who are candidates for initial definitive therapy. - with suspected recurrence based on elevated serum prostate-specific antigen (PSA) level.","POSLUMA is indicated for positron emission tomography (PET) of prostate-specific membrane antigen (PSMA) positive lesions in men with prostate cancer - with suspected metastasis who are candidates for initial definitive therapy. - with suspected recurrence based on elevated serum prostate-specific antigen (PSA) level.","FDA compilation: Approved Use(s)","Positron Emitting Activity [MoA]","Radioactive Diagnostic Agent [EPC]","","FDA compilation workbook (2025 Compilation)","FDA_COMPILATION","https://www.fda.gov/drugs/drug-approvals-and-databases/compilation-cder-new-molecular-entity-nme-drug-and-new-biologic-approvals","","Blue Earth Diagnostics, Ltd.","Injection"
"2023","2023-05-26","Inpefa","sotagliflozin","NDA216203","NDA novel drug","NDA novel drug","NME/NDA","TRUE","Lexicon Pharmaceuticals","Oral","Tablet","Standard","No","No","No","No","","INPEFA is indicated to reduce the risk of cardiovascular death, hospitalization for heart failure, and urgent heart failure visit in adults with: - heart failure or - type 2 diabetes mellitus, chronic kidney disease, and other cardiovascular risk factors","INPEFA is indicated to reduce the risk of cardiovascular death, hospitalization for heart failure, and urgent heart failure visit in adults with: - heart failure or - type 2 diabetes mellitus, chronic kidney disease, and other cardiovascular risk factors","FDA compilation: Approved Use(s)","P-Glycoprotein Inhibitors [MoA]; Sodium-Glucose Transporter 2 Inhibitors [MoA]","Sodium-Glucose Cotransporter 2 Inhibitor [EPC]","","FDA compilation workbook (2025 Compilation)","FDA_COMPILATION","https://www.fda.gov/drugs/drug-approvals-and-databases/compilation-cder-new-molecular-entity-nme-drug-and-new-biologic-approvals","","Lexicon Pharmaceuticals, Inc.","Oral"
"2023","2023-06-15","Columvi","glofitamab-gxbm","BLA761309","BLA novel biologic","BLA novel biologic","Biologic (BLA)","","Genentech","Injection","Injectable","Priority","Yes","No","Yes","No","","COLUMVI is indicated for the treatment of adult patients with relapsed or refractory diffuse large B-cell lymphoma, not otherwise specified (DLBCL, NOS) or large B-cell lymphoma (LBCL) arising from follicular lymphoma, after two or more lines of systemic therapy. This indication is approved under accelerated approval based on response rate and durability of response. Continued approval for this indication may be contingent upon verification and description of clinical benefit in a confirmatory trial(s).","COLUMVI is indicated for the treatment of adult patients with relapsed or refractory diffuse large B-cell lymphoma, not otherwise specified (DLBCL, NOS) or large B-cell lymphoma (LBCL) arising from follicular lymphoma, after two or more lines of systemic therapy. This indication is approved under accelerated approval based on response rate and durability of response. Continued approval for this indication may be contingent upon verification and description of clinical benefit in a confirmatory trial(s).","FDA compilation: Approved Use(s)","CD20-directed Antibody Interactions [MoA]; CD3 Receptor Agonists [MoA]; CD3-directed Antibody Interactions [MoA]; Cytochrome P450 Inhibitors [MoA]","Bispecific CD20-directed CD3 T Cell Engager [EPC]","","FDA compilation workbook (2025 Compilation)","FDA_COMPILATION","https://www.fda.gov/drugs/drug-approvals-and-databases/compilation-cder-new-molecular-entity-nme-drug-and-new-biologic-approvals","","Genentech, Inc.","Injection"
"2023","2023-06-23","Litfulo","ritlecitinib","NDA215830","NDA novel drug","NDA novel drug","NME/NDA","TRUE","Pfizer","Oral","Capsule","Standard","No","No","No","No","","LITFULO is a kinase inhibitor indicated for the treatment of severe alopecia areata in adults and adolescents 12 years and older. Limitations of Use: Not recommended for use in combination with other JAK inhibitors, biologic immunomodulators, cyclosporine or other potent immunosuppressants.","LITFULO is a kinase inhibitor indicated for the treatment of severe alopecia areata in adults and adolescents 12 years and older. Limitations of Use: Not recommended for use in combination with other JAK inhibitors, biologic immunomodulators, cyclosporine or other potent immunosuppressants.","FDA compilation: Approved Use(s)","","","","FDA compilation workbook (2025 Compilation)","FDA_COMPILATION","https://www.fda.gov/drugs/drug-approvals-and-databases/compilation-cder-new-molecular-entity-nme-drug-and-new-biologic-approvals","","Pfizer, Inc.","Oral"
"2023","2023-06-26","Rystiggo","rozanolixizumab-noli","BLA761286","BLA novel biologic","BLA novel biologic","Biologic (BLA)","","UCB","Injection","Injectable","Priority","No","No","No","Yes","","RYSTIGGO is indicated for the treatment of generalized myasthenia gravis (gMG) in adult patients who are anti-acetylcholine receptor (AChR) or anti-muscle-specific tyrosine kinase (MuSK) antibody positive.","RYSTIGGO is indicated for the treatment of generalized myasthenia gravis (gMG) in adult patients who are anti-acetylcholine receptor (AChR) or anti-muscle-specific tyrosine kinase (MuSK) antibody positive.","FDA compilation: Approved Use(s)","Neonatal Fc Receptor Blockers [MoA]","Neonatal Fc Receptor Blocker [EPC]","","FDA compilation workbook (2025 Compilation)","FDA_COMPILATION","https://www.fda.gov/drugs/drug-approvals-and-databases/compilation-cder-new-molecular-entity-nme-drug-and-new-biologic-approvals","","UCB, Inc.","Injection"
"2023","2023-06-27","Ngenla","somatrogon-ghla","BLA761184","BLA novel biologic","BLA novel biologic","Biologic (BLA)","","Pfizer","Injection","Injectable","Standard","No","No","No","Yes","","NGENLA is indicated for the treatment of pediatric patients aged 3 years and older who have growth failure due to an inadequate secretion of endogenous growth hormone.","NGENLA is indicated for the treatment of pediatric patients aged 3 years and older who have growth failure due to an inadequate secretion of endogenous growth hormone.","FDA compilation: Approved Use(s)","","","","FDA compilation workbook (2025 Compilation)","FDA_COMPILATION","https://www.fda.gov/drugs/drug-approvals-and-databases/compilation-cder-new-molecular-entity-nme-drug-and-new-biologic-approvals","","Pfizer Ireland Pharmaceuticals","Injection"
"2023","2023-07-17","Beyfortus","nirsevimab-alip","BLA761328","BLA novel biologic","BLA novel biologic","Biologic (BLA)","","AstraZeneca","Injection","Injectable","Standard","No","No","Yes","No","","BEYFORTUS is indicated for the prevention of Respiratory Syncytial Virus (RSV) lower respiratory tract disease in: - Neonates and infants born during or entering their first RSV season. - Children up to 24 months of age who remain vulnerable to severe RSV disease through their second RSV season.","BEYFORTUS is indicated for the prevention of Respiratory Syncytial Virus (RSV) lower respiratory tract disease in: - Neonates and infants born during or entering their first RSV season. - Children up to 24 months of age who remain vulnerable to severe RSV disease through their second RSV season.","FDA compilation: Approved Use(s)","Fusion Protein Inhibitors [MoA]","Respiratory Syncytial Virus Anti-F Protein Monoclonal Antibody [EPC]","","FDA compilation workbook (2025 Compilation)","FDA_COMPILATION","https://www.fda.gov/drugs/drug-approvals-and-databases/compilation-cder-new-molecular-entity-nme-drug-and-new-biologic-approvals","","AstraZeneca AB","Injection"
"2023","2023-07-20","Vanflyta","quizartinib","NDA216993","NDA novel drug","NDA novel drug","NME/NDA","TRUE","Daiichi Sankyo","Oral","Tablet","Priority","No","No","Yes","Yes","","VANFLYTA is indicated in combination with standard cytarabine and anthracycline induction and cytarabine consolidation, and as maintenance monotherapy following consolidation chemotherapy, for the treatment of adult patients with newly diagnosed acute myeloid leukemia (AML) that is FLT3 internal tandem duplication (ITD)-positive as detected by an FDA-approved test. Limitations of Use: VANFLYTA is not indicated as maintenance monotherapy following allogeneic hematopoietic stem cell transplantation (HSCT); improvement in overall survival with VANFLYTA in this setting has not been demonstrated.","VANFLYTA is indicated in combination with standard cytarabine and anthracycline induction and cytarabine consolidation, and as maintenance monotherapy following consolidation chemotherapy, for the treatment of adult patients with newly diagnosed acute myeloid leukemia (AML) that is FLT3 internal tandem duplication (ITD)-positive as detected by an FDA-approved test. Limitations of Use: VANFLYTA is not indicated as maintenance monotherapy following allogeneic hematopoietic stem cell transplantation (HSCT); improvement in overall survival with VANFLYTA in this setting has not been demonstrated.","FDA compilation: Approved Use(s)","","","","FDA compilation workbook (2025 Compilation)","FDA_COMPILATION","https://www.fda.gov/drugs/drug-approvals-and-databases/compilation-cder-new-molecular-entity-nme-drug-and-new-biologic-approvals","","Daiichi Sankyo, Inc.","Oral"
"2023","2023-07-24","Xdemvy","lotilaner","NDA217603","NDA novel drug","NDA novel drug","NME/NDA","TRUE","Tarsus Pharmaceuticals","Ophthalmic","Solution","Standard","No","No","No","No","","XDEMVY is indicated for the treatment of Demodex blepharitis.","XDEMVY is indicated for the treatment of Demodex blepharitis.","FDA compilation: Approved Use(s)","","Ectoparasiticide [EPC]","","FDA compilation workbook (2025 Compilation)","FDA_COMPILATION","https://www.fda.gov/drugs/drug-approvals-and-databases/compilation-cder-new-molecular-entity-nme-drug-and-new-biologic-approvals","","Tarsus Pharmaceuticals, Inc.","Ophthalmic"
"2023","2023-08-04","Izervay","avacincaptad pegol","NDA217225","NDA novel drug","NDA novel drug","NME/NDA","TRUE","IVERIC Bio","Intravitreal","Solution","Priority","No","Yes","Yes","No","","IZERVAY is indicated for the treatment of geographic atrophy (GA) secondary to age-related macular degeneration (AMD).","IZERVAY is indicated for the treatment of geographic atrophy (GA) secondary to age-related macular degeneration (AMD).","FDA compilation: Approved Use(s)","","","","FDA compilation workbook (2025 Compilation)","FDA_COMPILATION","https://www.fda.gov/drugs/drug-approvals-and-databases/compilation-cder-new-molecular-entity-nme-drug-and-new-biologic-approvals","","IVERIC Bio, Inc.","Intravitreal"
"2023","2023-08-04","Zurzuvae","zuranolone","NDA217369","NDA novel drug","NDA novel drug","NME/NDA","TRUE","Sage Therapeutics","Oral","Capsule","Priority","No","No","Yes","No","","ZURZUVAE is indicated for the treatment of postpartum depression (PPD) in adults.","ZURZUVAE is indicated for the treatment of postpartum depression (PPD) in adults.","FDA compilation: Approved Use(s)","GABA A Receptor Positive Modulators [MoA]","Neuroactive Steroid Gamma-Aminobutyric Acid A Receptor Positive Modulator [EPC]","","FDA compilation workbook (2025 Compilation)","FDA_COMPILATION","https://www.fda.gov/drugs/drug-approvals-and-databases/compilation-cder-new-molecular-entity-nme-drug-and-new-biologic-approvals","","Sage Therapeutics, Inc.","Oral"
"2023","2023-08-09","Talvey","talquetamab-tgvs","BLA761342","BLA novel biologic","BLA novel biologic","Biologic (BLA)","","Janssen","Injection","Injectable","Priority","Yes","Yes","No","Yes","","TALVEY is indicated for the treatment of adult patients with relapsed or refractory multiple myeloma who have received at least four prior lines of therapy, including a proteasome inhibitor, an immunomodulatory agent and an anti-CD38 monoclonal antibody. This indication is approved under accelerated approval based on response rate and durability of response. Continued approval for this indication may be contingent upon verification and description of clinical benefit in a confirmatory trial(s).","TALVEY is indicated for the treatment of adult patients with relapsed or refractory multiple myeloma who have received at least four prior lines of therapy, including a proteasome inhibitor, an immunomodulatory agent and an anti-CD38 monoclonal antibody. This indication is approved under accelerated approval based on response rate and durability of response. Continued approval for this indication may be contingent upon verification and description of clinical benefit in a confirmatory trial(s).","FDA compilation: Approved Use(s)","","","","FDA compilation workbook (2025 Compilation)","FDA_COMPILATION","https://www.fda.gov/drugs/drug-approvals-and-databases/compilation-cder-new-molecular-entity-nme-drug-and-new-biologic-approvals","","Janssen Biotech, Inc.","Injection"
"2023","2023-08-14","Elrexfio","elranatamab-bcmm","BLA761345","BLA novel biologic","BLA novel biologic","Biologic (BLA)","","Pfizer","Injection","Injectable","Priority","Yes","Yes","Yes","Yes","","ELREXFIO is indicated for the treatment of adult patients with relapsed or refractory multiple myeloma who have received at least four prior lines of therapy, including a proteasome inhibitor, an immunomodulatory agent, and an anti-CD38 monoclonal antibody. This indication is approved under accelerated approval based on response rate and durability of response. Continued approval for this indication may be contingent upon verification of clinical benefit in a confirmatory trial(s).","ELREXFIO is indicated for the treatment of adult patients with relapsed or refractory multiple myeloma who have received at least four prior lines of therapy, including a proteasome inhibitor, an immunomodulatory agent, and an anti-CD38 monoclonal antibody. This indication is approved under accelerated approval based on response rate and durability of response. Continued approval for this indication may be contingent upon verification of clinical benefit in a confirmatory trial(s).","FDA compilation: Approved Use(s)","","","","FDA compilation workbook (2025 Compilation)","FDA_COMPILATION","https://www.fda.gov/drugs/drug-approvals-and-databases/compilation-cder-new-molecular-entity-nme-drug-and-new-biologic-approvals","","Pfizer, Inc.","Injection"
"2023","2023-08-16","Sohonos","palovarotene","NDA215559","NDA novel drug","NDA novel drug","NME/NDA","TRUE","Ipsen Biopharmaceuticals","Oral","Capsule","Priority","No","No","No","Yes","","SOHONOS is indicated for the reduction in volume of new heterotopic ossification in adults and pediatric patients aged 8 years and older for females and 10 years and older for males with fibrodysplasia ossificans progressiva (FOP).","SOHONOS is indicated for the reduction in volume of new heterotopic ossification in adults and pediatric patients aged 8 years and older for females and 10 years and older for males with fibrodysplasia ossificans progressiva (FOP).","FDA compilation: Approved Use(s)","","Retinoid [EPC]","","FDA compilation workbook (2025 Compilation)","FDA_COMPILATION","https://www.fda.gov/drugs/drug-approvals-and-databases/compilation-cder-new-molecular-entity-nme-drug-and-new-biologic-approvals","","Ipsen Biopharmaceuticals, Inc.","Oral"
"2023","2023-08-18","Veopoz","pozelimab-bbfg","BLA761339","BLA novel biologic","BLA novel biologic","Biologic (BLA)","","Regeneron Pharmaceuticals","Injection","Injectable","Priority","No","No","Yes","Yes","","VEOPOZ is indicated for the treatment of adult and pediatric patients 1 year of age and older with CD55-deficient protein-losing enteropathy (PLE), also known as CHAPLE disease.","VEOPOZ is indicated for the treatment of adult and pediatric patients 1 year of age and older with CD55-deficient protein-losing enteropathy (PLE), also known as CHAPLE disease.","FDA compilation: Approved Use(s)","Complement Inhibitors [MoA]","Complement Inhibitor [EPC]","","FDA compilation workbook (2025 Compilation)","FDA_COMPILATION","https://www.fda.gov/drugs/drug-approvals-and-databases/compilation-cder-new-molecular-entity-nme-drug-and-new-biologic-approvals","","Regeneron Pharmaceuticals, Inc.","Injection"
"2023","2023-09-08","Aphexda","motixafortide","NDA217159","NDA novel drug","NDA novel drug","NME/NDA","TRUE","BioLineRx","Injection","Injectable","Standard","No","No","No","Yes","","APHEXDA is indicated in combination with filgrastim (G-CSF) to mobilize hematopoietic stem cells to the peripheral blood for collection and subsequent autologous transplantation in patients with multiple myeloma.","APHEXDA is indicated in combination with filgrastim (G-CSF) to mobilize hematopoietic stem cells to the peripheral blood for collection and subsequent autologous transplantation in patients with multiple myeloma.","FDA compilation: Approved Use(s)","","","","FDA compilation workbook (2025 Compilation)","FDA_COMPILATION","https://www.fda.gov/drugs/drug-approvals-and-databases/compilation-cder-new-molecular-entity-nme-drug-and-new-biologic-approvals","","BioLineRx, Ltd.","Injection"
"2023","2023-09-15","Ojjaara","momelotinib","NDA216873","NDA novel drug","NDA novel drug","NME/NDA","TRUE","GlaxoSmithKline","Oral","Tablet","Standard","No","No","No","Yes","","OJJAARA is indicated for the treatment of intermediate or high-risk myelofibrosis (MF), including primary MF or secondary MF [post-polycythemia vera (PV) and post-essential thrombocythemia (ET)], in adults with anemia.","OJJAARA is indicated for the treatment of intermediate or high-risk myelofibrosis (MF), including primary MF or secondary MF [post-polycythemia vera (PV) and post-essential thrombocythemia (ET)], in adults with anemia.","FDA compilation: Approved Use(s)","","","","FDA compilation workbook (2025 Compilation)","FDA_COMPILATION","https://www.fda.gov/drugs/drug-approvals-and-databases/compilation-cder-new-molecular-entity-nme-drug-and-new-biologic-approvals","","GlaxoSmithKline, LLC","Oral"
"2023","2023-09-22","Exxua","gepirone","NDA21164","NDA novel drug","NDA novel drug","NME/NDA","TRUE","Fabre-Kramer Pharmaceuticals","Oral","Tablet","Standard","No","No","No","No","","EXXUA is indicated for the treatment of major depressive disorder (MDD) in adults.","EXXUA is indicated for the treatment of major depressive disorder (MDD) in adults.","FDA compilation: Approved Use(s)","","","","FDA compilation workbook (2025 Compilation)","FDA_COMPILATION","https://www.fda.gov/drugs/drug-approvals-and-databases/compilation-cder-new-molecular-entity-nme-drug-and-new-biologic-approvals","","Fabre-Kramer Pharmaceuticals, Inc.","Oral"
"2023","2023-09-28","Pombiliti","cipaglucosidase alfa-atga","BLA761204","BLA novel biologic","BLA novel biologic","Biologic (BLA)","","Amicus Therapeutics","Injection","Injectable","Standard","No","Yes","No","Yes","","POMBILITI is indicated, in combination with Opfolda, for the treatment of adult patients with late-onset Pompe disease (lysosomal acid alpha-glucosidase [GAA] deficiency) weighing >=40 kg and who are not improving on their current enzyme replacement therapy (ERT).","POMBILITI is indicated, in combination with Opfolda, for the treatment of adult patients with late-onset Pompe disease (lysosomal acid alpha-glucosidase [GAA] deficiency) weighing >=40 kg and who are not improving on their current enzyme replacement therapy (ERT).","FDA compilation: Approved Use(s)","","","","FDA compilation workbook (2025 Compilation)","FDA_COMPILATION","https://www.fda.gov/drugs/drug-approvals-and-databases/compilation-cder-new-molecular-entity-nme-drug-and-new-biologic-approvals","","Amicus Therapeutics US, LLC","Injection"
"2023","2023-09-29","Rivfloza","nedosiran","NDA215842","NDA novel drug","NDA novel drug","NME/NDA","TRUE","Novo Nordisk","Injection","Injectable","Standard","No","Yes","No","Yes","","RIVFLOZA is indicated to lower urinary oxalate levels in children 9 years of age and older and adults with primary hyperoxaluria type 1 (PH1) and relatively preserved kidney function, e.g., eGFR >= 30 mL/min/1.73 m^2","RIVFLOZA is indicated to lower urinary oxalate levels in children 9 years of age and older and adults with primary hyperoxaluria type 1 (PH1) and relatively preserved kidney function, e.g., eGFR >= 30 mL/min/1.73 m^2","FDA compilation: Approved Use(s)","","","","FDA compilation workbook (2025 Compilation)","FDA_COMPILATION","https://www.fda.gov/drugs/drug-approvals-and-databases/compilation-cder-new-molecular-entity-nme-drug-and-new-biologic-approvals","","Novo Nordisk, Inc.","Injection"
"2023","2023-10-12","Velsipity","etrasimod","NDA216956","NDA novel drug","NDA novel drug","NME/NDA","TRUE","Pfizer","Oral","Tablet","Standard","No","No","No","No","","VELSIPITY is indicated for the treatment of moderately to severely active ulcerative colitis (UC) in adults.","VELSIPITY is indicated for the treatment of moderately to severely active ulcerative colitis (UC) in adults.","FDA compilation: Approved Use(s)","","","","FDA compilation workbook (2025 Compilation)","FDA_COMPILATION","https://www.fda.gov/drugs/drug-approvals-and-databases/compilation-cder-new-molecular-entity-nme-drug-and-new-biologic-approvals","","Pfizer, Inc.","Oral"
"2023","2023-10-17","Bimzelx","bimekizumab-bkzx","BLA761151","BLA novel biologic","BLA novel biologic","Biologic (BLA)","","UCB","Injection","Injectable","Standard","No","No","No","No","","BIMZELX is indicated for the treatment of moderate to severe plaque psoriasis in adult patients who are candidates for systemic therapy or phototherapy.","BIMZELX is indicated for the treatment of moderate to severe plaque psoriasis in adult patients who are candidates for systemic therapy or phototherapy.","FDA compilation: Approved Use(s)","","","","FDA compilation workbook (2025 Compilation)","FDA_COMPILATION","https://www.fda.gov/drugs/drug-approvals-and-databases/compilation-cder-new-molecular-entity-nme-drug-and-new-biologic-approvals","","UCB, Inc.","Injection"
"2023","2023-10-17","Zilbrysq","zilucoplan","NDA216834","NDA novel drug","NDA novel drug","NME/NDA","TRUE","UCB","Injection","Injectable","Standard","No","No","No","Yes","","ZILBRYSQ is indicated for the treatment of generalized myasthenia gravis (gMG) in adult patients who are anti-acetylcholine receptor (AChR) antibody positive.","ZILBRYSQ is indicated for the treatment of generalized myasthenia gravis (gMG) in adult patients who are anti-acetylcholine receptor (AChR) antibody positive.","FDA compilation: Approved Use(s)","Complement Inhibitors [MoA]","Complement Inhibitor [EPC]","","FDA compilation workbook (2025 Compilation)","FDA_COMPILATION","https://www.fda.gov/drugs/drug-approvals-and-databases/compilation-cder-new-molecular-entity-nme-drug-and-new-biologic-approvals","","UCB, Inc.","Injection"
"2023","2023-10-26","Agamree","vamorolone","NDA215239","NDA novel drug","NDA novel drug","NME/NDA","TRUE","Santhera Pharmaceuticals (Switzerland)","Oral","Suspension","Standard","No","No","Yes","Yes","","AGAMREE is indicated for the treatment of Duchenne muscular dystrophy (DMD) in patients 2 years of age and older.","AGAMREE is indicated for the treatment of Duchenne muscular dystrophy (DMD) in patients 2 years of age and older.","FDA compilation: Approved Use(s)","","","","FDA compilation workbook (2025 Compilation)","FDA_COMPILATION","https://www.fda.gov/drugs/drug-approvals-and-databases/compilation-cder-new-molecular-entity-nme-drug-and-new-biologic-approvals","","Santhera Pharmaceuticals (Switzerland) Ltd.","Oral"
"2023","2023-10-26","Omvoh","mirikizumab-mrkz","BLA761279","BLA novel biologic","BLA novel biologic","Biologic (BLA)","","Eli Lilly","Injection","Injectable","Standard","No","No","No","No","","OMVOH is indicated for the treatment of moderately to severely active ulcerative colitis in adults.","OMVOH is indicated for the treatment of moderately to severely active ulcerative colitis in adults.","FDA compilation: Approved Use(s)","Interleukin-23 Antagonists [MoA]","Interleukin-23 Antagonist [EPC]","","FDA compilation workbook (2025 Compilation)","FDA_COMPILATION","https://www.fda.gov/drugs/drug-approvals-and-databases/compilation-cder-new-molecular-entity-nme-drug-and-new-biologic-approvals","","Eli Lilly and Company","Injection"
"2023","2023-10-27","Loqtorzi","toripalimab-tpzi","BLA761240","BLA novel biologic","BLA novel biologic","Biologic (BLA)","","Coherus BioSciences","Injection","Injectable","Priority","No","Yes","No","Yes","","LOQTORZI is indicated, in combination with cisplatin and gemcitabine, for the first-line treatment of adults with metastatic or with recurrent, locally advanced nasopharyngeal carcinoma (NPC). LOQTORZI is indicated, as a single agent, for the treatment of adults with recurrent unresectable or metastatic NPC with disease progression on or after a platinum-containing chemotherapy.","LOQTORZI is indicated, in combination with cisplatin and gemcitabine, for the first-line treatment of adults with metastatic or with recurrent, locally advanced nasopharyngeal carcinoma (NPC). LOQTORZI is indicated, as a single agent, for the treatment of adults with recurrent unresectable or metastatic NPC with disease progression on or after a platinum-containing chemotherapy.","FDA compilation: Approved Use(s)","Programmed Death Receptor-1-directed Antibody Interactions [MoA]","Programmed Death Receptor-1 Blocking Antibody [EPC]","","FDA compilation workbook (2025 Compilation)","FDA_COMPILATION","https://www.fda.gov/drugs/drug-approvals-and-databases/compilation-cder-new-molecular-entity-nme-drug-and-new-biologic-approvals","","Coherus BioSciences, Inc.","Injection"
"2023","2023-11-08","Fruzaqla","fruquintinib","NDA217564","NDA novel drug","NDA novel drug","NME/NDA","TRUE","Takeda Pharmaceuticals","Oral","Capsule","Priority","No","No","Yes","No","","FRUZAQLA is indicated for the treatment of adult patients with metastatic colorectal cancer (mCRC) who have been previously treated with fluoropyrimidine-, oxaliplatin-, and irinotecan-based chemotherapy, an anti-VEGF therapy, and, if RAS wild-type and medically appropriate, an anti-EGFR therapy.","FRUZAQLA is indicated for the treatment of adult patients with metastatic colorectal cancer (mCRC) who have been previously treated with fluoropyrimidine-, oxaliplatin-, and irinotecan-based chemotherapy, an anti-VEGF therapy, and, if RAS wild-type and medically appropriate, an anti-EGFR therapy.","FDA compilation: Approved Use(s)","","","","FDA compilation workbook (2025 Compilation)","FDA_COMPILATION","https://www.fda.gov/drugs/drug-approvals-and-databases/compilation-cder-new-molecular-entity-nme-drug-and-new-biologic-approvals","","Takeda Pharmaceuticals USA, Inc.","Oral"
"2023","2023-11-15","Augtyro","repotrectinib","NDA218213","NDA novel drug","NDA novel drug","NME/NDA","TRUE","Bristol Myers Squibb","Oral","Capsule","Priority","No","No","No","Yes","","AUGTYRO is indicated for the treatment of adult patients with locally advanced or metastatic ROS1-positive non-small cell lung cancer (NSCLC).","AUGTYRO is indicated for the treatment of adult patients with locally advanced or metastatic ROS1-positive non-small cell lung cancer (NSCLC).","FDA compilation: Approved Use(s)","Cytochrome P450 3A4 Inducers [MoA]; Proto-Oncogene Tyrosine-Protein Kinase ROS1 Inhibitors [MoA]; Tropomyosin Receptor Tyrosine Kinase A Inhibitors [MoA]; Tropomyosin Receptor Tyrosine Kinase B Inhibitors [MoA]; Tropomyosin Receptor Tyrosine Kinase C Inhibitors [MoA]","Kinase Inhibitor [EPC]","","FDA compilation workbook (2025 Compilation)","FDA_COMPILATION","https://www.fda.gov/drugs/drug-approvals-and-databases/compilation-cder-new-molecular-entity-nme-drug-and-new-biologic-approvals","","Bristol-Myers Squibb Company","Oral"
"2023","2023-11-15","Defencath","taurolidine and heparin","NDA214520","NDA novel drug","NDA novel drug","NME/NDA","TRUE","CorMedix","Catheter Instillation","Catheter lock solution","Priority","No","No","Yes","No","","LIMITED POPULATION: DEFENCATH is indicated to reduce the incidence of catheter-related bloodstream infections (CRBSI) in adult patients with kidney failure receiving chronic hemodialysis (HD) through a central venous catheter (CVC). This drug is indicated for use in a limited and specific population of patients. Limitations of Use: The safety and effectiveness of DEFENCATH have not been established for use in populations other than adult patients with kidney failure receiving chronic HD through a CVC.","LIMITED POPULATION: DEFENCATH is indicated to reduce the incidence of catheter-related bloodstream infections (CRBSI) in adult patients with kidney failure receiving chronic hemodialysis (HD) through a central venous catheter (CVC). This drug is indicated for use in a limited and specific population of patients. Limitations of Use: The safety and effectiveness of DEFENCATH have not been established for use in populations other than adult patients with kidney failure receiving chronic HD through a CVC.","FDA compilation: Approved Use(s)","","Anti-coagulant [EPC]; Unfractionated Heparin [EPC]","","FDA compilation workbook (2025 Compilation)","FDA_COMPILATION","https://www.fda.gov/drugs/drug-approvals-and-databases/compilation-cder-new-molecular-entity-nme-drug-and-new-biologic-approvals","","CorMedix, Inc.","Catheter Installation"
"2023","2023-11-16","Ryzneuta","efbemalenograstim alfa-vuxw","BLA761134","BLA novel biologic","BLA novel biologic","Biologic (BLA)","","Evive Biotechnology Singapore PTE","Injection","Injectable","Standard","No","No","No","No","","RYZNEUTA is indicated to decrease the incidence of infection, as manifested by febrile neutropenia, in adult patients with non-myeloid malignancies receiving myelosuppressive anti-cancer drugs associated with a clinically significant incidence of febrile neutropenia. Limitations of Use: RYZNEUTA is not indicated for the mobilization of peripheral blood progenitor cells for hematopoietic stem cell transplantation.","RYZNEUTA is indicated to decrease the incidence of infection, as manifested by febrile neutropenia, in adult patients with non-myeloid malignancies receiving myelosuppressive anti-cancer drugs associated with a clinically significant incidence of febrile neutropenia. Limitations of Use: RYZNEUTA is not indicated for the mobilization of peripheral blood progenitor cells for hematopoietic stem cell transplantation.","FDA compilation: Approved Use(s)","","Leukocyte Growth Factor [EPC]","","FDA compilation workbook (2025 Compilation)","FDA_COMPILATION","https://www.fda.gov/drugs/drug-approvals-and-databases/compilation-cder-new-molecular-entity-nme-drug-and-new-biologic-approvals","","Evive Biotechnology Singapore PTE. Ltd.","Injection"
"2023","2023-11-16","Truqap","capivasertib","NDA218197","NDA novel drug","NDA novel drug","NME/NDA","TRUE","AstraZeneca","Oral","Tablet","Priority","No","No","Yes","No","","TRUQAP, in combination with fulvestrant, is indicated for the treatment of adult patients with hormone receptor (HR)-positive, human epidermal growth factor receptor 2 (HER2)-negative, locally advanced or metastatic breast cancer with one or more PIK3CA/AKT1/PTEN-alteration as detected by an FDA-approved test following progression on at least one endocrine-based regimen in the metastatic setting or recurrence on or within 12 months of completing adjuvant therapy.","TRUQAP, in combination with fulvestrant, is indicated for the treatment of adult patients with hormone receptor (HR)-positive, human epidermal growth factor receptor 2 (HER2)-negative, locally advanced or metastatic breast cancer with one or more PIK3CA/AKT1/PTEN-alteration as detected by an FDA-approved test following progression on at least one endocrine-based regimen in the metastatic setting or recurrence on or within 12 months of completing adjuvant therapy.","FDA compilation: Approved Use(s)","","","","FDA compilation workbook (2025 Compilation)","FDA_COMPILATION","https://www.fda.gov/drugs/drug-approvals-and-databases/compilation-cder-new-molecular-entity-nme-drug-and-new-biologic-approvals","","AstraZeneca Pharmaceuticals LP","Oral"
"2023","2023-11-27","Ogsiveo","nirogacestat","NDA217677","NDA novel drug","NDA novel drug","NME/NDA","TRUE","SpringWorks Therapeutics","Oral","Tablet","Priority","No","Yes","Yes","Yes","","OGSIVEO is indicated for adult patients with progressing desmoid tumors who require systemic treatment.","OGSIVEO is indicated for adult patients with progressing desmoid tumors who require systemic treatment.","FDA compilation: Approved Use(s)","Cytochrome P450 2C19 Inducers [MoA]; Cytochrome P450 3A Inhibitors [MoA]; Gamma Secretase Inhibitors [MoA]","Gamma Secretase Inhibitor [EPC]","","FDA compilation workbook (2025 Compilation)","FDA_COMPILATION","https://www.fda.gov/drugs/drug-approvals-and-databases/compilation-cder-new-molecular-entity-nme-drug-and-new-biologic-approvals","","SpringWorks Therapeutics, Inc.","Oral"
"2023","2023-12-05","Fabhalta","iptacopan","NDA218276","NDA novel drug","NDA novel drug","NME/NDA","TRUE","Novartis Pharmaceuticals","Oral","Capsule","Priority (used priority review voucher)","No","Yes","No","Yes","","FABHALTA is indicated for the treatment of adults with paroxysmal nocturnal hemoglobinuria (PNH).","FABHALTA is indicated for the treatment of adults with paroxysmal nocturnal hemoglobinuria (PNH).","FDA compilation: Approved Use(s)","","","","FDA compilation workbook (2025 Compilation)","FDA_COMPILATION","https://www.fda.gov/drugs/drug-approvals-and-databases/compilation-cder-new-molecular-entity-nme-drug-and-new-biologic-approvals","","Novartis Pharmaceuticals Corporation","Oral"
"2023","2023-12-18","Filsuvez","birch triterpenes","NDA215064","NDA novel drug","NDA novel drug","NME/NDA","TRUE","Amryt Pharmaceuticals","Topical","Gel","Priority","No","No","Yes","Yes","","FILSUVEZ topical gel is indicated for the treatment of wounds associated with dystrophic and junctional epidermolysis bullosa in adult and pediatric patients 6 months of age and older.","FILSUVEZ topical gel is indicated for the treatment of wounds associated with dystrophic and junctional epidermolysis bullosa in adult and pediatric patients 6 months of age and older.","FDA compilation: Approved Use(s)","","","","FDA compilation workbook (2025 Compilation)","FDA_COMPILATION","https://www.fda.gov/drugs/drug-approvals-and-databases/compilation-cder-new-molecular-entity-nme-drug-and-new-biologic-approvals","","Amryt Pharmaceuticals DAC","Topical"
"2023","2023-12-21","Wainua","eplontersen","NDA217388","NDA novel drug","NDA novel drug","NME/NDA","TRUE","Ionis Pharmaceuticals","Injection","Injectable","Standard","No","No","No","Yes","","WAINUA is indicated for the treatment of the polyneuropathy of hereditary transthyretin-mediated amyloidosis in adults.","WAINUA is indicated for the treatment of the polyneuropathy of hereditary transthyretin-mediated amyloidosis in adults.","FDA compilation: Approved Use(s)","","Antisense Oligonucleotide [EPC]; Transthyretin-directed RNA Interaction [EPC]","","FDA compilation workbook (2025 Compilation)","FDA_COMPILATION","https://www.fda.gov/drugs/drug-approvals-and-databases/compilation-cder-new-molecular-entity-nme-drug-and-new-biologic-approvals","","Ionis Pharmaceuticals, Inc.","Injection"
"2024","2024-01-05","Zelsuvmi","berdazimer","NDA217424","NDA novel drug","NDA novel drug","NME/NDA","TRUE","LNHC","Topical","GEL","Standard","No","No","No","No","","ZELSUVMI is indicated for the topical treatment of molluscum contagiosum (MC) in adults and pediatric patients 1 year of age and older.","ZELSUVMI is indicated for the topical treatment of molluscum contagiosum (MC) in adults and pediatric patients 1 year of age and older.","FDA compilation: Approved Use(s)","","","","FDA compilation workbook (2025 Compilation)","FDA_COMPILATION","https://www.fda.gov/drugs/drug-approvals-and-databases/compilation-cder-new-molecular-entity-nme-drug-and-new-biologic-approvals","","LNHC, Inc.","Topical"
"2024","2024-02-22","Exblifep","cefepime and enmetazobactam","NDA216165","NDA novel drug","NDA novel drug","NME/NDA","TRUE","Allecra Therapeutics SAS","Intravenous","Powder","Priority","No","No","Yes","No","","EXBLIFEP is indicated for the treatment of patients 18 years of age and older with complicated urinary tract infections (cUTI) including pyelonephritis, caused by the following susceptible microorganisms: Escherichia coli, Klebsiella pneumoniae, Pseudomonas aeruginosa, Proteus mirabilis, and Enterobacter cloacae complex. To reduce the development of drug-resistant bacteria and maintain the effectiveness of EXBLIFEP and other antibacterial drugs, EXBLIFEP should be used only to treat or prevent infections that are proven or strongly suspected to be caused by susceptible bacteria. When culture and susceptibility information are available, they should be considered in selecting or modifying antibacterial therapy. In the absence of such data, local epidemiology and susceptibility patterns may contribute to the empiric selection of therapy.","EXBLIFEP is indicated for the treatment of patients 18 years of age and older with complicated urinary tract infections (cUTI) including pyelonephritis, caused by the following susceptible microorganisms: Escherichia coli, Klebsiella pneumoniae, Pseudomonas aeruginosa, Proteus mirabilis, and Enterobacter cloacae complex. To reduce the development of drug-resistant bacteria and maintain the effectiveness of EXBLIFEP and other antibacterial drugs, EXBLIFEP should be used only to treat or prevent infections that are proven or strongly suspected to be caused by susceptible bacteria. When culture and susceptibility information are available, they should be considered in selecting or modifying antibacterial therapy. In the absence of such data, local epidemiology and susceptibility patterns may contribute to the empiric selection of therapy.","FDA compilation: Approved Use(s)","","","","FDA compilation workbook (2025 Compilation)","FDA_COMPILATION","https://www.fda.gov/drugs/drug-approvals-and-databases/compilation-cder-new-molecular-entity-nme-drug-and-new-biologic-approvals","","Allecra Therapeutics SAS","Intravenous"
"2024","2024-02-29","Letybo","letibotulinumtoxinA-wlbg","BLA761225","BLA novel biologic","BLA novel biologic","Biologic (BLA)","","Hugel","Intramuscular","Injectable","Standard","No","No","No","No","","LETYBO is indicated for the temporary improvement in the appearance of moderate to severe glabellar lines associated with corrugator and/or procerus muscle activity in adult patients.","LETYBO is indicated for the temporary improvement in the appearance of moderate to severe glabellar lines associated with corrugator and/or procerus muscle activity in adult patients.","FDA compilation: Approved Use(s)","Acetylcholine Release Inhibitors [MoA]","Acetylcholine Release Inhibitor [EPC]; Neuromuscular Blocker [EPC]","","FDA compilation workbook (2025 Compilation)","FDA_COMPILATION","https://www.fda.gov/drugs/drug-approvals-and-databases/compilation-cder-new-molecular-entity-nme-drug-and-new-biologic-approvals","","Hugel, Inc.","Intramuscular"
"2024","2024-03-13","Tevimbra","tislelizumab-jsgr","BLA761232","BLA novel biologic","BLA novel biologic","Biologic (BLA)","","BeiGene U.S.A","Intravenous","Injectable","Standard","No","No","No","Yes","","TEVIMBRA (tislelizumab-jsgr), as a single agent, is indicated for the treatment of adult patients with unresectable or metastatic esophageal squamous cell carcinoma after prior systemic chemotherapy that did not include a PD-(L)1 inhibitor.","TEVIMBRA (tislelizumab-jsgr), as a single agent, is indicated for the treatment of adult patients with unresectable or metastatic esophageal squamous cell carcinoma after prior systemic chemotherapy that did not include a PD-(L)1 inhibitor.","FDA compilation: Approved Use(s)","Programmed Death Receptor-1-directed Antibody Interactions [MoA]","Programmed Death Receptor-1 Blocking Antibody [EPC]","","FDA compilation workbook (2025 Compilation)","FDA_COMPILATION","https://www.fda.gov/drugs/drug-approvals-and-databases/compilation-cder-new-molecular-entity-nme-drug-and-new-biologic-approvals","","BeiGene U.S.A., Inc.","Intravenous"
"2024","2024-03-14","Rezdiffra","resmetirom","NDA217785","NDA novel drug","NDA novel drug","NME/NDA","TRUE","Madrigal Pharmaceuticals","Oral","Tablet","Priority","Yes","Yes","Yes","No","","REZDIFFRA is indicated in conjunction with diet and exercise for the treatment of adults with noncirrhotic nonalcoholic steatohepatitis (NASH) with moderate to advanced liver fibrosis (consistent with stages F2 to F3 fibrosis). This indication is approved under accelerated approval based on improvement of NASH and fibrosis. Continued approval for this indication may be contingent upon verification and description of clinical benefit in confirmatory trials. Limitations of Use: Avoid use of REZDIFFRA in patients with decompensated cirrhosis.","REZDIFFRA is indicated in conjunction with diet and exercise for the treatment of adults with noncirrhotic nonalcoholic steatohepatitis (NASH) with moderate to advanced liver fibrosis (consistent with stages F2 to F3 fibrosis). This indication is approved under accelerated approval based on improvement of NASH and fibrosis. Continued approval for this indication may be contingent upon verification and description of clinical benefit in confirmatory trials. Limitations of Use: Avoid use of REZDIFFRA in patients with decompensated cirrhosis.","FDA compilation: Approved Use(s)","Breast Cancer Resistance Protein Inhibitors [MoA]; Cytochrome P450 2C8 Inhibitors [MoA]; Organic Anion Transporting Polypeptide 1B1 Inhibitors [MoA]; Organic Anion Transporting Polypeptide 1B3 Inhibitors [MoA]; Thyroid Hormone Receptor beta Agonists [MoA]","Thyroid Hormone Receptor beta Agonist [EPC]","","FDA compilation workbook (2025 Compilation)","FDA_COMPILATION","https://www.fda.gov/drugs/drug-approvals-and-databases/compilation-cder-new-molecular-entity-nme-drug-and-new-biologic-approvals","","Madrigal Pharmaceuticals, Inc.","Oral"
"2024","2024-03-19","Tryvio","aprocitentan","NDA217686","NDA novel drug","NDA novel drug","NME/NDA","TRUE","Idorsia Pharmaceuticals","Oral","Tablet","Standard","No","No","No","No","","TRYVIO, in combination with other antihypertensive drugs, is indicated for the treatment of hypertension, to lower blood pressure (BP) in adult patients who are not adequately controlled on other drugs. Lowering BP reduces the risk of fatal and non-fatal cardiovascular events, primarily strokes and myocardial infarctions. These benefits have been seen in controlled trials of antihypertensive drugs from a wide variety of pharmacologic classes. There are no controlled trials demonstrating reduction of risk of these events with TRYVIO. Control of high BP should be part of comprehensive cardiovascular risk management, including, as appropriate, lipid control, diabetes management, antithrombotic therapy, smoking cessation, exercise, and limited sodium intake. Many patients will require more than one drug to achieve BP goals. For specific advice on goals and management, see published guidelines, such as those of the National High Blood Pressure Education Program’s Joint National Committee on Prevention, Detection, Evaluation, and Treatment of High Blood Pressure (JNC). Numerous antihypertensive drugs, from a variety of pharmacologic classes and with different mechanisms of action, have been shown in randomized controlled trials to reduce cardiovascular morbidity and mortality, and it can be concluded that it is BP reduction, and not some other pharmacologic property of the drugs, that is largely responsible for those benefits. The largest and most consistent cardiovascular outcome benefit has been a reduction in the risk of stroke, but reductions in myocardial infarction and cardiovascular mortality also have been seen regularly. Elevated systolic or diastolic pressure causes increased cardiovascular risk, and the absolute risk increase per mmHg is greater at higher BPs, so that even modest reductions of severe hypertension can provide substantial benefit. Relative risk reduction from BP reduction is similar across populations with varying absolute risk, so the absolute benefit is greater in patients who are at higher risk independent of their hypertension (for example, patients with diabetes or hyperlipidemia), and such patients would be expected to benefit from more aggressive treatment to a lower BP goal.","TRYVIO, in combination with other antihypertensive drugs, is indicated for the treatment of hypertension, to lower blood pressure (BP) in adult patients who are not adequately controlled on other drugs. Lowering BP reduces the risk of fatal and non-fatal cardiovascular events, primarily strokes and myocardial infarctions. These benefits have been seen in controlled trials of antihypertensive drugs from a wide variety of pharmacologic classes. There are no controlled trials demonstrating reduction of risk of these events with TRYVIO. Control of high BP should be part of comprehensive cardiovascular risk management, including, as appropriate, lipid control, diabetes management, antithrombotic therapy, smoking cessation, exercise, and limited sodium intake. Many patients will require more than one drug to achieve BP goals. For specific advice on goals and management, see published guidelines, such as those of the National High Blood Pressure Education Program’s Joint National Committee on Prevention, Detection, Evaluation, and Treatment of High Blood Pressure (JNC). Numerous antihypertensive drugs, from a variety of pharmacologic classes and with different mechanisms of action, have been shown in randomized controlled trials to reduce cardiovascular morbidity and mortality, and it can be concluded that it is BP reduction, and not some other pharmacologic property of the drugs, that is largely responsible for those benefits. The largest and most consistent cardiovascular outcome benefit has been a reduction in the risk of stroke, but reductions in myocardial infarction and cardiovascular mortality also have been seen regularly. Elevated systolic or diastolic pressure causes increased cardiovascular risk, and the absolute risk increase per mmHg is greater at higher BPs, so that even modest reductions of severe hypertension can provide substantial benefit. Relative risk reduction from BP reduction is similar across populations with varying absolute risk, so the absolute benefit is greater in patients who are at higher risk independent of their hypertension (for example, patients with diabetes or hyperlipidemia), and such patients would be expected to benefit from more aggressive treatment to a lower BP goal.","FDA compilation: Approved Use(s)","Endothelin Receptor Antagonists [MoA]","Endothelin Receptor Antagonist [EPC]","","FDA compilation workbook (2025 Compilation)","FDA_COMPILATION","https://www.fda.gov/drugs/drug-approvals-and-databases/compilation-cder-new-molecular-entity-nme-drug-and-new-biologic-approvals","","Idorsia Pharmaceuticals Ltd.","Oral"
"2024","2024-03-21","Duvyzat","givinostat","NDA217865","NDA novel drug","NDA novel drug","NME/NDA","TRUE","Italfarmaco","Oral","Suspension","Priority","No","No","Yes","Yes","","DUVYZAT is indicated for the treatment of Duchenne muscular dystrophy (DMD) in patients 6 years of age and older.","DUVYZAT is indicated for the treatment of Duchenne muscular dystrophy (DMD) in patients 6 years of age and older.","FDA compilation: Approved Use(s)","Cytochrome P450 3A4 Inhibitors [MoA]; Histone Deacetylase Inhibitors [MoA]; Organic Cation Transporter 2 Inhibitors [MoA]","Histone Deacetylase Inhibitor [EPC]","","FDA compilation workbook (2025 Compilation)","FDA_COMPILATION","https://www.fda.gov/drugs/drug-approvals-and-databases/compilation-cder-new-molecular-entity-nme-drug-and-new-biologic-approvals","","Italfarmaco SpA","Oral"
"2024","2024-03-26","Winrevair","sotatercept-csrk","BLA761363","BLA novel biologic","BLA novel biologic","Biologic (BLA)","","Merck","Subcutaneous","Injectable","Priority","No","Yes","No","Yes","","WINREVAIR is indicated for the treatment of adults with pulmonary arterial hypertension (PAH, World Health Organization [WHO] Group 1) to increase exercise capacity, improve WHO functional class (FC), and reduce the risk of clinical worsening events.","WINREVAIR is indicated for the treatment of adults with pulmonary arterial hypertension (PAH, World Health Organization [WHO] Group 1) to increase exercise capacity, improve WHO functional class (FC), and reduce the risk of clinical worsening events.","FDA compilation: Approved Use(s)","","","","FDA compilation workbook (2025 Compilation)","FDA_COMPILATION","https://www.fda.gov/drugs/drug-approvals-and-databases/compilation-cder-new-molecular-entity-nme-drug-and-new-biologic-approvals","","Merck Sharp and Dohme, LLC","Subcutaneous"
"2024","2024-03-27","Vafseo","vadadustat","NDA215192","NDA novel drug","NDA novel drug","NME/NDA","TRUE","Akebia Therapeutics","Oral","Tablet","Standard","No","No","No","No","","VAFSEO is indicated for the treatment of anemia due to chronic kidney disease (CKD) in adults who have been receiving dialysis for at least three months. Limitations of Use - VAFSEO has not been shown to improve quality of life, fatigue, or patient well-being. - VAFSEO is not indicated for use: -- As a substitute for red blood cell transfusions in patients who require immediate correction of anemia. -- In patients with anemia due to CKD not on dialysis.","VAFSEO is indicated for the treatment of anemia due to chronic kidney disease (CKD) in adults who have been receiving dialysis for at least three months. Limitations of Use - VAFSEO has not been shown to improve quality of life, fatigue, or patient well-being. - VAFSEO is not indicated for use: -- As a substitute for red blood cell transfusions in patients who require immediate correction of anemia. -- In patients with anemia due to CKD not on dialysis.","FDA compilation: Approved Use(s)","Breast Cancer Resistance Protein Inhibitors [MoA]; Hypoxia-Inducible Factor Prolyl Hydroxylase Inhibitors [MoA]; Organic Anion Transporter 3 Inhibitors [MoA]","Hypoxia-inducible Factor Prolyl Hydroxylase Inhibitor [EPC]","","FDA compilation workbook (2025 Compilation)","FDA_COMPILATION","https://www.fda.gov/drugs/drug-approvals-and-databases/compilation-cder-new-molecular-entity-nme-drug-and-new-biologic-approvals","","Akebia Therapeutics, Inc.","Oral"
"2024","2024-03-29","Voydeya","danicopan","NDA218037","NDA novel drug","NDA novel drug","NME/NDA","TRUE","Alexion Pharmaceuticals","Oral","Tablet","Standard","No","Yes","No","Yes","","VOYDEYA is indicated as add-on therapy to ravulizumab or eculizumab for the treatment of extravascular hemolysis (EVH) in adults with paroxysmal nocturnal hemoglobinuria (PNH). Limitations of Use: VOYDEYA has not been shown to be effective as monotherapy and should only be prescribed as an add-on to ravulizumab or eculizumab.","VOYDEYA is indicated as add-on therapy to ravulizumab or eculizumab for the treatment of extravascular hemolysis (EVH) in adults with paroxysmal nocturnal hemoglobinuria (PNH). Limitations of Use: VOYDEYA has not been shown to be effective as monotherapy and should only be prescribed as an add-on to ravulizumab or eculizumab.","FDA compilation: Approved Use(s)","Breast Cancer Resistance Protein Inhibitors [MoA]; Complement Factor D Inhibitors [MoA]; P-Glycoprotein Inhibitors [MoA]","Complement Factor D Inhibitor [EPC]","","FDA compilation workbook (2025 Compilation)","FDA_COMPILATION","https://www.fda.gov/drugs/drug-approvals-and-databases/compilation-cder-new-molecular-entity-nme-drug-and-new-biologic-approvals","","Alexion Pharmaceuticals, Inc.","Oral"
"2024","2024-04-03","Zevtera","ceftobiprole medocaril sodium","NDA218275","NDA novel drug","NDA novel drug","NME/NDA","TRUE","Basilea Pharmaceutica International","Intravenous","Powder","Priority","No","No","Yes (indication [A] only)","No","","ZEVTERA is indicated for the treatment of adult patients with Staphylococcus aureus bloodstream infection (bacteremia) (SAB), including those with right-sided infective endocarditis, caused by methicillin-susceptible and methicillin-resistant isolates. ZEVTERA is indicated for the treatment of adult patients with acute bacterial skin and skin structure infections (ABSSSI) caused by susceptible isolates of the following gram-positive and gram-negative microorganisms: Staphylococcus aureus (methicillin-susceptible and methicillin-resistant isolates), Streptococcus pyogenes, and Klebsiella pneumoniae. ZEVTERA is indicated for the treatment of adult and pediatric patients (3 months to less than 18 years old) with community-acquired bacterial pneumonia (CABP) caused by susceptible isolates of the following gram-positive and gram-negative microorganisms: Staphylococcus aureus methicillin-susceptible isolates), Streptococcus pneumoniae, Haemophilus influenzae, Haemophilus parainfluenzae, Escherichia coli, and Klebsiella pneumoniae. To reduce the development of drug-resistant bacteria and maintain the effectiveness of ZEVTERA and other antibacterial drugs, ZEVTERA should be used only to treat or prevent infections that are proven, or strongly suspected, to be caused by susceptible bacteria. When culture and susceptibility information are available, they should be considered in selecting or modifying antibacterial therapy. In the absence of such data, local epidemiology and susceptibility patterns may contribute to the empiric selection of therapy.","ZEVTERA is indicated for the treatment of adult patients with Staphylococcus aureus bloodstream infection (bacteremia) (SAB), including those with right-sided infective endocarditis, caused by methicillin-susceptible and methicillin-resistant isolates. ZEVTERA is indicated for the treatment of adult patients with acute bacterial skin and skin structure infections (ABSSSI) caused by susceptible isolates of the following gram-positive and gram-negative microorganisms: Staphylococcus aureus (methicillin-susceptible and methicillin-resistant isolates), Streptococcus pyogenes, and Klebsiella pneumoniae. ZEVTERA is indicated for the treatment of adult and pediatric patients (3 months to less than 18 years old) with community-acquired bacterial pneumonia (CABP) caused by susceptible isolates of the following gram-positive and gram-negative microorganisms: Staphylococcus aureus methicillin-susceptible isolates), Streptococcus pneumoniae, Haemophilus influenzae, Haemophilus parainfluenzae, Escherichia coli, and Klebsiella pneumoniae. To reduce the development of drug-resistant bacteria and maintain the effectiveness of ZEVTERA and other antibacterial drugs, ZEVTERA should be used only to treat or prevent infections that are proven, or strongly suspected, to be caused by susceptible bacteria. When culture and susceptibility information are available, they should be considered in selecting or modifying antibacterial therapy. In the absence of such data, local epidemiology and susceptibility patterns may contribute to the empiric selection of therapy.","FDA compilation: Approved Use(s)","","","","FDA compilation workbook (2025 Compilation)","FDA_COMPILATION","https://www.fda.gov/drugs/drug-approvals-and-databases/compilation-cder-new-molecular-entity-nme-drug-and-new-biologic-approvals","","Basilea Pharmaceutica International, Ltd.","Intravenous"
"2024","2024-04-17","Lumisight","pegulicianine","NDA214511","NDA novel drug","NDA novel drug","NME/NDA","TRUE","Lumicell","Intravenous","Powder","Priority","No","No","Yes","No","","LUMISIGHT is indicated for fluorescence imaging in adults with breast cancer as an adjunct for the intraoperative detection of cancerous tissue within the resection cavity following removal of the primary specimen during lumpectomy surgery.","LUMISIGHT is indicated for fluorescence imaging in adults with breast cancer as an adjunct for the intraoperative detection of cancerous tissue within the resection cavity following removal of the primary specimen during lumpectomy surgery.","FDA compilation: Approved Use(s)","","","","FDA compilation workbook (2025 Compilation)","FDA_COMPILATION","https://www.fda.gov/drugs/drug-approvals-and-databases/compilation-cder-new-molecular-entity-nme-drug-and-new-biologic-approvals","","Lumicell, Inc.","Intravenous"
"2024","2024-04-22","Anktiva","nogapendekin alfa inbakicept-pmln","BLA761336","BLA novel biologic","BLA novel biologic","Biologic (BLA)","","Altor BioScience","Intravesical","Solution","Standard","No","Yes","Yes","No","","ANKTIVA in combination with Bacillus Calmette-Guérin (BCG) is indicated for the treatment of adult patients with BCG-unresponsive nonmuscle invasive bladder cancer (NMIBC) with carcinoma in situ (CIS) with or without papillary tumors.","ANKTIVA in combination with Bacillus Calmette-Guérin (BCG) is indicated for the treatment of adult patients with BCG-unresponsive nonmuscle invasive bladder cancer (NMIBC) with carcinoma in situ (CIS) with or without papillary tumors.","FDA compilation: Approved Use(s)","","","","FDA compilation workbook (2025 Compilation)","FDA_COMPILATION","https://www.fda.gov/drugs/drug-approvals-and-databases/compilation-cder-new-molecular-entity-nme-drug-and-new-biologic-approvals","","Altor BioScience, LLC","Intravesical"
"2024","2024-04-23","Ojemda","tovorafenib","NDA217700","NDA novel drug","NDA novel drug","NME/NDA","TRUE","Day One Biopharmaceuticals","Oral","Suspension","Priority","Yes","Yes","No","Yes","","OJEMDA is indicated for the treatment of patients 6 months of age and older with relapsed or refractory pediatric low-grade glioma (LGG) harboring a BRAF fusion or rearrangement, or BRAF V600 mutation. This indication is approved under accelerated approval based on response rate and duration of response. Continued approval for this indication may be contingent upon verification and description of clinical benefit in a confirmatory trial(s).","OJEMDA is indicated for the treatment of patients 6 months of age and older with relapsed or refractory pediatric low-grade glioma (LGG) harboring a BRAF fusion or rearrangement, or BRAF V600 mutation. This indication is approved under accelerated approval based on response rate and duration of response. Continued approval for this indication may be contingent upon verification and description of clinical benefit in a confirmatory trial(s).","FDA compilation: Approved Use(s)","Cytochrome P450 3A Inducers [MoA]; Type II RAF Kinase Inhibitors [MoA]","Kinase Inhibitor [EPC]","","FDA compilation workbook (2025 Compilation)","FDA_COMPILATION","https://www.fda.gov/drugs/drug-approvals-and-databases/compilation-cder-new-molecular-entity-nme-drug-and-new-biologic-approvals","","Day One Biopharmaceuticals, Inc.","Oral"
"2024","2024-04-26","Xolremdi","mavorixafor","NDA218709","NDA novel drug","NDA novel drug","NME/NDA","TRUE","X4 Pharmaceuticals","Oral","Capsule","Priority","No","No","Yes","Yes","","XOLREMDI is indicated in patients 12 years of age and older with WHIM syndrome (warts, hypogammaglobulinemia, infections and myelokathexis) to increase the number of circulating mature neutrophils and lymphocytes.","XOLREMDI is indicated in patients 12 years of age and older with WHIM syndrome (warts, hypogammaglobulinemia, infections and myelokathexis) to increase the number of circulating mature neutrophils and lymphocytes.","FDA compilation: Approved Use(s)","CXC Chemokine Receptor 4 Antagonists [MoA]; Cytochrome P450 2D6 Inhibitors [MoA]; Cytochrome P450 3A4 Inhibitors [MoA]; P-Glycoprotein Inhibitors [MoA]","CXC Chemokine Receptor 4 Antagonist [EPC]","","FDA compilation workbook (2025 Compilation)","FDA_COMPILATION","https://www.fda.gov/drugs/drug-approvals-and-databases/compilation-cder-new-molecular-entity-nme-drug-and-new-biologic-approvals","","X4 Pharmaceuticals, Inc.","Oral"
"2024","2024-05-16","Imdelltra","tarlatamab-dlle","BLA761344","BLA novel biologic","BLA novel biologic","Biologic (BLA)","","Amgen","Intravenous","Injectable","Priority","Yes","Yes","No","Yes","","IMDELLTRA is indicated for the treatment of adult patients with extensive stage small cell lung cancer (ES-SCLC) with disease progression on or after platinum-based chemotherapy. This indication is approved under accelerated approval based on overall response rate and duration of response. Continued approval for this indication may be contingent upon verification and description of clinical benefit in a confirmatory trial(s).","IMDELLTRA is indicated for the treatment of adult patients with extensive stage small cell lung cancer (ES-SCLC) with disease progression on or after platinum-based chemotherapy. This indication is approved under accelerated approval based on overall response rate and duration of response. Continued approval for this indication may be contingent upon verification and description of clinical benefit in a confirmatory trial(s).","FDA compilation: Approved Use(s)","","","","FDA compilation workbook (2025 Compilation)","FDA_COMPILATION","https://www.fda.gov/drugs/drug-approvals-and-databases/compilation-cder-new-molecular-entity-nme-drug-and-new-biologic-approvals","","Amgen, Inc.","Intravenous"
"2024","2024-06-06","Rytelo","imetelstat","NDA217779","NDA novel drug","NDA novel drug","NME/NDA","TRUE","Geron","Intravenous","Powder","Standard","No","No","Yes","Yes","","RYTELO is indicated for the treatment of adult patients with low- to intermediate-1 risk myelodysplastic syndromes (MDS) with transfusion-dependent anemia requiring 4 or more red blood cell units over 8 weeks who have not responded to or have lost response to or are ineligible for erythropoiesis stimulating agents (ESA).","RYTELO is indicated for the treatment of adult patients with low- to intermediate-1 risk myelodysplastic syndromes (MDS) with transfusion-dependent anemia requiring 4 or more red blood cell units over 8 weeks who have not responded to or have lost response to or are ineligible for erythropoiesis stimulating agents (ESA).","FDA compilation: Approved Use(s)","","","","FDA compilation workbook (2025 Compilation)","FDA_COMPILATION","https://www.fda.gov/drugs/drug-approvals-and-databases/compilation-cder-new-molecular-entity-nme-drug-and-new-biologic-approvals","","Geron Corporation","Intravenous"
"2024","2024-06-10","Iqirvo","elafibranor","NDA218860","NDA novel drug","NDA novel drug","NME/NDA","TRUE","Ipsen Biopharmaceuticals","Oral","Tablet","Priority","Yes","Yes","No","Yes","","IQIRVO is indicated for the treatment of primary biliary cholangitis (PBC) in combination with ursodeoxycholic acid (UDCA) in adults who have had an inadequate response to UDCA, or as monotherapy in patients unable to tolerate UDCA. This indication is approved under accelerated approval based on reduction of alkaline phosphatase (ALP). Improvement in survival or prevention of liver decompensation events have not been demonstrated. Continued approval for this indication may be contingent upon verification and description of clinical benefit in confirmatory trial(s). Limitations of Use: Use of IQIRVO is not recommended in patients who have or develop decompensated cirrhosis (e.g., ascites, variceal bleeding, hepatic encephalopathy).","IQIRVO is indicated for the treatment of primary biliary cholangitis (PBC) in combination with ursodeoxycholic acid (UDCA) in adults who have had an inadequate response to UDCA, or as monotherapy in patients unable to tolerate UDCA. This indication is approved under accelerated approval based on reduction of alkaline phosphatase (ALP). Improvement in survival or prevention of liver decompensation events have not been demonstrated. Continued approval for this indication may be contingent upon verification and description of clinical benefit in confirmatory trial(s). Limitations of Use: Use of IQIRVO is not recommended in patients who have or develop decompensated cirrhosis (e.g., ascites, variceal bleeding, hepatic encephalopathy).","FDA compilation: Approved Use(s)","Cytochrome P450 3A4 Inducers [MoA]; Peroxisome Proliferator-activated Receptor Agonists [MoA]","Peroxisome Proliferator-activated Receptor Agonist [EPC]","","FDA compilation workbook (2025 Compilation)","FDA_COMPILATION","https://www.fda.gov/drugs/drug-approvals-and-databases/compilation-cder-new-molecular-entity-nme-drug-and-new-biologic-approvals","","Ipsen Biopharmaceuticals, Inc.","Oral"
"2024","2024-06-18","Sofdra","sofpironium","NDA217347","NDA novel drug","NDA novel drug","NME/NDA","TRUE","Botanix SB","Topical","Gel, Metered","Standard","No","No","No","No","","SOFDRA is indicated for the treatment of primary axillary hyperhidrosis in adults and pediatric patients 9 years of age and older.","SOFDRA is indicated for the treatment of primary axillary hyperhidrosis in adults and pediatric patients 9 years of age and older.","FDA compilation: Approved Use(s)","","","","FDA compilation workbook (2025 Compilation)","FDA_COMPILATION","https://www.fda.gov/drugs/drug-approvals-and-databases/compilation-cder-new-molecular-entity-nme-drug-and-new-biologic-approvals","","Botanix SB, Inc.","Topical"
"2024","2024-06-20","Piasky","crovalimab-akkz","BLA761388","BLA novel biologic","BLA novel biologic","Biologic (BLA)","","Genentech","Intravenous; Subcutaneous","Injectable","Standard","No","No","No","Yes","","PIASKY is indicated for the treatment of adult and pediatric patients 13 years and older with paroxysmal nocturnal hemoglobinuria (PNH) and body weight of at least 40 kg.","PIASKY is indicated for the treatment of adult and pediatric patients 13 years and older with paroxysmal nocturnal hemoglobinuria (PNH) and body weight of at least 40 kg.","FDA compilation: Approved Use(s)","Complement C5 Inhibitors [MoA]","Complement C5 Inhibitor [EPC]","","FDA compilation workbook (2025 Compilation)","FDA_COMPILATION","https://www.fda.gov/drugs/drug-approvals-and-databases/compilation-cder-new-molecular-entity-nme-drug-and-new-biologic-approvals","","Genentech, Inc.","Intravenous, Subcutaneous"
"2024","2024-06-26","Ohtuvayre","ensifentrine","NDA217389","NDA novel drug","NDA novel drug","NME/NDA","TRUE","Verona Pharma","Inhalation","Suspension","Standard","No","No","No","No","","OHTUVAYRE is indicated for the maintenance treatment of chronic obstructive pulmonary disease (COPD) in adult patients.","OHTUVAYRE is indicated for the maintenance treatment of chronic obstructive pulmonary disease (COPD) in adult patients.","FDA compilation: Approved Use(s)","Phosphodiesterase 3 Inhibitors [MoA]; Phosphodiesterase 4 Inhibitors [MoA]","Phosphodiesterase 3 Inhibitor [EPC]; Phosphodiesterase 4 Inhibitor [EPC]","","FDA compilation workbook (2025 Compilation)","FDA_COMPILATION","https://www.fda.gov/drugs/drug-approvals-and-databases/compilation-cder-new-molecular-entity-nme-drug-and-new-biologic-approvals","","Verona Pharma, Inc.","Inhalation"
"2024","2024-07-02","Kisunla","donanemab-azbt","BLA761248","BLA novel biologic","BLA novel biologic","Biologic (BLA)","","Eli Lilly","Intravenous","Injectable","Priority","No","Yes","Yes","No","","KISUNLA is indicated for the treatment of Alzheimer’s disease. Treatment with KISUNLA should be initiated in patients with mild cognitive impairment or mild dementia stage of disease, the population in which treatment was initiated in the clinical trials.","KISUNLA is indicated for the treatment of Alzheimer’s disease. Treatment with KISUNLA should be initiated in patients with mild cognitive impairment or mild dementia stage of disease, the population in which treatment was initiated in the clinical trials.","FDA compilation: Approved Use(s)","","","","FDA compilation workbook (2025 Compilation)","FDA_COMPILATION","https://www.fda.gov/drugs/drug-approvals-and-databases/compilation-cder-new-molecular-entity-nme-drug-and-new-biologic-approvals","","Eli Lilly and Company","Intravenous"
"2024","2024-07-25","Leqselvi","deuruxolitinib","NDA217900","NDA novel drug","NDA novel drug","NME/NDA","TRUE","Sun Pharmaceutical Industries","Oral","Tablet","Standard","No","No","Yes","No","","LEQSELVI is indicated for the treatment of adult patients with severe alopecia areata. Limitations of Use: LEQSELVI is not recommended for use in combination with other JAK inhibitors, biologic immunomodulators, cyclosporine, or other potent immunosuppressants.","LEQSELVI is indicated for the treatment of adult patients with severe alopecia areata. Limitations of Use: LEQSELVI is not recommended for use in combination with other JAK inhibitors, biologic immunomodulators, cyclosporine, or other potent immunosuppressants.","FDA compilation: Approved Use(s)","","","","FDA compilation workbook (2025 Compilation)","FDA_COMPILATION","https://www.fda.gov/drugs/drug-approvals-and-databases/compilation-cder-new-molecular-entity-nme-drug-and-new-biologic-approvals","","Sun Pharmaceutical Industries, Inc.","Oral"
"2024","2024-08-06","Voranigo","vorasidenib","NDA218784","NDA novel drug","NDA novel drug","NME/NDA","TRUE","Servier Pharmaceuticals","Oral","Tablet","Priority","No","Yes","Yes","Yes","","VORANIGO is indicated for the treatment of adult and pediatric patients 12 years and older with Grade 2 astrocytoma or oligodendroglioma with a susceptible isocitrate dehydrogenase-1 (IDH1) or isocitrate dehydrogenase-2 (IDH2) mutation following surgery including biopsy, sub-total resection, or gross total resection","VORANIGO is indicated for the treatment of adult and pediatric patients 12 years and older with Grade 2 astrocytoma or oligodendroglioma with a susceptible isocitrate dehydrogenase-1 (IDH1) or isocitrate dehydrogenase-2 (IDH2) mutation following surgery including biopsy, sub-total resection, or gross total resection","FDA compilation: Approved Use(s)","Cytochrome P450 3A Inducers [MoA]; Isocitrate Dehydrogenase 1 Inhibitors [MoA]; Isocitrate Dehydrogenase 2 Inhibitors [MoA]","Isocitrate Dehydrogenase 1 Inhibitor [EPC]; Isocitrate Dehydrogenase 2 Inhibitor [EPC]","","FDA compilation workbook (2025 Compilation)","FDA_COMPILATION","https://www.fda.gov/drugs/drug-approvals-and-databases/compilation-cder-new-molecular-entity-nme-drug-and-new-biologic-approvals","","Servier Pharmaceuticals, LLC","Oral"
"2024","2024-08-09","Yorvipath","palopegteriparatide","NDA216490","NDA novel drug","NDA novel drug","NME/NDA","TRUE","Ascendis Pharma Bone Diseases","Subcutaneous","Solution","Priority","No","No","No","Yes","","YORVIPATH is indicated for the treatment of hypoparathyroidism in adults. Limitations of Use: - YORVIPATH was not studied for acute post-surgical hypoparathyroidism. - YORVIPATH’s titration scheme was only evaluated in adults who first achieved an albumin-corrected serum calcium of at least 7.8 mg/dL using calcium and active vitamin D treatment.","YORVIPATH is indicated for the treatment of hypoparathyroidism in adults. Limitations of Use: - YORVIPATH was not studied for acute post-surgical hypoparathyroidism. - YORVIPATH’s titration scheme was only evaluated in adults who first achieved an albumin-corrected serum calcium of at least 7.8 mg/dL using calcium and active vitamin D treatment.","FDA compilation: Approved Use(s)","","","","FDA compilation workbook (2025 Compilation)","FDA_COMPILATION","https://www.fda.gov/drugs/drug-approvals-and-databases/compilation-cder-new-molecular-entity-nme-drug-and-new-biologic-approvals","","Ascendis Pharma Bone Diseases A/S","Subcutaneous"
"2024","2024-08-12","Nemluvio","nemolizumab-ilto","BLA761390","BLA novel biologic","BLA novel biologic","Biologic (BLA)","","Galderma Laboratories","Subcutaneous","Injectable","Priority","No","Yes","No","No","","NEMLUVIO is indicated for the treatment of adults with prurigo nodularis.","NEMLUVIO is indicated for the treatment of adults with prurigo nodularis.","FDA compilation: Approved Use(s)","Interleukin-31 Receptor alpha Antagonists [MoA]","Interleukin-31 Receptor alpha Antagonist [EPC]","","FDA compilation workbook (2025 Compilation)","FDA_COMPILATION","https://www.fda.gov/drugs/drug-approvals-and-databases/compilation-cder-new-molecular-entity-nme-drug-and-new-biologic-approvals","","Galderma Laboratories, LP","Subcutaneous"
"2024","2024-08-14","Livdelzi","seladelpar","NDA217899","NDA novel drug","NDA novel drug","NME/NDA","TRUE","CymaBay Therapeutics","Oral","Capsule","Priority","Yes","Yes","No","Yes","","LIVDELZI is indicated for the treatment of primary biliary cholangitis (PBC) in combination with ursodeoxycholic acid (UDCA) in adults who have had an inadequate response to UDCA, or as monotherapy in patients unable to tolerate UDCA. This indication is approved under accelerated approval based on a reduction of alkaline phosphatase (ALP). Improvement in survival or prevention of liver decompensation events have not been demonstrated. Continued approval for this indication may be contingent upon verification and description of clinical benefit in confirmatory trial(s). Limitations of Use: Use of LIVDELZI is not recommended in patients who have or develop decompensated cirrhosis (e.g., ascites, variceal bleeding, hepatic encephalopathy).","LIVDELZI is indicated for the treatment of primary biliary cholangitis (PBC) in combination with ursodeoxycholic acid (UDCA) in adults who have had an inadequate response to UDCA, or as monotherapy in patients unable to tolerate UDCA. This indication is approved under accelerated approval based on a reduction of alkaline phosphatase (ALP). Improvement in survival or prevention of liver decompensation events have not been demonstrated. Continued approval for this indication may be contingent upon verification and description of clinical benefit in confirmatory trial(s). Limitations of Use: Use of LIVDELZI is not recommended in patients who have or develop decompensated cirrhosis (e.g., ascites, variceal bleeding, hepatic encephalopathy).","FDA compilation: Approved Use(s)","","","","FDA compilation workbook (2025 Compilation)","FDA_COMPILATION","https://www.fda.gov/drugs/drug-approvals-and-databases/compilation-cder-new-molecular-entity-nme-drug-and-new-biologic-approvals","","CymaBay Therapeutics, Inc.","Oral"
"2024","2024-08-14","Niktimvo","axatilimab-csfr","BLA761411","BLA novel biologic","BLA novel biologic","Biologic (BLA)","","Incyte","Intravenous","Injectable","Priority","No","No","Yes","Yes","","NIKTIMVO is indicated for the treatment of chronic graft-versus-host disease (cGVHD) after failure of at least two prior lines of systemic therapy in adult and pediatric patients weighing at least 40 kg.","NIKTIMVO is indicated for the treatment of chronic graft-versus-host disease (cGVHD) after failure of at least two prior lines of systemic therapy in adult and pediatric patients weighing at least 40 kg.","FDA compilation: Approved Use(s)","Colony Stimulating Factor Receptor Type 1 (CSF-1R) Inhibitors [MoA]","Colony Stimulating Factor-1 Receptor Blocker [EPC]","","FDA compilation workbook (2025 Compilation)","FDA_COMPILATION","https://www.fda.gov/drugs/drug-approvals-and-databases/compilation-cder-new-molecular-entity-nme-drug-and-new-biologic-approvals","","Incyte Corporation","Intravenous"
"2024","2024-08-19","Lazcluze","lazertinib","NDA219008","NDA novel drug","NDA novel drug","NME/NDA","TRUE","Janssen","Oral","Tablet","Priority","No","No","No","No","","LAZCLUZE, in combination with amivantamab, is indicated for the first-line treatment of adult patients with locally advanced or metastatic non-small cell lung cancer (NSCLC) with epidermal growth factor receptor (EGFR) exon 19 deletions or exon 21 L858R substitution mutations, as detected by an FDA-approved test.","LAZCLUZE, in combination with amivantamab, is indicated for the first-line treatment of adult patients with locally advanced or metastatic non-small cell lung cancer (NSCLC) with epidermal growth factor receptor (EGFR) exon 19 deletions or exon 21 L858R substitution mutations, as detected by an FDA-approved test.","FDA compilation: Approved Use(s)","Breast Cancer Resistance Protein Inhibitors [MoA]; Cytochrome P450 3A4 Inhibitors [MoA]; Kinase Inhibitors [MoA]","Kinase Inhibitor [EPC]","","FDA compilation workbook (2025 Compilation)","FDA_COMPILATION","https://www.fda.gov/drugs/drug-approvals-and-databases/compilation-cder-new-molecular-entity-nme-drug-and-new-biologic-approvals","","Janssen Biotech, Inc.","Oral"
"2024","2024-09-13","Ebglyss","lebrikizumab-lbkz","BLA761306","BLA novel biologic","BLA novel biologic","Biologic (BLA)","","Eli Lilly","Subcutaneous","Injectable","Standard","No","No","Yes","No","","EBGLYSS is indicated for the treatment of adults and pediatric patients 12 years of age and older who weigh at least 40 kg with moderate-to-severe atopic dermatitis whose disease is not adequately controlled with topical prescription therapies or when those therapies are not advisable. EBGLYSS can be used with or without topical corticosteroids.","EBGLYSS is indicated for the treatment of adults and pediatric patients 12 years of age and older who weigh at least 40 kg with moderate-to-severe atopic dermatitis whose disease is not adequately controlled with topical prescription therapies or when those therapies are not advisable. EBGLYSS can be used with or without topical corticosteroids.","FDA compilation: Approved Use(s)","Interleukin-13 Antagonists [MoA]","Interleukin-13 Antagonist [EPC]","","FDA compilation workbook (2025 Compilation)","FDA_COMPILATION","https://www.fda.gov/drugs/drug-approvals-and-databases/compilation-cder-new-molecular-entity-nme-drug-and-new-biologic-approvals","","Eli Lilly and Company","Subcutaneous"
"2024","2024-09-20","Miplyffa","arimoclomol","NDA214927","NDA novel drug","NDA novel drug","NME/NDA","TRUE","Zevra Denmark","Oral","Capsule","Priority","No","Yes","Yes","Yes","","MIPLYFFA is indicated for use in combination with miglustat for the treatment of neurological manifestations of Niemann-Pick disease type C (NPC) in adult and pediatric patients 2 years of age and older.","MIPLYFFA is indicated for use in combination with miglustat for the treatment of neurological manifestations of Niemann-Pick disease type C (NPC) in adult and pediatric patients 2 years of age and older.","FDA compilation: Approved Use(s)","","","","FDA compilation workbook (2025 Compilation)","FDA_COMPILATION","https://www.fda.gov/drugs/drug-approvals-and-databases/compilation-cder-new-molecular-entity-nme-drug-and-new-biologic-approvals","","Zevra Denmark A/S","Oral"
"2024","2024-09-24","Aqneursa","levacetylleucine","NDA219132","NDA novel drug","NDA novel drug","NME/NDA","TRUE","IntraBio","Oral","Suspension","Priority","No","No","Yes","Yes","","AQNEURSA is indicated for the treatment of neurological manifestations of Niemann-Pick disease type C (NPC) in adults and pediatric patients weighing >=15 kg.","AQNEURSA is indicated for the treatment of neurological manifestations of Niemann-Pick disease type C (NPC) in adults and pediatric patients weighing >=15 kg.","FDA compilation: Approved Use(s)","Bile Salt Export Pump Inhibitors [MoA]; Breast Cancer Resistance Protein Inhibitors [MoA]; Organic Anion Transporter 1 Inhibitors [MoA]; Organic Anion Transporter 3 Inhibitors [MoA]; P-Glycoprotein Inhibitors [MoA]","","","FDA compilation workbook (2025 Compilation)","FDA_COMPILATION","https://www.fda.gov/drugs/drug-approvals-and-databases/compilation-cder-new-molecular-entity-nme-drug-and-new-biologic-approvals","","IntraBio, Inc.","Oral"
"2024","2024-09-26","Cobenfy","xanomeline and trospium chloride","NDA216158","NDA novel drug","NDA novel drug","NME/NDA","TRUE","Bristol Myers Squibb","Oral","Capsule","Standard","No","No","No","No","","COBENFY is indicated for the treatment of schizophrenia in adults.","COBENFY is indicated for the treatment of schizophrenia in adults.","FDA compilation: Approved Use(s)","Cholinergic Muscarinic Agonists [MoA]; Cytochrome P450 3A4 Inhibitors [MoA]; P-Glycoprotein Inhibitors [MoA]","Cholinergic Muscarinic Agonist [EPC]","","FDA compilation workbook (2025 Compilation)","FDA_COMPILATION","https://www.fda.gov/drugs/drug-approvals-and-databases/compilation-cder-new-molecular-entity-nme-drug-and-new-biologic-approvals","","Bristol-Myers Squibb Company","Oral"
"2024","2024-09-27","Flyrcado","flurpiridaz F 18","NDA215168","NDA novel drug","NDA novel drug","NME/NDA","TRUE","GE Healthcare","Intravenous","Solution","Standard","No","No","No","No","","FLYRCADO is indicated for positron emission tomography (PET) myocardial perfusion imaging (MPI) under rest or stress (pharmacologic or exercise) in adult patients with known or suspected coronary artery disease (CAD) to evaluate for myocardial ischemia and infarction.","FLYRCADO is indicated for positron emission tomography (PET) myocardial perfusion imaging (MPI) under rest or stress (pharmacologic or exercise) in adult patients with known or suspected coronary artery disease (CAD) to evaluate for myocardial ischemia and infarction.","FDA compilation: Approved Use(s)","Positron Emitting Activity [MoA]","Radioactive Diagnostic Agent [EPC]","","FDA compilation workbook (2025 Compilation)","FDA_COMPILATION","https://www.fda.gov/drugs/drug-approvals-and-databases/compilation-cder-new-molecular-entity-nme-drug-and-new-biologic-approvals","","GE Healthcare, Inc.","Intravenous"
"2024","2024-10-10","Itovebi","inavolisib","NDA219249","NDA novel drug","NDA novel drug","NME/NDA","TRUE","Genentech","Oral","Tablet","Priority","No","Yes","No","No","","ITOVEBI, in combination with palbociclib and fulvestrant, is indicated for the treatment of adults with endocrine-resistant, PIK3CA-mutated, hormone receptor (HR)-positive, human epidermal growth factor receptor 2 (HER2)-negative, locally advanced or metastatic breast cancer, as detected by an FDA-approved test, following recurrence on or after completing adjuvant endocrine therapy.","ITOVEBI, in combination with palbociclib and fulvestrant, is indicated for the treatment of adults with endocrine-resistant, PIK3CA-mutated, hormone receptor (HR)-positive, human epidermal growth factor receptor 2 (HER2)-negative, locally advanced or metastatic breast cancer, as detected by an FDA-approved test, following recurrence on or after completing adjuvant endocrine therapy.","FDA compilation: Approved Use(s)","Phosphoinositide 3-Kinase alpha Inhibitors [MoA]","Kinase Inhibitor [EPC]","","FDA compilation workbook (2025 Compilation)","FDA_COMPILATION","https://www.fda.gov/drugs/drug-approvals-and-databases/compilation-cder-new-molecular-entity-nme-drug-and-new-biologic-approvals","","Genentech, Inc.","Oral"
"2024","2024-10-11","Hympavzi","marstacimab-hncq","BLA761369","BLA novel biologic","BLA novel biologic","Biologic (BLA)","","Pfizer","Subcutaneous","Injectable","Standard","No","No","No","Yes","","HYMPAVZI is indicated for routine prophylaxis to prevent or reduce the frequency of bleeding episodes in adult and pediatric patients 12 years of age and older with: - hemophilia A (congenital factor VIII deficiency) without factor VIII inhibitors, or - hemophilia B (congenital factor IX deficiency) without factor IX inhibitors.","HYMPAVZI is indicated for routine prophylaxis to prevent or reduce the frequency of bleeding episodes in adult and pediatric patients 12 years of age and older with: - hemophilia A (congenital factor VIII deficiency) without factor VIII inhibitors, or - hemophilia B (congenital factor IX deficiency) without factor IX inhibitors.","FDA compilation: Approved Use(s)","","","","FDA compilation workbook (2025 Compilation)","FDA_COMPILATION","https://www.fda.gov/drugs/drug-approvals-and-databases/compilation-cder-new-molecular-entity-nme-drug-and-new-biologic-approvals","","Pfizer, Inc.","Subcutaneous"
"2024","2024-10-18","Vyloy","zolbetuximab-clzb","BLA761365","BLA novel biologic","BLA novel biologic","Biologic (BLA)","","Astellas Pharma","Intravenous","Injectable","Priority","No","No","Yes","Yes","","VYLOY, in combination with fluoropyrimidine- and platinum-containing chemotherapy, is indicated for the first-line treatment of adults with locally advanced unresectable or metastatic human epidermal growth factor receptor 2 (HER2)-negative gastric or gastroesophageal junction (GEJ) adenocarcinoma whose tumors are claudin (CLDN) 18.2 positive as determined by an FDA-approved test.","VYLOY, in combination with fluoropyrimidine- and platinum-containing chemotherapy, is indicated for the first-line treatment of adults with locally advanced unresectable or metastatic human epidermal growth factor receptor 2 (HER2)-negative gastric or gastroesophageal junction (GEJ) adenocarcinoma whose tumors are claudin (CLDN) 18.2 positive as determined by an FDA-approved test.","FDA compilation: Approved Use(s)","Claudin 18.2-directed Antibody Interactions [MoA]","Claudin 18.2-directed Cytolytic Antibody [EPC]","","FDA compilation workbook (2025 Compilation)","FDA_COMPILATION","https://www.fda.gov/drugs/drug-approvals-and-databases/compilation-cder-new-molecular-entity-nme-drug-and-new-biologic-approvals","","Astellas Pharma US, Inc.","Intravenous"
"2024","2024-10-25","Orlynvah","sulopenem etzadroxil and probenecid","NDA213972","NDA novel drug","NDA novel drug","NME/NDA","TRUE","Iterum Therapeutics U.S","Oral","Tablet","Priority","No","No","Yes","No","","ORLYNVAH is indicated for the treatment of uncomplicated urinary tract infections (uUTI) caused by the designated microorganisms Escherichia coli, Klebsiella pneumoniae, or Proteus mirabilis in adult women who have limited or no alternative oral antibacterial treatment options. Limitations of Use: ORLYNVAH is not indicated for the treatment of: - Complicated urinary tract infections (cUTI) or as step-down treatment after intravenous antibacterial treatment of cUTI. - Complicated intra-abdominal infections (cIAI)) or as step-down treatment after intravenous antibacterial treatment of cIAI.","ORLYNVAH is indicated for the treatment of uncomplicated urinary tract infections (uUTI) caused by the designated microorganisms Escherichia coli, Klebsiella pneumoniae, or Proteus mirabilis in adult women who have limited or no alternative oral antibacterial treatment options. Limitations of Use: ORLYNVAH is not indicated for the treatment of: - Complicated urinary tract infections (cUTI) or as step-down treatment after intravenous antibacterial treatment of cUTI. - Complicated intra-abdominal infections (cIAI)) or as step-down treatment after intravenous antibacterial treatment of cIAI.","FDA compilation: Approved Use(s)","","","","FDA compilation workbook (2025 Compilation)","FDA_COMPILATION","https://www.fda.gov/drugs/drug-approvals-and-databases/compilation-cder-new-molecular-entity-nme-drug-and-new-biologic-approvals","","Iterum Therapeutics U.S. Ltd.","Oral"
"2024","2024-11-15","Revuforj","revumenib","NDA218944","NDA novel drug","NDA novel drug","NME/NDA","TRUE","Syndax Pharmaceuticals","Oral","Tablet","Priority","No","Yes","Yes","Yes","","REVUFORJ is indicated for the treatment of relapsed or refractory acute leukemia with a lysine methyltransferase 2A gene (KMT2A) translocation in adult and pediatric patients 1 year and older.","REVUFORJ is indicated for the treatment of relapsed or refractory acute leukemia with a lysine methyltransferase 2A gene (KMT2A) translocation in adult and pediatric patients 1 year and older.","FDA compilation: Approved Use(s)","","","","FDA compilation workbook (2025 Compilation)","FDA_COMPILATION","https://www.fda.gov/drugs/drug-approvals-and-databases/compilation-cder-new-molecular-entity-nme-drug-and-new-biologic-approvals","","Syndax Pharmaceuticals, Inc.","Oral"
"2024","2024-11-20","Ziihera","zanidatamab-hrii","BLA761416","BLA novel biologic","BLA novel biologic","Biologic (BLA)","","Jazz Pharmaceuticals","Intravenous","Injectable","Priority","Yes","Yes","Yes","Yes","","ZIIHERA is indicated for the treatment of adults with previously treated, unresectable or metastatic HER2-positive (IHC 3+) biliary tract cancer (BTC), as detected by an FDA-approved test. This indication is approved under accelerated approval based on overall response rate and duration of response. Continued approval for this indication may be contingent upon verification and description of clinical benefit in a confirmatory trial(s).","ZIIHERA is indicated for the treatment of adults with previously treated, unresectable or metastatic HER2-positive (IHC 3+) biliary tract cancer (BTC), as detected by an FDA-approved test. This indication is approved under accelerated approval based on overall response rate and duration of response. Continued approval for this indication may be contingent upon verification and description of clinical benefit in a confirmatory trial(s).","FDA compilation: Approved Use(s)","HER2-directed Antibody Interactions [MoA]","Bispecific HER2-directed Antibody [EPC]","","FDA compilation workbook (2025 Compilation)","FDA_COMPILATION","https://www.fda.gov/drugs/drug-approvals-and-databases/compilation-cder-new-molecular-entity-nme-drug-and-new-biologic-approvals","","Jazz Pharmaceuticals Ireland, Limited","Intravenous"
"2024","2024-11-22","Attruby","acoramidis","NDA216540","NDA novel drug","NDA novel drug","NME/NDA","TRUE","BridgeBio Pharma","Oral","Tablet","Standard","No","No","No","Yes","","ATTRUBY is indicated for the treatment of the cardiomyopathy of wild-type or variant transthyretin-mediated amyloidosis (ATTR-CM) in adults to reduce cardiovascular death and cardiovascular-related hospitalization.","ATTRUBY is indicated for the treatment of the cardiomyopathy of wild-type or variant transthyretin-mediated amyloidosis (ATTR-CM) in adults to reduce cardiovascular death and cardiovascular-related hospitalization.","FDA compilation: Approved Use(s)","","","","FDA compilation workbook (2025 Compilation)","FDA_COMPILATION","https://www.fda.gov/drugs/drug-approvals-and-databases/compilation-cder-new-molecular-entity-nme-drug-and-new-biologic-approvals","","BridgeBio Pharma, Inc.","Oral"
"2024","2024-11-22","Rapiblyk","landiolol","NDA217202","NDA novel drug","NDA novel drug","NME/NDA","TRUE","AOP Orphan Pharmaceuticals","Intravenous","Powder","Standard","No","No","No","No","","RAPIBLYK is indicated for the short-term reduction of ventricular rate in adults with supraventricular tachycardia including atrial fibrillation and atrial flutter.","RAPIBLYK is indicated for the short-term reduction of ventricular rate in adults with supraventricular tachycardia including atrial fibrillation and atrial flutter.","FDA compilation: Approved Use(s)","","","","FDA compilation workbook (2025 Compilation)","FDA_COMPILATION","https://www.fda.gov/drugs/drug-approvals-and-databases/compilation-cder-new-molecular-entity-nme-drug-and-new-biologic-approvals","","AOP Orphan Pharmaceuticals GmbH","Intravenous"
"2024","2024-11-27","Iomervu","iomeprol","NDA216017","NDA novel drug","NDA novel drug","NME/NDA","TRUE","Bracco Diagnostics","Intravenous","Solution","Standard","No","No","No","No","","IOMERVU is indicated for: - Cerebral arteriography, including intra-arterial digital subtraction angiography (IA-DSA), in adults and pediatric patients - Visceral and peripheral arteriography and aortography, including IA-DSA, in adults and pediatric patients - Coronary arteriography and cardiac ventriculography in adults - Radiographic evaluation of cardiac chambers and related arteries in pediatric patients IOMERVU is indicated for: - Computed tomography (CT) of the head and body in adults and pediatric patients - CT angiography of intracranial, visceral, and lower extremity arteries in adults and pediatric patients - Coronary CT angiography in adults and pediatric patients - CT urography in adults and pediatric patients Specific concentrations of IOMERVU are recommended for each type of imaging procedure","IOMERVU is indicated for: - Cerebral arteriography, including intra-arterial digital subtraction angiography (IA-DSA), in adults and pediatric patients - Visceral and peripheral arteriography and aortography, including IA-DSA, in adults and pediatric patients - Coronary arteriography and cardiac ventriculography in adults - Radiographic evaluation of cardiac chambers and related arteries in pediatric patients IOMERVU is indicated for: - Computed tomography (CT) of the head and body in adults and pediatric patients - CT angiography of intracranial, visceral, and lower extremity arteries in adults and pediatric patients - Coronary CT angiography in adults and pediatric patients - CT urography in adults and pediatric patients Specific concentrations of IOMERVU are recommended for each type of imaging procedure","FDA compilation: Approved Use(s)","","","","FDA compilation workbook (2025 Compilation)","FDA_COMPILATION","https://www.fda.gov/drugs/drug-approvals-and-databases/compilation-cder-new-molecular-entity-nme-drug-and-new-biologic-approvals","","Bracco Diagnostics, Inc.","Intravenous"
"2024","2024-12-04","Bizengri","zenocutuzumab-zbco","BLA761352","BLA novel biologic","BLA novel biologic","Biologic (BLA)","","Merus N.V","Intravenous","Injectable","Priority","Yes","Yes","Yes","Yes (indication [B] only)","","[A] BIZENGRI is indicated for the treatment of adults with advanced unresectable or metastatic non-small cell lung cancer (NSCLC) harboring a neuregulin 1 (NRG1) gene fusion with disease progression on or after prior systemic therapy. This indication is approved under accelerated approval based on overall response rate and duration of response. Continued approval for this indication may be contingent upon verification and description of clinical benefit in a confirmatory trial(s). [B] BIZENGRI is indicated for the treatment of adults with advanced unresectable or metastatic pancreatic adenocarcinoma harboring a neuregulin 1 (NRG1) gene fusion with disease progression on or after prior systemic therapy. This indication is approved under accelerated approval based on overall response rate and duration of response. Continued approval for this indication may be contingent upon verification and description of clinical benefit in a confirmatory trial(s).","[A] BIZENGRI is indicated for the treatment of adults with advanced unresectable or metastatic non-small cell lung cancer (NSCLC) harboring a neuregulin 1 (NRG1) gene fusion with disease progression on or after prior systemic therapy. This indication is approved under accelerated approval based on overall response rate and duration of response. Continued approval for this indication may be contingent upon verification and description of clinical benefit in a confirmatory trial(s). [B] BIZENGRI is indicated for the treatment of adults with advanced unresectable or metastatic pancreatic adenocarcinoma harboring a neuregulin 1 (NRG1) gene fusion with disease progression on or after prior systemic therapy. This indication is approved under accelerated approval based on overall response rate and duration of response. Continued approval for this indication may be contingent upon verification and description of clinical benefit in a confirmatory trial(s).","FDA compilation: Approved Use(s)","","","","FDA compilation workbook (2025 Compilation)","FDA_COMPILATION","https://www.fda.gov/drugs/drug-approvals-and-databases/compilation-cder-new-molecular-entity-nme-drug-and-new-biologic-approvals","","Merus N.V.","Intravenous"
"2024","2024-12-13","Crenessity","crinecerfont","NDA218808","NDA novel drug","NDA novel drug","NME/NDA","TRUE","Neurocrine Biosciences","Oral","Capsule","Priority","No","Yes","Yes","Yes","","CRENESSITY is indicated as adjunctive treatment to glucocorticoid replacement to control androgens in adults and pediatric patients 4 years of age and older with classic congenital adrenal hyperplasia (CAH).","CRENESSITY is indicated as adjunctive treatment to glucocorticoid replacement to control androgens in adults and pediatric patients 4 years of age and older with classic congenital adrenal hyperplasia (CAH).","FDA compilation: Approved Use(s)","","","","FDA compilation workbook (2025 Compilation)","FDA_COMPILATION","https://www.fda.gov/drugs/drug-approvals-and-databases/compilation-cder-new-molecular-entity-nme-drug-and-new-biologic-approvals","","Neurocrine Biosciences, Inc.","Oral"
"2024","2024-12-13","Unloxcyt","cosibelimab-ipdl","BLA761297","BLA novel biologic","BLA novel biologic","Biologic (BLA)","","Checkpoint Therapeutics","Intravenous","Injectable","Standard","No","No","No","No","","UNLOXCYT is indicated for the treatment of adults with metastatic cutaneous squamous cell carcinoma (mCSCC) or locally advanced CSCC (laCSCC) who are not candidates for curative surgery or curative radiation.","UNLOXCYT is indicated for the treatment of adults with metastatic cutaneous squamous cell carcinoma (mCSCC) or locally advanced CSCC (laCSCC) who are not candidates for curative surgery or curative radiation.","FDA compilation: Approved Use(s)","Programmed Death Ligand-1 Antagonists [MoA]; Programmed Death Ligand-1-directed Antibody Interactions [MoA]","Programmed Death Ligand-1 Blocker [EPC]","","FDA compilation workbook (2025 Compilation)","FDA_COMPILATION","https://www.fda.gov/drugs/drug-approvals-and-databases/compilation-cder-new-molecular-entity-nme-drug-and-new-biologic-approvals","","Checkpoint Therapeutics, Inc.","Intravenous"
"2024","2024-12-18","Ensacove","ensartinib","NDA218171","NDA novel drug","NDA novel drug","NME/NDA","TRUE","Xcovery Holdings","Oral","Capsule","Standard","No","No","No","No","","ENSACOVE is indicated for the treatment of adult patients with anaplastic lymphoma kinase (ALK)-positive locally advanced or metastatic non-small cell lung cancer (NSCLC) who have not previously received an ALK-inhibitor.","ENSACOVE is indicated for the treatment of adult patients with anaplastic lymphoma kinase (ALK)-positive locally advanced or metastatic non-small cell lung cancer (NSCLC) who have not previously received an ALK-inhibitor.","FDA compilation: Approved Use(s)","","","","FDA compilation workbook (2025 Compilation)","FDA_COMPILATION","https://www.fda.gov/drugs/drug-approvals-and-databases/compilation-cder-new-molecular-entity-nme-drug-and-new-biologic-approvals","","Xcovery Holdings, Inc.","Oral"
"2024","2024-12-19","Tryngolza","olezarsen","NDA218614","NDA novel drug","NDA novel drug","NME/NDA","TRUE","Ionis Pharmaceuticals","Subcutaneous","Solution","Priority","No","Yes","Yes","Yes","","TRYNGOLZA is indicated as an adjunct to diet to reduce triglycerides in adults with familial chylomicronemia syndrome (FCS).","TRYNGOLZA is indicated as an adjunct to diet to reduce triglycerides in adults with familial chylomicronemia syndrome (FCS).","FDA compilation: Approved Use(s)","","","","FDA compilation workbook (2025 Compilation)","FDA_COMPILATION","https://www.fda.gov/drugs/drug-approvals-and-databases/compilation-cder-new-molecular-entity-nme-drug-and-new-biologic-approvals","","Ionis Pharmaceuticals, Inc.","Subcutaneous"
"2024","2024-12-20","Alhemo","concizumab-mtci","BLA761315","BLA novel biologic","BLA novel biologic","Biologic (BLA)","","Novo Nordisk","Subcutaneous","Injectable","Priority","No","No","No","Yes","","Alhemo is indicated for routine prophylaxis to prevent or reduce the frequency of bleeding episodes in adult and pediatric patients 12 years of age and older with: - hemophilia A (congenital factor VIII deficiency) with FVIII inhibitors - hemophilia B (congenital factor IX deficiency) with FIX inhibitors","Alhemo is indicated for routine prophylaxis to prevent or reduce the frequency of bleeding episodes in adult and pediatric patients 12 years of age and older with: - hemophilia A (congenital factor VIII deficiency) with FVIII inhibitors - hemophilia B (congenital factor IX deficiency) with FIX inhibitors","FDA compilation: Approved Use(s)","Tissue Factor Pathway Inhibitor Antagonists [MoA]","Tissue Factor Pathway Inhibitor Antagonist [EPC]","","FDA compilation workbook (2025 Compilation)","FDA_COMPILATION","https://www.fda.gov/drugs/drug-approvals-and-databases/compilation-cder-new-molecular-entity-nme-drug-and-new-biologic-approvals","","Novo Nordisk, Inc.","Subcutaneous"
"2024","2024-12-20","Alyftrek","vanzacaftor, tezacaftor and deutivacaftor","NDA218730","NDA novel drug","NDA novel drug","NME/NDA","TRUE","Vertex Pharmaceuticals","Oral","Tablet","Priority (used priority review voucher)","No","No","No","Yes","","ALYFTREK is indicated for the treatment of cystic fibrosis (CF) in patients 6 years of age and older who have at least one F508del mutation or another responsive mutation in the cystic fibrosis transmembrane conductance regulator (CFTR) gene (see Table 5). If the patient’s genotype is unknown, an FDA-cleared CF mutation test should be used to confirm the presence of at least one indicated mutation.","ALYFTREK is indicated for the treatment of cystic fibrosis (CF) in patients 6 years of age and older who have at least one F508del mutation or another responsive mutation in the cystic fibrosis transmembrane conductance regulator (CFTR) gene (see Table 5). If the patient’s genotype is unknown, an FDA-cleared CF mutation test should be used to confirm the presence of at least one indicated mutation.","FDA compilation: Approved Use(s)","Breast Cancer Resistance Protein Inhibitors [MoA]; Chloride Channel Activation Potentiators [MoA]; Cytochrome P450 2C9 Inhibitors [MoA]; P-Glycoprotein Inhibitors [MoA]","Cystic Fibrosis Transmembrane Conductance Regulator Potentiator [EPC]","","FDA compilation workbook (2025 Compilation)","FDA_COMPILATION","https://www.fda.gov/drugs/drug-approvals-and-databases/compilation-cder-new-molecular-entity-nme-drug-and-new-biologic-approvals","","Vertex Pharmaceuticals, Inc.","Oral"
"2025","2025-01-17","Datroway","datopotamab deruxtecan-dlnk","BLA761394","BLA novel biologic","BLA novel biologic","Biologic (BLA)","","Daiichi Sankyo","Intravenous","Injectable","Standard","No","No","No","No","","DATROWAY is indicated for the treatment of adult patients with unresectable or metastatic, hormone receptor (HR)-positive, human epidermal growth factor receptor 2 (HER2)-negative (IHC 0, IHC 1+ or IHC 2+/ISH-) breast cancer who have received prior endocrine-based therapy and chemotherapy for unresectable or metastatic disease.","DATROWAY is indicated for the treatment of adult patients with unresectable or metastatic, hormone receptor (HR)-positive, human epidermal growth factor receptor 2 (HER2)-negative (IHC 0, IHC 1+ or IHC 2+/ISH-) breast cancer who have received prior endocrine-based therapy and chemotherapy for unresectable or metastatic disease.","FDA compilation: Approved Use(s)","","","","FDA compilation workbook (2025 Compilation)","FDA_COMPILATION","https://www.fda.gov/drugs/drug-approvals-and-databases/compilation-cder-new-molecular-entity-nme-drug-and-new-biologic-approvals","","Daiichi Sankyo, Inc.","Intraveneous"
"2025","2025-01-21","Grafapex","treosulfan","NDA214759","NDA novel drug","NDA novel drug","NME/NDA","TRUE","medac Gesellschaft fur klinische Spezialpraparate mbH","Intravenous","Powder","Standard","No","No","No","Yes","","GRAFAPEX is indicated in combination with fludarabine as a preparative regimen for allogeneic hematopoietic stem cell transplantation in adult and pediatric patients 1 year of age and older with acute myeloid leukemia (AML). GRAFAPEX is indicated in combination with fludarabine as a preparative regimen for allogeneic hematopoietic stem cell transplantation in adult and pediatric patients 1 year of age and older with myelodysplastic syndrome (MDS).","GRAFAPEX is indicated in combination with fludarabine as a preparative regimen for allogeneic hematopoietic stem cell transplantation in adult and pediatric patients 1 year of age and older with acute myeloid leukemia (AML). GRAFAPEX is indicated in combination with fludarabine as a preparative regimen for allogeneic hematopoietic stem cell transplantation in adult and pediatric patients 1 year of age and older with myelodysplastic syndrome (MDS).","FDA compilation: Approved Use(s)","","","","FDA compilation workbook (2025 Compilation)","FDA_COMPILATION","https://www.fda.gov/drugs/drug-approvals-and-databases/compilation-cder-new-molecular-entity-nme-drug-and-new-biologic-approvals","","medac Gesellschaft fur klinische Spezialpraparate mbH","Intraveneous"
"2025","2025-01-30","Journavx","suzetrigine","NDA219209","NDA novel drug","NDA novel drug","NME/NDA","TRUE","Vertex Pharmaceuticals","Oral","Tablet","Priority","No","Yes","Yes","No","","JOURNAVX is indicated for the treatment of moderate to severe acute pain in adults.","JOURNAVX is indicated for the treatment of moderate to severe acute pain in adults.","FDA compilation: Approved Use(s)","Cytochrome P450 3A Inducers [MoA]; Sodium Channel Antagonists [MoA]","Sodium Channel Blocker [EPC]","","FDA compilation workbook (2025 Compilation)","FDA_COMPILATION","https://www.fda.gov/drugs/drug-approvals-and-databases/compilation-cder-new-molecular-entity-nme-drug-and-new-biologic-approvals","","Vertex Pharmaceuticals, Inc.","Oral"
"2025","2025-02-11","Gomekli","mirdametinib","NDA219379","NDA novel drug","NDA novel drug","NME/NDA","TRUE","SpringWorks Therapeutics","Oral","Tablet, For Suspension","Priority","No","No","Yes","Yes","","GOMEKLI is indicated for the treatment of adult and pediatric patients 2 years of age and older with neurofibromatosis type 1 (NF1) who have symptomatic plexiform neurofibromas (PN) not amenable to complete resection.","GOMEKLI is indicated for the treatment of adult and pediatric patients 2 years of age and older with neurofibromatosis type 1 (NF1) who have symptomatic plexiform neurofibromas (PN) not amenable to complete resection.","FDA compilation: Approved Use(s)","","","","FDA compilation workbook (2025 Compilation)","FDA_COMPILATION","https://www.fda.gov/drugs/drug-approvals-and-databases/compilation-cder-new-molecular-entity-nme-drug-and-new-biologic-approvals","","SpringWorks Therapeutics, Inc.","Oral"
"2025","2025-02-14","Romvimza","vimseltinib","NDA219304","NDA novel drug","NDA novel drug","NME/NDA","TRUE","Deciphera Pharmaceuticals","Oral","Capsule","Priority","No","No","Yes","No","","ROMVIMZA is indicated for treatment of adult patients with symptomatic tenosynovial giant cell tumor (TGCT) for which surgical resection will potentially cause worsening functional limitation or severe morbidity.","ROMVIMZA is indicated for treatment of adult patients with symptomatic tenosynovial giant cell tumor (TGCT) for which surgical resection will potentially cause worsening functional limitation or severe morbidity.","FDA compilation: Approved Use(s)","Breast Cancer Resistance Protein Inhibitors [MoA]; Colony Stimulating Factor Receptor Type 1 (CSF-1R) Inhibitors [MoA]; Organic Cation Transporter 2 Inhibitors [MoA]; P-Glycoprotein Inhibitors [MoA]","Kinase Inhibitor [EPC]","","FDA compilation workbook (2025 Compilation)","FDA_COMPILATION","https://www.fda.gov/drugs/drug-approvals-and-databases/compilation-cder-new-molecular-entity-nme-drug-and-new-biologic-approvals","","Deciphera Pharmaceuticals, LLC","Oral"
"2025","2025-03-25","Blujepa","gepotidacin","NDA218230","NDA novel drug","NDA novel drug","NME/NDA","TRUE","GlaxoSmithKline","Oral","Tablet","Priority","No","No","No","No","","BLUJEPA is indicated for the treatment of female adult and pediatric patients 12 years of age and older weighing at least 40 kilograms (kg) with uncomplicated urinary tract infections (uUTI) caused by the following susceptible microorganisms: Escherichia coli, Klebsiella pneumoniae, Citrobacter freundii complex, Staphylococcus saprophyticus, and Enterococcus faecalis. To reduce the development of drug-resistant bacteria and maintain the effectiveness of BLUJEPA and other antibacterial drugs, BLUJEPA should be used only to treat infections that are proven or strongly suspected to be caused by susceptible bacteria. When culture and susceptibility information are available, they should be considered in selecting or modifying antibacterial therapy. In the absence of such data, local epidemiology and susceptibility patterns may contribute to the empiric selection of therapy.","BLUJEPA is indicated for the treatment of female adult and pediatric patients 12 years of age and older weighing at least 40 kilograms (kg) with uncomplicated urinary tract infections (uUTI) caused by the following susceptible microorganisms: Escherichia coli, Klebsiella pneumoniae, Citrobacter freundii complex, Staphylococcus saprophyticus, and Enterococcus faecalis. To reduce the development of drug-resistant bacteria and maintain the effectiveness of BLUJEPA and other antibacterial drugs, BLUJEPA should be used only to treat infections that are proven or strongly suspected to be caused by susceptible bacteria. When culture and susceptibility information are available, they should be considered in selecting or modifying antibacterial therapy. In the absence of such data, local epidemiology and susceptibility patterns may contribute to the empiric selection of therapy.","FDA compilation: Approved Use(s)","","","","FDA compilation workbook (2025 Compilation)","FDA_COMPILATION","https://www.fda.gov/drugs/drug-approvals-and-databases/compilation-cder-new-molecular-entity-nme-drug-and-new-biologic-approvals","","GlaxoSmithKline, LLC","Oral"
"2025","2025-03-28","Qfitlia","fitusiran","NDA219019","NDA novel drug","NDA novel drug","NME/NDA","TRUE","Genzyme","Subcutaneous","Solution","Standard","No","No","Yes","Yes","","QFITLIA is indicated for routine prophylaxis to prevent or reduce the frequency of bleeding episodes in adult and pediatric patients aged 12 years and older with hemophilia A or B with or without factor VIII or IX inhibitors","QFITLIA is indicated for routine prophylaxis to prevent or reduce the frequency of bleeding episodes in adult and pediatric patients aged 12 years and older with hemophilia A or B with or without factor VIII or IX inhibitors","FDA compilation: Approved Use(s)","","Antithrombin-directed RNA Interaction [EPC]; Small Interfering RNA [EPC]","","FDA compilation workbook (2025 Compilation)","FDA_COMPILATION","https://www.fda.gov/drugs/drug-approvals-and-databases/compilation-cder-new-molecular-entity-nme-drug-and-new-biologic-approvals","","Genzyme Corporation","Subcutaneous"
"2025","2025-04-02","Vanrafia","atrasentan","NDA219208","NDA novel drug","NDA novel drug","NME/NDA","TRUE","Novartis Pharmaceuticals","Oral","Tablet","Standard","Yes","No","No","No","","VANRAFIA is indicated to reduce proteinuria in adults with primary immunoglobulin A nephropathy (IgAN) at risk of rapid disease progression, generally a urine protein-to-creatinine ratio (UPCR) >= 1.5 g/g. This indication is approved under accelerated approval based on a reduction of proteinuria. It has not been established whether VANRAFIA slows kidney function decline in patients with IgAN. Continued approval for this indication may be contingent upon verification and description of clinical benefit in a confirmatory clinical trial.","VANRAFIA is indicated to reduce proteinuria in adults with primary immunoglobulin A nephropathy (IgAN) at risk of rapid disease progression, generally a urine protein-to-creatinine ratio (UPCR) >= 1.5 g/g. This indication is approved under accelerated approval based on a reduction of proteinuria. It has not been established whether VANRAFIA slows kidney function decline in patients with IgAN. Continued approval for this indication may be contingent upon verification and description of clinical benefit in a confirmatory clinical trial.","FDA compilation: Approved Use(s)","","","","FDA compilation workbook (2025 Compilation)","FDA_COMPILATION","https://www.fda.gov/drugs/drug-approvals-and-databases/compilation-cder-new-molecular-entity-nme-drug-and-new-biologic-approvals","","Novartis Pharmaceuticals Corporation","Oral"
"2025","2025-04-23","[drug marketed without a proprietary name]","penpulimab-kcqx","BLA761258","BLA novel biologic","BLA novel biologic","Biologic (BLA)","","Akeso Biopharma","Intravenous","Injectable","Standard","No","Yes (indication [B] only)","Yes (indication [B] only)","Yes","","[A] Penpulimab-kcqx, in combination with either cisplatin or carboplatin and gemcitabine, is indicated for the first-line treatment of adults with recurrent or metastatic non-keratinizing nasopharyngeal carcinoma (NPC). [B] Penpulimab-kcqx, as a single agent, is indicated for the treatment of adults with metastatic non-keratinizing NPC and disease progression on or after platinum-based chemotherapy and at least one other prior line of therapy.","[A] Penpulimab-kcqx, in combination with either cisplatin or carboplatin and gemcitabine, is indicated for the first-line treatment of adults with recurrent or metastatic non-keratinizing nasopharyngeal carcinoma (NPC). [B] Penpulimab-kcqx, as a single agent, is indicated for the treatment of adults with metastatic non-keratinizing NPC and disease progression on or after platinum-based chemotherapy and at least one other prior line of therapy.","FDA compilation: Approved Use(s)","","","","FDA compilation workbook (2025 Compilation)","FDA_COMPILATION","https://www.fda.gov/drugs/drug-approvals-and-databases/compilation-cder-new-molecular-entity-nme-drug-and-new-biologic-approvals","","Akeso Biopharma Co., Ltd.","Intraveneous"
"2025","2025-04-29","Imaavy","nipocalimab-aahu","BLA761430","BLA novel biologic","BLA novel biologic","Biologic (BLA)","","Janssen","Intravenous","Injectable","Priority","No","No","Yes","Yes","","IMAAVY is indicated for the treatment of generalized myasthenia gravis (gMG) in adult and pediatric patients 12 years of age and older who are anti-acetylcholine receptor (AChR) or antimuscle-specific tyrosine kinase (MuSK) antibody positive.","IMAAVY is indicated for the treatment of generalized myasthenia gravis (gMG) in adult and pediatric patients 12 years of age and older who are anti-acetylcholine receptor (AChR) or antimuscle-specific tyrosine kinase (MuSK) antibody positive.","FDA compilation: Approved Use(s)","","","","FDA compilation workbook (2025 Compilation)","FDA_COMPILATION","https://www.fda.gov/drugs/drug-approvals-and-databases/compilation-cder-new-molecular-entity-nme-drug-and-new-biologic-approvals","","Janssen Biotech, Inc.","Intraveneous"
"2025","2025-05-08","Avmapki Fakzynja Co-Pack","avutometinib; defactinib (co-packaged)","NDA219616","NDA novel drug","NDA novel drug","NME/NDA","TRUE","Verastem","Oral","Capsule, Tablet","Priority","Yes","Yes","No","Yes","","AVMAPKI FAKZYNJA CO-PACK is indicated for the treatment of adult patients with KRAS-mutated recurrent low-grade serous ovarian cancer (LGSOC) who have received prior systemic therapy. This indication is approved under accelerated approval based on tumor response rate and duration of response. Continued approval for this indication may be contingent upon verification and description of clinical benefit in a confirmatory trial.","AVMAPKI FAKZYNJA CO-PACK is indicated for the treatment of adult patients with KRAS-mutated recurrent low-grade serous ovarian cancer (LGSOC) who have received prior systemic therapy. This indication is approved under accelerated approval based on tumor response rate and duration of response. Continued approval for this indication may be contingent upon verification and description of clinical benefit in a confirmatory trial.","FDA compilation: Approved Use(s)","","","","FDA compilation workbook (2025 Compilation)","FDA_COMPILATION","https://www.fda.gov/drugs/drug-approvals-and-databases/compilation-cder-new-molecular-entity-nme-drug-and-new-biologic-approvals","","Verastem, Inc.","Oral"
"2025","2025-05-14","Emrelis","telisotuzumab vedotin-tllv","BLA761384","BLA novel biologic","BLA novel biologic","Biologic (BLA)","","AbbVie","Intravenous","Injectable","Priority","Yes","Yes","No","No","","EMRELIS is indicated for the treatment of adult patients with locally advanced or metastatic, non-squamous non-small cell lung cancer (NSCLC) with high c-Met protein overexpression [>=50% of tumor cells with strong (3+) staining], as determined by an FDA-approved test, who have received a prior systemic therapy. This indication is approved under accelerated approval based on overall response rate (ORR) and duration of response (DOR). Continued approval for this indication may be contingent upon verification and description of clinical benefit in a confirmatory trial(s).","EMRELIS is indicated for the treatment of adult patients with locally advanced or metastatic, non-squamous non-small cell lung cancer (NSCLC) with high c-Met protein overexpression [>=50% of tumor cells with strong (3+) staining], as determined by an FDA-approved test, who have received a prior systemic therapy. This indication is approved under accelerated approval based on overall response rate (ORR) and duration of response (DOR). Continued approval for this indication may be contingent upon verification and description of clinical benefit in a confirmatory trial(s).","FDA compilation: Approved Use(s)","","","","FDA compilation workbook (2025 Compilation)","FDA_COMPILATION","https://www.fda.gov/drugs/drug-approvals-and-databases/compilation-cder-new-molecular-entity-nme-drug-and-new-biologic-approvals","","AbbVie, Inc.","Intraveneous"
"2025","2025-05-28","Tryptyr","acoltremon","NDA217370","NDA novel drug","NDA novel drug","NME/NDA","TRUE","Alcon Laboratories","Ophthalmic","Solution/Drops","Standard","No","No","No","No","","TRYPTYR is indicated for the treatment of the signs and symptoms of dry eye disease","TRYPTYR is indicated for the treatment of the signs and symptoms of dry eye disease","FDA compilation: Approved Use(s)","TRPM8 Thermoreceptor Agonists [MoA]","TRPM8 Thermoreceptor Agonist [EPC]","","FDA compilation workbook (2025 Compilation)","FDA_COMPILATION","https://www.fda.gov/drugs/drug-approvals-and-databases/compilation-cder-new-molecular-entity-nme-drug-and-new-biologic-approvals","","Alcon Laboratories, Inc.","Ophthalmic"
"2025","2025-06-09","Enflonsia","clesrovimab-cfor","BLA761432","BLA novel biologic","BLA novel biologic","Biologic (BLA)","","Merck","Intramuscular","Injectable","Priority (used priority review voucher)","No","No","Yes","No","","ENFLONSIA is indicated for the prevention of respiratory syncytial virus (RSV) lower respiratory tract disease in neonates and infants who are born during or entering their first RSV season.","ENFLONSIA is indicated for the prevention of respiratory syncytial virus (RSV) lower respiratory tract disease in neonates and infants who are born during or entering their first RSV season.","FDA compilation: Approved Use(s)","Fusion Protein Inhibitors [MoA]","Respiratory Syncytial Virus Anti-F Protein Monoclonal Antibody [EPC]","","FDA compilation workbook (2025 Compilation)","FDA_COMPILATION","https://www.fda.gov/drugs/drug-approvals-and-databases/compilation-cder-new-molecular-entity-nme-drug-and-new-biologic-approvals","","Merck Sharp and Dohme, LLC","Intramuscular"
"2025","2025-06-11","Ibtrozi","taletrectinib","NDA219713","NDA novel drug","NDA novel drug","NME/NDA","TRUE","Nuvation Bio","Oral","Capsule","Priority","No","Yes","No","Yes","","IBTROZI (taletrectinib) is indicated for the treatment of adult patients with locally advanced or metastatic ROS1-positive non-small cell lung cancer (NSCLC).","IBTROZI (taletrectinib) is indicated for the treatment of adult patients with locally advanced or metastatic ROS1-positive non-small cell lung cancer (NSCLC).","FDA compilation: Approved Use(s)","","","","FDA compilation workbook (2025 Compilation)","FDA_COMPILATION","https://www.fda.gov/drugs/drug-approvals-and-databases/compilation-cder-new-molecular-entity-nme-drug-and-new-biologic-approvals","","Nuvation Bio, Inc.","Oral"
"2025","2025-06-16","Andembry","garadacimab-gxii","BLA761367","BLA novel biologic","BLA novel biologic","Biologic (BLA)","","CSL Behring","Subcutaneous","Injectable","Standard","No","No","Yes","Yes","","ANDEMBRY is indicated for prophylaxis to prevent attacks of hereditary angioedema (HAE) in adult and pediatric patients aged 12 years and older.","ANDEMBRY is indicated for prophylaxis to prevent attacks of hereditary angioedema (HAE) in adult and pediatric patients aged 12 years and older.","FDA compilation: Approved Use(s)","","","","FDA compilation workbook (2025 Compilation)","FDA_COMPILATION","https://www.fda.gov/drugs/drug-approvals-and-databases/compilation-cder-new-molecular-entity-nme-drug-and-new-biologic-approvals","","CSL Behring, LLC","Subcutaneous"
"2025","2025-07-02","Lynozyfic","linvoseltamab-gcpt","BLA761400","BLA novel biologic","BLA novel biologic","Biologic (BLA)","","Regeneron Pharmaceuticals","Intravenous","Injectable","Priority","Yes","No","Yes","Yes","","LYNOZYFIC is indicated for the treatment of adult patients with relapsed or refractory multiple myeloma who have received at least four prior lines of therapy, including a proteasome inhibitor, an immunomodulatory agent, and an anti-CD38 monoclonal antibody. This indication is approved under accelerated approval based on response rate and durability of response. Continued approval for this indication may be contingent upon verification and description of clinical benefit in confirmatory trial(s).","LYNOZYFIC is indicated for the treatment of adult patients with relapsed or refractory multiple myeloma who have received at least four prior lines of therapy, including a proteasome inhibitor, an immunomodulatory agent, and an anti-CD38 monoclonal antibody. This indication is approved under accelerated approval based on response rate and durability of response. Continued approval for this indication may be contingent upon verification and description of clinical benefit in confirmatory trial(s).","FDA compilation: Approved Use(s)","","","","FDA compilation workbook (2025 Compilation)","FDA_COMPILATION","https://www.fda.gov/drugs/drug-approvals-and-databases/compilation-cder-new-molecular-entity-nme-drug-and-new-biologic-approvals","","Regeneron Pharmaceuticals, Inc.","Intraveneous"
"2025","2025-07-02","Zegfrovy","sunvozertinib","NDA219839","NDA novel drug","NDA novel drug","NME/NDA","TRUE","Dizal (Jiangsu) Pharmaceutical","Oral","Tablet","Priority","Yes","Yes","No","No","","ZEGFROVY is indicated for the treatment of adult patients with locally advanced or metastatic nonsmall cell lung cancer (NSCLC) with epidermal growth factor receptor (EGFR) exon 20 insertion mutations, as detected by an FDA-approved test, whose disease has progressed on or after platinum-based chemotherapy. This indication is approved under accelerated approval based on overall response rate and duration of response. Continued approval for this indication may be contingent upon verification and description of clinical benefit in confirmatory trial(s).","ZEGFROVY is indicated for the treatment of adult patients with locally advanced or metastatic nonsmall cell lung cancer (NSCLC) with epidermal growth factor receptor (EGFR) exon 20 insertion mutations, as detected by an FDA-approved test, whose disease has progressed on or after platinum-based chemotherapy. This indication is approved under accelerated approval based on overall response rate and duration of response. Continued approval for this indication may be contingent upon verification and description of clinical benefit in confirmatory trial(s).","FDA compilation: Approved Use(s)","","","","FDA compilation workbook (2025 Compilation)","FDA_COMPILATION","https://www.fda.gov/drugs/drug-approvals-and-databases/compilation-cder-new-molecular-entity-nme-drug-and-new-biologic-approvals","","Dizal (Jiangsu) Pharmaceutical Co., Ltd.","Oral"
"2025","2025-07-03","Ekterly","sebetralstat","NDA219301","NDA novel drug","NDA novel drug","NME/NDA","TRUE","KalVista Pharmaceuticals","Oral","Tablet","Standard","No","No","Yes","Yes","","EKTERLY is indicated for the treatment of acute attacks of hereditary angioedema (HAE) in adult and pediatric patients aged 12 years and older.","EKTERLY is indicated for the treatment of acute attacks of hereditary angioedema (HAE) in adult and pediatric patients aged 12 years and older.","FDA compilation: Approved Use(s)","Kallikrein Inhibitors [MoA]","Plasma Kallikrein Inhibitor [EPC]","","FDA compilation workbook (2025 Compilation)","FDA_COMPILATION","https://www.fda.gov/drugs/drug-approvals-and-databases/compilation-cder-new-molecular-entity-nme-drug-and-new-biologic-approvals","","KalVista Pharmaceuticals Limited","Oral"
"2025","2025-07-23","Anzupgo","delgocitinib","NDA219155","NDA novel drug","NDA novel drug","NME/NDA","TRUE","LEO Pharma","Topical","Cream","Standard","No","No","Yes","No","","ANZUPGO is indicated for the topical treatment of moderate to severe chronic hand eczema (CHE) in adults who have had an inadequate response to, or for whom topical corticosteroids are not advisable. Limitations of Use: Use of ANZUPGO in combination with other JAK inhibitors or potent immunosuppressants is not recommended.","ANZUPGO is indicated for the topical treatment of moderate to severe chronic hand eczema (CHE) in adults who have had an inadequate response to, or for whom topical corticosteroids are not advisable. Limitations of Use: Use of ANZUPGO in combination with other JAK inhibitors or potent immunosuppressants is not recommended.","FDA compilation: Approved Use(s)","Janus Kinase Inhibitors [MoA]","Janus Kinase Inhibitor [EPC]","","FDA compilation workbook (2025 Compilation)","FDA_COMPILATION","https://www.fda.gov/drugs/drug-approvals-and-databases/compilation-cder-new-molecular-entity-nme-drug-and-new-biologic-approvals","","LEO Pharma A/S","Topical"
"2025","2025-07-28","Sephience","sepiapterin","NDA219666","NDA novel drug","NDA novel drug","NME/NDA","TRUE","PTC Therapeutics","Oral","Powder","Standard","No","No","No","Yes","","SEPHIENCE is indicated for the treatment of hyperphenylalaninemia (HPA) in adult and pediatric patients 1 month of age and older with sepiapterin-responsive phenylketonuria (PKU). SEPHIENCE is to be used in conjunction with a phenylalanine (Phe)-restricted diet.","SEPHIENCE is indicated for the treatment of hyperphenylalaninemia (HPA) in adult and pediatric patients 1 month of age and older with sepiapterin-responsive phenylketonuria (PKU). SEPHIENCE is to be used in conjunction with a phenylalanine (Phe)-restricted diet.","FDA compilation: Approved Use(s)","","","","FDA compilation workbook (2025 Compilation)","FDA_COMPILATION","https://www.fda.gov/drugs/drug-approvals-and-databases/compilation-cder-new-molecular-entity-nme-drug-and-new-biologic-approvals","","PTC Therapeutics, Inc.","Oral"
"2025","2025-07-31","Vizz","aceclidine","NDA218585","NDA novel drug","NDA novel drug","NME/NDA","TRUE","LENZ Therapeutics","Ophthalmic","Solution/Drops","Standard","No","No","No","No","","VIZZ is indicated for the treatment of presbyopia in adults.","VIZZ is indicated for the treatment of presbyopia in adults.","FDA compilation: Approved Use(s)","","","","FDA compilation workbook (2025 Compilation)","FDA_COMPILATION","https://www.fda.gov/drugs/drug-approvals-and-databases/compilation-cder-new-molecular-entity-nme-drug-and-new-biologic-approvals","","LENZ Therapeutics, Inc.","Ophthalmic"
"2025","2025-08-06","Modeyso","dordaviprone","NDA219876","NDA novel drug","NDA novel drug","NME/NDA","TRUE","Chimerix","Oral","Capsule","Priority","Yes","No","No","Yes","","MODEYSO is indicated for the treatment of adult and pediatric patients 1 year of age and older with diffuse midline glioma harboring an H3 K27M mutation with progressive disease following prior therapy. This indication is approved under accelerated approval based on overall response rate and duration of response. Continued approval for this indication may be contingent upon verification and description of clinical benefit in a confirmatory trial(s).","MODEYSO is indicated for the treatment of adult and pediatric patients 1 year of age and older with diffuse midline glioma harboring an H3 K27M mutation with progressive disease following prior therapy. This indication is approved under accelerated approval based on overall response rate and duration of response. Continued approval for this indication may be contingent upon verification and description of clinical benefit in a confirmatory trial(s).","FDA compilation: Approved Use(s)","Protease Activators [MoA]","Protease Activator [EPC]","","FDA compilation workbook (2025 Compilation)","FDA_COMPILATION","https://www.fda.gov/drugs/drug-approvals-and-databases/compilation-cder-new-molecular-entity-nme-drug-and-new-biologic-approvals","","Chimerix, Inc.","Oral"
"2025","2025-08-08","Hernexeos","zongertinib","NDA219042","NDA novel drug","NDA novel drug","NME/NDA","TRUE","Boehringer Ingelheim Pharmaceuticals","Oral","Tablet","Priority","Yes","Yes","Yes","No","","HERNEXEOS is indicated for the treatment of adult patients with unresectable or metastatic non-squamous non-small cell lung cancer (NSCLC) whose tumors have HER2 (ERBB2) tyrosine kinase domain activating mutations, as detected by an FDA-approved test, and who have received prior systemic therapy. This indication is approved under accelerated approval based on objective response rate and duration of response. Continued approval for this indication may be contingent upon verification and description of clinical benefit in a confirmatory trial.","HERNEXEOS is indicated for the treatment of adult patients with unresectable or metastatic non-squamous non-small cell lung cancer (NSCLC) whose tumors have HER2 (ERBB2) tyrosine kinase domain activating mutations, as detected by an FDA-approved test, and who have received prior systemic therapy. This indication is approved under accelerated approval based on objective response rate and duration of response. Continued approval for this indication may be contingent upon verification and description of clinical benefit in a confirmatory trial.","FDA compilation: Approved Use(s)","Breast Cancer Resistance Protein Inhibitors [MoA]; HER2/Neu/cerbB2 Antagonists [MoA]","Kinase Inhibitor [EPC]","","FDA compilation workbook (2025 Compilation)","FDA_COMPILATION","https://www.fda.gov/drugs/drug-approvals-and-databases/compilation-cder-new-molecular-entity-nme-drug-and-new-biologic-approvals","","Boehringer Ingelheim Pharmaceuticals, Inc.","Oral"
"2025","2025-08-12","Brinsupri","brensocatib","NDA217673","NDA novel drug","NDA novel drug","NME/NDA","TRUE","Insmed","Oral","Tablet","Priority","No","No","No","No","","BRINSUPRI is indicated for the treatment of non-cystic fibrosis bronchiectasis (NCFB) in adult and pediatric patients 12 years of age and older.","BRINSUPRI is indicated for the treatment of non-cystic fibrosis bronchiectasis (NCFB) in adult and pediatric patients 12 years of age and older.","FDA compilation: Approved Use(s)","","","","FDA compilation workbook (2025 Compilation)","FDA_COMPILATION","https://www.fda.gov/drugs/drug-approvals-and-databases/compilation-cder-new-molecular-entity-nme-drug-and-new-biologic-approvals","","Insmed, Inc.","Oral"
"2025","2025-08-21","Dawnzera","donidalorsen","NDA219407","NDA novel drug","NDA novel drug","NME/NDA","TRUE","Ionis Pharmaceuticals","Subcutaneous","Solution","Standard","No","No","No","Yes","","DAWNZERA is indicated for prophylaxis to prevent attacks of hereditary angioedema (HAE) in adult and pediatric patients 12 years of age and older.","DAWNZERA is indicated for prophylaxis to prevent attacks of hereditary angioedema (HAE) in adult and pediatric patients 12 years of age and older.","FDA compilation: Approved Use(s)","","","","FDA compilation workbook (2025 Compilation)","FDA_COMPILATION","https://www.fda.gov/drugs/drug-approvals-and-databases/compilation-cder-new-molecular-entity-nme-drug-and-new-biologic-approvals","","Ionis Pharmaceuticals, Inc.","Subcutaneous"
"2025","2025-08-29","Wayrilz","rilzabrutinib","NDA219685","NDA novel drug","NDA novel drug","NME/NDA","TRUE","Genzyme","Oral","Tablet","Standard","No","No","Yes","Yes","","WAYRILZ is indicated for the treatment of adult patients with persistent or chronic immune thrombocytopenia (ITP) who have had an insufficient response to a previous treatment.","WAYRILZ is indicated for the treatment of adult patients with persistent or chronic immune thrombocytopenia (ITP) who have had an insufficient response to a previous treatment.","FDA compilation: Approved Use(s)","Bile Salt Export Pump Inhibitors [MoA]; Breast Cancer Resistance Protein Inhibitors [MoA]; Bruton's Tyrosine Kinase Inhibitors [MoA]; Cytochrome P450 3A Inhibitors [MoA]; Organic Anion Transporting Polypeptide 1B1 Inhibitors [MoA]; Organic Anion Transporting Polypeptide 1B3 Inhibitors [MoA]; P-Glycoprotein Inhibitors [MoA]","Kinase Inhibitor [EPC]","","FDA compilation workbook (2025 Compilation)","FDA_COMPILATION","https://www.fda.gov/drugs/drug-approvals-and-databases/compilation-cder-new-molecular-entity-nme-drug-and-new-biologic-approvals","","Genzyme Corporation","Oral"
"2025","2025-09-19","Forzinity","elamipretide","NDA215244","NDA novel drug","NDA novel drug","NME/NDA","TRUE","Stealth BioTherapeutics","Subcutaneous","Solution","Priority","Yes","No","Yes","Yes","","FORZINITY is indicated to improve muscle strength in adult and pediatric patients with Barth syndrome weighing at least 30 kg. This indication is approved under accelerated approval based on an improvement in knee extensor muscle strength, an intermediate clinical endpoint. Continued approval for this indication may be contingent upon verification and description of clinical benefit in a confirmatory trial.","FORZINITY is indicated to improve muscle strength in adult and pediatric patients with Barth syndrome weighing at least 30 kg. This indication is approved under accelerated approval based on an improvement in knee extensor muscle strength, an intermediate clinical endpoint. Continued approval for this indication may be contingent upon verification and description of clinical benefit in a confirmatory trial.","FDA compilation: Approved Use(s)","","","","FDA compilation workbook (2025 Compilation)","FDA_COMPILATION","https://www.fda.gov/drugs/drug-approvals-and-databases/compilation-cder-new-molecular-entity-nme-drug-and-new-biologic-approvals","","Stealth BioTherapeutics, Inc.","Subcutaneous"
"2025","2025-09-19","Keytruda Qlex","pembrolizumab and berahyaluronidase alfa-pmph","BLA761467","BLA novel biologic","BLA novel biologic","Biologic (BLA)","","Merck","Subcutaneous","Injectable","Priority (used priority review voucher)","Yes (indication [GG] only)","No","No","No","","[A] KEYTRUDA QLEX is indicated for the treatment of adult patients with unresectable or metastatic melanoma. [B] KEYTRUDA QLEX is indicated for the adjuvant treatment of adult and pediatric patients 12 years and older with Stage IIB, IIC, or III melanoma following complete resection. [C] KEYTRUDA QLEX, in combination with pemetrexed and platinum chemotherapy, is indicated for the first-line treatment of adult patients with metastatic nonsquamous non-small cell lung cancer (NSCLC), with no EGFR or ALK genomic tumor aberrations. [D] KEYTRUDA QLEX, in combination with carboplatin and either paclitaxel or paclitaxel protein-bound, is indicated for the first-line treatment of adult patients with metastatic squamous NSCLC. [E] KEYTRUDA QLEX, as a single agent, is indicated for the first-line treatment of adult patients with NSCLC expressing PD-L1 [Tumor Proportion Score (TPS) >=1%] as determined by an FDA-approved test, with no EGFR or ALK genomic tumor aberrations, and is: - Stage III where patients are not candidates for surgical resection or definitive chemoradiation, or - metastatic. [F] KEYTRUDA QLEX, as a single agent, is indicated for the treatment of adult patients with metastatic NSCLC whose tumors express PD-L1 (TPS >=1%) as determined by an FDA-approved test, with disease progression on or after platinum-containing chemotherapy. Patients with EGFR or ALK genomic tumor aberrations should have disease progression on FDA-approved therapy for these aberrations prior to receiving KEYTRUDA QLEX. [G] KEYTRUDA QLEX is indicated for the treatment of adult patients with resectable (tumors >=4 cm or node positive) NSCLC in combination with platinum-containing chemotherapy as neoadjuvant treatment, and then continued as a single agent as adjuvant treatment after surgery. [H] KEYTRUDA QLEX, as a single agent, is indicated as adjuvant treatment following resection and platinum-based chemotherapy for adult patients with Stage IB (T2a >=4 cm), II, or IIIA NSCLC. [I] KEYTRUDA QLEX, in combination with pemetrexed and platinum chemotherapy, is indicated for the first-line treatment of adult patients with unresectable advanced or metastatic malignant pleural mesothelioma (MPM). [J] KEYTRUDA QLEX, in combination with platinum and fluorouracil (FU), is indicated for the first-line treatment of adult patients with metastatic or with unresectable, recurrent head and neck squamous cell carcinoma (HNSCC). [K] KEYTRUDA QLEX, as a single agent, is indicated for the first-line treatment of adult patients with metastatic or with unresectable, recurrent HNSCC whose tumors express PD-L1 [Combined Positive Score (CPS) >=1] as determined by an FDA-approved test. [L] KEYTRUDA QLEX, as a single agent, is indicated for the treatment of adult patients with recurrent or metastatic HNSCC with disease progression on or after platinum-containing chemotherapy. [M] KEYTRUDA QLEX, in combination with enfortumab vedotin, is indicated for the treatment of adult patients with locally advanced or metastatic urothelial cancer. [N] KEYTRUDA QLEX, as a single agent, is indicated for the treatment of adult patients with locally advanced or metastatic urothelial carcinoma: - who are not eligible for any platinum-containing chemotherapy, or - who have disease progression during or following platinum-containing chemotherapy or within 12 months of neoadjuvant or adjuvant treatment with platinum-containing chemotherapy. [O] KEYTRUDA QLEX, as a single agent, is indicated for the treatment of adult patients with Bacillus Calmette-Guerin (BCG)-unresponsive, high-risk, non-muscle invasive bladder cancer (NMIBC) with carcinoma in situ (CIS) with or without papillary tumors who are ineligible for or have elected not to undergo cystectomy. [P] KEYTRUDA QLEX is indicated for the treatment of adult and pediatric patients 12 years and older with unresectable or metastatic microsatellite instability-high (MSI-H) or mismatch repair deficient (dMMR) solid tumors, as determined by an FDA-approved test, that have progressed following prior treatment and who have no satisfactory alternative treatment options. [Q] KEYTRUDA QLEX is indicated for the treatment of adult patients with unresectable or metastatic MSI-H or dMMR colorectal cancer (CRC) as determined by an FDA-approved test. [R] KEYTRUDA QLEX, in combination with trastuzumab, fluoropyrimidine- and platinum-containing chemotherapy, is indicated for the first-line treatment of adults with locally advanced unresectable or metastatic HER2-positive gastric or gastroesophageal junction (GEJ) adenocarcinoma whose tumors express PD-L1 (CPS =1) as determined by an FDA-approved test. [S] KEYTRUDA QLEX, in combination with fluoropyrimidine- and platinum-containing chemotherapy, is indicated for the first-line treatment of adults with locally advanced unresectable or metastatic HER2-negative gastric or gastroesophageal junction (GEJ) adenocarcinoma whose tumors express PD-L1 (CPS = 1) as determined by an FDA approved test. [T] KEYTRUDA QLEX is indicated for the treatment of adult patients with locally advanced or metastatic esophageal or gastroesophageal junction (GEJ) (tumors with epicenter 1 to 5 centimeters above the GEJ) carcinoma that is not amenable to surgical resection or definitive chemoradiation either: • in combination with platinum- and fluoropyrimidine-based chemotherapy for patients with tumors that express PD-L1 (CPS = 1), or • as a single agent after one or more prior lines of systemic therapy for patients with tumors of squamous cell histology that express PD-L1 (CPS =10) as determined by an FDA-approved test. [U] KEYTRUDA QLEX, in combination with chemoradiotherapy (CRT), is indicated for the treatment of adult patients with locally advanced cervical cancer involving the lower third of the vagina, with or without extension to pelvic sidewall, or hydronephrosis/non-functioning kidney, or spread to adjacent pelvic organs (FIGO 2014 Stage III-IVA). [V] KEYTRUDA QLEX, in combination with chemotherapy, with or without bevacizumab, is indicated for the treatment of adult patients with persistent, recurrent, or metastatic cervical cancer whose tumors express PD-L1 (CPS =1) as determined by an FDA-approved test. [W] KEYTRUDA QLEX, as a single agent, is indicated for the treatment of adult patients with recurrent or metastatic cervical cancer with disease progression on or after chemotherapy whose tumors express PD-L1 (CPS =1) as determined by an FDA-approved test. [Y] KEYTRUDA QLEX is indicated for the treatment of adult patients with hepatocellular carcinoma (HCC) secondary to hepatitis B who have received prior systemic therapy other than a PD-1/PD-L1-containing regimen. [X] KEYTRUDA QLEX, in combination with gemcitabine and cisplatin, is indicated for the treatment of adult patients with locally advanced unresectable or metastatic biliary tract cancer (BTC). [Z] KEYTRUDA QLEX is indicated for the treatment of adult and pediatric patients 12 years and older with recurrent locally advanced or metastatic Merkel cell carcinoma (MCC). [AA] KEYTRUDA QLEX, in combination with axitinib, is indicated for the first-line treatment of adult patients with advanced renal cell carcinoma (RCC). [BB] KEYTRUDA QLEX, in combination with lenvatinib, is indicated for the first-line treatment of adult patients with advanced RCC. [CC] KEYTRUDA QLEX is indicated for the adjuvant treatment of adult patients with RCC at intermediate-high or high risk of recurrence following nephrectomy, or following nephrectomy and resection of metastatic lesions. [DD] KEYTRUDA QLEX, in combination with carboplatin and paclitaxel, followed by KEYTRUDA QLEX as a single agent, is indicated for the treatment of adult patients with primary advanced or recurrent endometrial carcinoma. [EE] KEYTRUDA QLEX, in combination with lenvatinib, is indicated for the treatment of adult patients with advanced endometrial carcinoma that is mismatch repair proficient (pMMR) or not MSI-H as determined by an FDA-approved test, who have disease progression following prior systemic therapy in any setting and are not candidates for curative surgery or radiation. [FF] KEYTRUDA QLEX, as a single agent, is indicated for the treatment of adult patients with advanced endometrial carcinoma that is MSI-H or dMMR, as determined by an FDA-approved test, who have disease progression following prior systemic therapy in any setting and are not candidates for curative surgery or radiation. [GG] KEYTRUDA QLEX is indicated for the treatment of adult and pediatric patients 12 years and older with unresectable or metastatic tumor mutational burden-high (TMB-H) [=10 mutations/megabase (mut/Mb)] solid tumors, as determined by an FDA-approved test, that have progressed following prior treatment and who have no satisfactory alternative treatment options. This indication is approved under accelerated approval based on tumor response rate and durability of response. Continued approval for this indication may be contingent upon verification and description of clinical benefit in the confirmatory trials. Limitations of Use: The safety and effectiveness of KEYTRUDA QLEX in pediatric patients 12 years and older with TMB-H central nervous system cancers have not been established. [HH] KEYTRUDA QLEX is indicated for the treatment of adult patients with recurrent or metastatic cutaneous squamous cell carcinoma (cSCC) or locally advanced cSCC that is not curable by surgery or radiation. [II] KEYTRUDA QLEX is indicated for the treatment of adult patients with high-risk early-stage triple-negative breast cancer (TNBC) in combination with chemotherapy as neoadjuvant treatment, and then continued as a single agent as adjuvant treatment after surgery. [JJ] KEYTRUDA QLEX, in combination with chemotherapy, is indicated for the treatment of adult patients with locally recurrent unresectable or metastatic TNBC whose tumors express PD-L1 (CPS =10) as determined by an FDA-approved test","[A] KEYTRUDA QLEX is indicated for the treatment of adult patients with unresectable or metastatic melanoma. [B] KEYTRUDA QLEX is indicated for the adjuvant treatment of adult and pediatric patients 12 years and older with Stage IIB, IIC, or III melanoma following complete resection. [C] KEYTRUDA QLEX, in combination with pemetrexed and platinum chemotherapy, is indicated for the first-line treatment of adult patients with metastatic nonsquamous non-small cell lung cancer (NSCLC), with no EGFR or ALK genomic tumor aberrations. [D] KEYTRUDA QLEX, in combination with carboplatin and either paclitaxel or paclitaxel protein-bound, is indicated for the first-line treatment of adult patients with metastatic squamous NSCLC. [E] KEYTRUDA QLEX, as a single agent, is indicated for the first-line treatment of adult patients with NSCLC expressing PD-L1 [Tumor Proportion Score (TPS) >=1%] as determined by an FDA-approved test, with no EGFR or ALK genomic tumor aberrations, and is: - Stage III where patients are not candidates for surgical resection or definitive chemoradiation, or - metastatic. [F] KEYTRUDA QLEX, as a single agent, is indicated for the treatment of adult patients with metastatic NSCLC whose tumors express PD-L1 (TPS >=1%) as determined by an FDA-approved test, with disease progression on or after platinum-containing chemotherapy. Patients with EGFR or ALK genomic tumor aberrations should have disease progression on FDA-approved therapy for these aberrations prior to receiving KEYTRUDA QLEX. [G] KEYTRUDA QLEX is indicated for the treatment of adult patients with resectable (tumors >=4 cm or node positive) NSCLC in combination with platinum-containing chemotherapy as neoadjuvant treatment, and then continued as a single agent as adjuvant treatment after surgery. [H] KEYTRUDA QLEX, as a single agent, is indicated as adjuvant treatment following resection and platinum-based chemotherapy for adult patients with Stage IB (T2a >=4 cm), II, or IIIA NSCLC. [I] KEYTRUDA QLEX, in combination with pemetrexed and platinum chemotherapy, is indicated for the first-line treatment of adult patients with unresectable advanced or metastatic malignant pleural mesothelioma (MPM). [J] KEYTRUDA QLEX, in combination with platinum and fluorouracil (FU), is indicated for the first-line treatment of adult patients with metastatic or with unresectable, recurrent head and neck squamous cell carcinoma (HNSCC). [K] KEYTRUDA QLEX, as a single agent, is indicated for the first-line treatment of adult patients with metastatic or with unresectable, recurrent HNSCC whose tumors express PD-L1 [Combined Positive Score (CPS) >=1] as determined by an FDA-approved test. [L] KEYTRUDA QLEX, as a single agent, is indicated for the treatment of adult patients with recurrent or metastatic HNSCC with disease progression on or after platinum-containing chemotherapy. [M] KEYTRUDA QLEX, in combination with enfortumab vedotin, is indicated for the treatment of adult patients with locally advanced or metastatic urothelial cancer. [N] KEYTRUDA QLEX, as a single agent, is indicated for the treatment of adult patients with locally advanced or metastatic urothelial carcinoma: - who are not eligible for any platinum-containing chemotherapy, or - who have disease progression during or following platinum-containing chemotherapy or within 12 months of neoadjuvant or adjuvant treatment with platinum-containing chemotherapy. [O] KEYTRUDA QLEX, as a single agent, is indicated for the treatment of adult patients with Bacillus Calmette-Guerin (BCG)-unresponsive, high-risk, non-muscle invasive bladder cancer (NMIBC) with carcinoma in situ (CIS) with or without papillary tumors who are ineligible for or have elected not to undergo cystectomy. [P] KEYTRUDA QLEX is indicated for the treatment of adult and pediatric patients 12 years and older with unresectable or metastatic microsatellite instability-high (MSI-H) or mismatch repair deficient (dMMR) solid tumors, as determined by an FDA-approved test, that have progressed following prior treatment and who have no satisfactory alternative treatment options. [Q] KEYTRUDA QLEX is indicated for the treatment of adult patients with unresectable or metastatic MSI-H or dMMR colorectal cancer (CRC) as determined by an FDA-approved test. [R] KEYTRUDA QLEX, in combination with trastuzumab, fluoropyrimidine- and platinum-containing chemotherapy, is indicated for the first-line treatment of adults with locally advanced unresectable or metastatic HER2-positive gastric or gastroesophageal junction (GEJ) adenocarcinoma whose tumors express PD-L1 (CPS =1) as determined by an FDA-approved test. [S] KEYTRUDA QLEX, in combination with fluoropyrimidine- and platinum-containing chemotherapy, is indicated for the first-line treatment of adults with locally advanced unresectable or metastatic HER2-negative gastric or gastroesophageal junction (GEJ) adenocarcinoma whose tumors express PD-L1 (CPS = 1) as determined by an FDA approved test. [T] KEYTRUDA QLEX is indicated for the treatment of adult patients with locally advanced or metastatic esophageal or gastroesophageal junction (GEJ) (tumors with epicenter 1 to 5 centimeters above the GEJ) carcinoma that is not amenable to surgical resection or definitive chemoradiation either: • in combination with platinum- and fluoropyrimidine-based chemotherapy for patients with tumors that express PD-L1 (CPS = 1), or • as a single agent after one or more prior lines of systemic therapy for patients with tumors of squamous cell histology that express PD-L1 (CPS =10) as determined by an FDA-approved test. [U] KEYTRUDA QLEX, in combination with chemoradiotherapy (CRT), is indicated for the treatment of adult patients with locally advanced cervical cancer involving the lower third of the vagina, with or without extension to pelvic sidewall, or hydronephrosis/non-functioning kidney, or spread to adjacent pelvic organs (FIGO 2014 Stage III-IVA). [V] KEYTRUDA QLEX, in combination with chemotherapy, with or without bevacizumab, is indicated for the treatment of adult patients with persistent, recurrent, or metastatic cervical cancer whose tumors express PD-L1 (CPS =1) as determined by an FDA-approved test. [W] KEYTRUDA QLEX, as a single agent, is indicated for the treatment of adult patients with recurrent or metastatic cervical cancer with disease progression on or after chemotherapy whose tumors express PD-L1 (CPS =1) as determined by an FDA-approved test. [Y] KEYTRUDA QLEX is indicated for the treatment of adult patients with hepatocellular carcinoma (HCC) secondary to hepatitis B who have received prior systemic therapy other than a PD-1/PD-L1-containing regimen. [X] KEYTRUDA QLEX, in combination with gemcitabine and cisplatin, is indicated for the treatment of adult patients with locally advanced unresectable or metastatic biliary tract cancer (BTC). [Z] KEYTRUDA QLEX is indicated for the treatment of adult and pediatric patients 12 years and older with recurrent locally advanced or metastatic Merkel cell carcinoma (MCC). [AA] KEYTRUDA QLEX, in combination with axitinib, is indicated for the first-line treatment of adult patients with advanced renal cell carcinoma (RCC). [BB] KEYTRUDA QLEX, in combination with lenvatinib, is indicated for the first-line treatment of adult patients with advanced RCC. [CC] KEYTRUDA QLEX is indicated for the adjuvant treatment of adult patients with RCC at intermediate-high or high risk of recurrence following nephrectomy, or following nephrectomy and resection of metastatic lesions. [DD] KEYTRUDA QLEX, in combination with carboplatin and paclitaxel, followed by KEYTRUDA QLEX as a single agent, is indicated for the treatment of adult patients with primary advanced or recurrent endometrial carcinoma. [EE] KEYTRUDA QLEX, in combination with lenvatinib, is indicated for the treatment of adult patients with advanced endometrial carcinoma that is mismatch repair proficient (pMMR) or not MSI-H as determined by an FDA-approved test, who have disease progression following prior systemic therapy in any setting and are not candidates for curative surgery or radiation. [FF] KEYTRUDA QLEX, as a single agent, is indicated for the treatment of adult patients with advanced endometrial carcinoma that is MSI-H or dMMR, as determined by an FDA-approved test, who have disease progression following prior systemic therapy in any setting and are not candidates for curative surgery or radiation. [GG] KEYTRUDA QLEX is indicated for the treatment of adult and pediatric patients 12 years and older with unresectable or metastatic tumor mutational burden-high (TMB-H) [=10 mutations/megabase (mut/Mb)] solid tumors, as determined by an FDA-approved test, that have progressed following prior treatment and who have no satisfactory alternative treatment options. This indication is approved under accelerated approval based on tumor response rate and durability of response. Continued approval for this indication may be contingent upon verification and description of clinical benefit in the confirmatory trials. Limitations of Use: The safety and effectiveness of KEYTRUDA QLEX in pediatric patients 12 years and older with TMB-H central nervous system cancers have not been established. [HH] KEYTRUDA QLEX is indicated for the treatment of adult patients with recurrent or metastatic cutaneous squamous cell carcinoma (cSCC) or locally advanced cSCC that is not curable by surgery or radiation. [II] KEYTRUDA QLEX is indicated for the treatment of adult patients with high-risk early-stage triple-negative breast cancer (TNBC) in combination with chemotherapy as neoadjuvant treatment, and then continued as a single agent as adjuvant treatment after surgery. [JJ] KEYTRUDA QLEX, in combination with chemotherapy, is indicated for the treatment of adult patients with locally recurrent unresectable or metastatic TNBC whose tumors express PD-L1 (CPS =10) as determined by an FDA-approved test","FDA compilation: Approved Use(s)","Programmed Death Receptor-1-directed Antibody Interactions [MoA]","Endoglycosidase [EPC]; Programmed Death Receptor-1 Blocking Antibody [EPC]","","FDA compilation workbook (2025 Compilation)","FDA_COMPILATION","https://www.fda.gov/drugs/drug-approvals-and-databases/compilation-cder-new-molecular-entity-nme-drug-and-new-biologic-approvals","","Merck Sharp and Dohme, LLC.","Subcutaneous"
"2025","2025-09-25","Inluriyo","imlunestrant","NDA218881","NDA novel drug","NDA novel drug","NME/NDA","TRUE","Eli Lilly","Oral","Tablet","Standard","No","No","Yes","No","","INLURIYO is indicated for the treatment of adults with estrogen receptor (ER)-positive, human epidermal growth factor receptor 2 (HER2)-negative, estrogen receptor-1 (ESR1)-mutated advanced or metastatic breast cancer with disease progression following at least one line of endocrine therapy.","INLURIYO is indicated for the treatment of adults with estrogen receptor (ER)-positive, human epidermal growth factor receptor 2 (HER2)-negative, estrogen receptor-1 (ESR1)-mutated advanced or metastatic breast cancer with disease progression following at least one line of endocrine therapy.","FDA compilation: Approved Use(s)","Breast Cancer Resistance Protein Inhibitors [MoA]; Estrogen Receptor Antagonists [MoA]; P-Glycoprotein Inhibitors [MoA]","Estrogen Receptor Antagonist [EPC]","","FDA compilation workbook (2025 Compilation)","FDA_COMPILATION","https://www.fda.gov/drugs/drug-approvals-and-databases/compilation-cder-new-molecular-entity-nme-drug-and-new-biologic-approvals","","Eli Lilly and Company","Oral"
"2025","2025-09-25","Palsonify","paltusotine","NDA219070","NDA novel drug","NDA novel drug","NME/NDA","TRUE","Crinetics Pharmaceuticals","Oral","Tablet","Standard","No","No","No","Yes","","PALSONIFY is indicated for the treatment of adults with acromegaly who had an inadequate response to surgery and/or for whom surgery is not an option.","PALSONIFY is indicated for the treatment of adults with acromegaly who had an inadequate response to surgery and/or for whom surgery is not an option.","FDA compilation: Approved Use(s)","","","","FDA compilation workbook (2025 Compilation)","FDA_COMPILATION","https://www.fda.gov/drugs/drug-approvals-and-databases/compilation-cder-new-molecular-entity-nme-drug-and-new-biologic-approvals","","Crinetics Pharmaceuticals, Inc.","Oral"
"2025","2025-09-30","Rhapsido","remibrutinib","NDA218436","NDA novel drug","NDA novel drug","NME/NDA","TRUE","Novartis Pharmaceuticals","Oral","Tablet","Priority (used priority review voucher)","No","No","No","No","","RHAPSIDO is indicated for the treatment of chronic spontaneous urticaria (CSU) in adult patients who remain symptomatic despite H1 antihistamine treatment. Limitations of Use: RHAPSIDO is not indicated for other forms of urticaria.","RHAPSIDO is indicated for the treatment of chronic spontaneous urticaria (CSU) in adult patients who remain symptomatic despite H1 antihistamine treatment. Limitations of Use: RHAPSIDO is not indicated for other forms of urticaria.","FDA compilation: Approved Use(s)","Bruton's Tyrosine Kinase Inhibitors [MoA]; P-Glycoprotein Inhibitors [MoA]","Kinase Inhibitor [EPC]","","FDA compilation workbook (2025 Compilation)","FDA_COMPILATION","https://www.fda.gov/drugs/drug-approvals-and-databases/compilation-cder-new-molecular-entity-nme-drug-and-new-biologic-approvals","","Novartis Pharmaceuticals Corporation","Oral"
"2025","2025-10-07","Jascayd","nerandomilast","NDA218764","NDA novel drug","NDA novel drug","NME/NDA","TRUE","Boehringer Ingelheim Pharmaceuticals","Oral","Tablet","Priority","No","Yes","No","Yes","","JASCAYD is indicated for the treatment of idiopathic pulmonary fibrosis (IPF) in adult patients.","JASCAYD is indicated for the treatment of idiopathic pulmonary fibrosis (IPF) in adult patients.","FDA compilation: Approved Use(s)","","","","FDA compilation workbook (2025 Compilation)","FDA_COMPILATION","https://www.fda.gov/drugs/drug-approvals-and-databases/compilation-cder-new-molecular-entity-nme-drug-and-new-biologic-approvals","","Boehringer Ingelheim Pharmaceuticals, Inc.","Oral"
"2025","2025-10-24","Lynkuet","elinzanetant","NDA219469","NDA novel drug","NDA novel drug","NME/NDA","TRUE","Bayer HealthCare Pharmaceuticals","Oral","Capsule","Standard","No","No","No","No","","LYNKUET is indicated for the treatment of moderate to severe vasomotor symptoms (VMS) due to menopause.","LYNKUET is indicated for the treatment of moderate to severe vasomotor symptoms (VMS) due to menopause.","FDA compilation: Approved Use(s)","","","","FDA compilation workbook (2025 Compilation)","FDA_COMPILATION","https://www.fda.gov/drugs/drug-approvals-and-databases/compilation-cder-new-molecular-entity-nme-drug-and-new-biologic-approvals","","Bayer HealthCare Pharmaceuticals, Inc.","Oral"
"2025","2025-11-03","Kygevvi","doxecitine and doxribtimine","NDA219792","NDA novel drug","NDA novel drug","NME/NDA","TRUE","UCB","Oral","For Solution","Priority","No","Yes","No","Yes","","KYGEVVI is indicated for the treatment of thymidine kinase 2 deficiency (TK2d) in adults and pediatric patients with an age of symptom onset on or before 12 years.","KYGEVVI is indicated for the treatment of thymidine kinase 2 deficiency (TK2d) in adults and pediatric patients with an age of symptom onset on or before 12 years.","FDA compilation: Approved Use(s)","","","","FDA compilation workbook (2025 Compilation)","FDA_COMPILATION","https://www.fda.gov/drugs/drug-approvals-and-databases/compilation-cder-new-molecular-entity-nme-drug-and-new-biologic-approvals","","UCB, Inc.","Oral"
"2025","2025-11-13","Komzifti","ziftomenib","NDA220305","NDA novel drug","NDA novel drug","NME/NDA","TRUE","Kura Oncology","Oral","Capsule","Priority","No","Yes","Yes","Yes","","KOMZIFTI is indicated for the treatment of adult patients with relapsed or refractory acute myeloid leukemia (AML) with a susceptible nucleophosmin 1 (NPM1) mutation who have no satisfactory alternative treatment options.","KOMZIFTI is indicated for the treatment of adult patients with relapsed or refractory acute myeloid leukemia (AML) with a susceptible nucleophosmin 1 (NPM1) mutation who have no satisfactory alternative treatment options.","FDA compilation: Approved Use(s)","Menin Inhibitors [MoA]","Menin Inhibitor [EPC]","","FDA compilation workbook (2025 Compilation)","FDA_COMPILATION","https://www.fda.gov/drugs/drug-approvals-and-databases/compilation-cder-new-molecular-entity-nme-drug-and-new-biologic-approvals","","Kura Oncology, Inc.","Oral"
"2025","2025-11-18","Redemplo","plozasiran","NDA219947","NDA novel drug","NDA novel drug","NME/NDA","TRUE","Arrowhead Pharmaceuticals","Subcutaneous","Solution","Standard","No","Yes","Yes","Yes","","REDEMPLO is indicated as an adjunct to diet to reduce triglycerides in adults with familial chylomicronemia syndrome (FCS).","REDEMPLO is indicated as an adjunct to diet to reduce triglycerides in adults with familial chylomicronemia syndrome (FCS).","FDA compilation: Approved Use(s)","","APOC-III-directed RNA Interaction [EPC]; Small Interfering RNA [EPC]","","FDA compilation workbook (2025 Compilation)","FDA_COMPILATION","https://www.fda.gov/drugs/drug-approvals-and-databases/compilation-cder-new-molecular-entity-nme-drug-and-new-biologic-approvals","","Arrowhead Pharmaceuticals, Inc.","Subcutaneous"
"2025","2025-11-19","Hyrnuo","sevabertinib","NDA219972","NDA novel drug","NDA novel drug","NME/NDA","TRUE","Bayer HealthCare Pharmaceuticals","Oral","Tablet","Priority","Yes","Yes","No","Yes","","HYRNUO is indicated for the treatment of adult patients with locally advanced or metastatic non-squamous non-small cell lung cancer (NSCLC) whose tumors have HER2 (ERBB2) tyrosine kinase domain (TKD) activating mutations, as detected by an FDA-approved test, and who have received a prior systemic therapy. This indication is approved under accelerated approval based on objective response rate (ORR) and duration of response (DOR). Continued approval for this indication may be contingent upon verification and description of clinical benefit in a confirmatory trial.","HYRNUO is indicated for the treatment of adult patients with locally advanced or metastatic non-squamous non-small cell lung cancer (NSCLC) whose tumors have HER2 (ERBB2) tyrosine kinase domain (TKD) activating mutations, as detected by an FDA-approved test, and who have received a prior systemic therapy. This indication is approved under accelerated approval based on objective response rate (ORR) and duration of response (DOR). Continued approval for this indication may be contingent upon verification and description of clinical benefit in a confirmatory trial.","FDA compilation: Approved Use(s)","","","","FDA compilation workbook (2025 Compilation)","FDA_COMPILATION","https://www.fda.gov/drugs/drug-approvals-and-databases/compilation-cder-new-molecular-entity-nme-drug-and-new-biologic-approvals","","Bayer HealthCare Pharmaceuticals, Inc.","Oral"
"2025","2025-11-25","Voyxact","sibeprenlimab-szsi","BLA761434","BLA novel biologic","BLA novel biologic","Biologic (BLA)","","Otsuka Pharmaceutical","Subcutaneous","Injectable","Priority","Yes","Yes","No","No","","VOYXACT is indicated to reduce proteinuria in adults with primary immunoglobulin A nephropathy (IgAN) at risk for disease progression. This indication is approved under accelerated approval based on reduction of proteinuria. It has not been established whether VOYXACT slows kidney function decline over the long-term in patients with IgAN. Continued approval for this indication may be contingent upon verification and description of clinical benefit in a confirmatory clinical trial.","VOYXACT is indicated to reduce proteinuria in adults with primary immunoglobulin A nephropathy (IgAN) at risk for disease progression. This indication is approved under accelerated approval based on reduction of proteinuria. It has not been established whether VOYXACT slows kidney function decline over the long-term in patients with IgAN. Continued approval for this indication may be contingent upon verification and description of clinical benefit in a confirmatory clinical trial.","FDA compilation: Approved Use(s)","","","","FDA compilation workbook (2025 Compilation)","FDA_COMPILATION","https://www.fda.gov/drugs/drug-approvals-and-databases/compilation-cder-new-molecular-entity-nme-drug-and-new-biologic-approvals","","Otsuka Pharmaceutical Company, Ltd.","Subcutaneous"
"2025","2025-12-12","Cardamyst","etripamil","NDA218571","NDA novel drug","NDA novel drug","NME/NDA","TRUE","Milestone Pharmaceuticals USA","Nasal","Spray","Standard","No","No","No","No","","CARDAMYST is indicated for the conversion of acute symptomatic episodes of paroxysmal supraventricular tachycardia (PSVT) to sinus rhythm in adults.","CARDAMYST is indicated for the conversion of acute symptomatic episodes of paroxysmal supraventricular tachycardia (PSVT) to sinus rhythm in adults.","FDA compilation: Approved Use(s)","","","","FDA compilation workbook (2025 Compilation)","FDA_COMPILATION","https://www.fda.gov/drugs/drug-approvals-and-databases/compilation-cder-new-molecular-entity-nme-drug-and-new-biologic-approvals","","Milestone Pharmaceuticals USA, Inc.","Nasal"
"2025","2025-12-12","Lerochol","lerodalcibep-liga","BLA761427","BLA novel biologic","BLA novel biologic","Biologic (BLA)","","LIB Therapeutics","Subcutaneous","Injectable","Standard","No","No","No","No","","LEROCHOL is indicated as an adjunct to diet and exercise to reduce low-density lipoprotein cholesterol (LDL-C) in adults with hypercholesterolemia, including heterozygous familial hypercholesterolemia (HeFH).","LEROCHOL is indicated as an adjunct to diet and exercise to reduce low-density lipoprotein cholesterol (LDL-C) in adults with hypercholesterolemia, including heterozygous familial hypercholesterolemia (HeFH).","FDA compilation: Approved Use(s)","","","","FDA compilation workbook (2025 Compilation)","FDA_COMPILATION","https://www.fda.gov/drugs/drug-approvals-and-databases/compilation-cder-new-molecular-entity-nme-drug-and-new-biologic-approvals","","LIB Therapeutics, Inc.","Subcutaneous"
"2025","2025-12-12","Nuzolvence","zoliflodacin","NDA219491","NDA novel drug","NDA novel drug","NME/NDA","TRUE","Entasis Therapeutics","Oral","For Suspension","Priority","No","No","Yes","No","","NUZOLVENCE is indicated for the treatment of uncomplicated urogenital gonorrhea due to Neisseria gonorrhoeae in adults and pediatric patients 12 years of age and older, weighing at least 35 kg. To reduce the development of drug-resistant bacteria and maintain the effectiveness of NUZOLVENCE and other antibacterial drugs, NUZOLVENCE should be used only to treat or prevent infections that are proven or strongly suspected to be caused by susceptible bacteria. When culture and susceptibility information are available, they should be considered in selecting or modifying antibacterial therapy. In the absence of such data, local epidemiology and susceptibility patterns may contribute to the empiric selection of therapy.","NUZOLVENCE is indicated for the treatment of uncomplicated urogenital gonorrhea due to Neisseria gonorrhoeae in adults and pediatric patients 12 years of age and older, weighing at least 35 kg. To reduce the development of drug-resistant bacteria and maintain the effectiveness of NUZOLVENCE and other antibacterial drugs, NUZOLVENCE should be used only to treat or prevent infections that are proven or strongly suspected to be caused by susceptible bacteria. When culture and susceptibility information are available, they should be considered in selecting or modifying antibacterial therapy. In the absence of such data, local epidemiology and susceptibility patterns may contribute to the empiric selection of therapy.","FDA compilation: Approved Use(s)","","","","FDA compilation workbook (2025 Compilation)","FDA_COMPILATION","https://www.fda.gov/drugs/drug-approvals-and-databases/compilation-cder-new-molecular-entity-nme-drug-and-new-biologic-approvals","","Entasis Therapeutics Inc.","Oral"
"2025","2025-12-16","Exdensur","depemokimab-ulaa","BLA761458","BLA novel biologic","BLA novel biologic","Biologic (BLA)","","GlaxoSmithKline","Subcutaneous","Injectable","Standard","No","No","No","No","","EXDENSUR is indicated for the add-on maintenance treatment of severe asthma characterized by an eosinophilic phenotype in adult and pediatric patients aged 12 years and older. Limitations of Use: EXDENSUR is not indicated for the relief of acute bronchospasm or status asthmaticus.","EXDENSUR is indicated for the add-on maintenance treatment of severe asthma characterized by an eosinophilic phenotype in adult and pediatric patients aged 12 years and older. Limitations of Use: EXDENSUR is not indicated for the relief of acute bronchospasm or status asthmaticus.","FDA compilation: Approved Use(s)","","","","FDA compilation workbook (2025 Compilation)","FDA_COMPILATION","https://www.fda.gov/drugs/drug-approvals-and-databases/compilation-cder-new-molecular-entity-nme-drug-and-new-biologic-approvals","","GlaxoSmithKline LLC","Subcutaneous"
"2025","2025-12-19","Myqorzo","aficamten","NDA219083","NDA novel drug","NDA novel drug","NME/NDA","TRUE","Cytokinetics","Oral","Tablet","Standard","No","Yes","No","Yes","","MYQORZO is indicated for the treatment of adults with symptomatic obstructive hypertrophic cardiomyopathy (oHCM) to improve functional capacity and symptoms.","MYQORZO is indicated for the treatment of adults with symptomatic obstructive hypertrophic cardiomyopathy (oHCM) to improve functional capacity and symptoms.","FDA compilation: Approved Use(s)","","","","FDA compilation workbook (2025 Compilation)","FDA_COMPILATION","https://www.fda.gov/drugs/drug-approvals-and-databases/compilation-cder-new-molecular-entity-nme-drug-and-new-biologic-approvals","","Cytokinetics, Inc.","Oral"
"2025","2025-12-23","Yartemlea","narsoplimab-wuug","BLA761152","BLA novel biologic","BLA novel biologic","Biologic (BLA)","","Omeros","Intravenous","Injectable","Priority","No","Yes","No","Yes","","YARTEMLEA is indicated for the treatment of adult and pediatric patients 2 years of age and older with hematopoietic stem cell transplant-associated thrombotic microangiopathy (TATMA).","YARTEMLEA is indicated for the treatment of adult and pediatric patients 2 years of age and older with hematopoietic stem cell transplant-associated thrombotic microangiopathy (TATMA).","FDA compilation: Approved Use(s)","","","","FDA compilation workbook (2025 Compilation)","FDA_COMPILATION","https://www.fda.gov/drugs/drug-approvals-and-databases/compilation-cder-new-molecular-entity-nme-drug-and-new-biologic-approvals","","Omeros Corporation","Intraveneous"
"2025","2025-12-30","Nereus","tradipitant","NDA220152","NDA novel drug","NDA novel drug","NME/NDA","TRUE","Vanda Pharmaceuticals","Oral","Capsule","Standard","No","No","No","No","","NEREUS is indicated for the prevention of vomiting induced by motion in adults.","NEREUS is indicated for the prevention of vomiting induced by motion in adults.","FDA compilation: Approved Use(s)","","","","FDA compilation workbook (2025 Compilation)","FDA_COMPILATION","https://www.fda.gov/drugs/drug-approvals-and-databases/compilation-cder-new-molecular-entity-nme-drug-and-new-biologic-approvals","","Vanda Pharmaceuticals, Inc.","Oral"
"2026","2026-01-12","Zycubo","copper histidinate","NDA211241","NDA novel drug","NDA novel drug","NME/NDA","","SENTYNL THERAPS","Subcutaneous","POWDER","","","","","","To treat Menkes disease Drug Trials Snapshot","To treat Menkes disease Drug Trials Snapshot","To treat Menkes disease Drug Trials Snapshot","FDA annual Novel Drug Approvals page","","","175","ingredient exact; brand exact; approval date exact","MATCHED_OPENFDA","https://www.fda.gov/drugs/novel-drug-approvals-fda/novel-drug-approvals-2026","","SENTYNL THERAPS INC","SUBCUTANEOUS"
"2026","2026-02-12","Adquey","difamilast","NDA219474","NDA novel drug","NDA novel drug","NME/NDA","","ACROTECH BIOPHARMA","Topical","OINTMENT","","","","","","To treat mild to moderate atopic dermatitis","To treat mild to moderate atopic dermatitis","To treat mild to moderate atopic dermatitis","FDA annual Novel Drug Approvals page","Phosphodiesterase 4 Inhibitors [MoA]","Phosphodiesterase 4 Inhibitor [EPC]","175","ingredient exact; brand exact; approval date exact","MATCHED_OPENFDA","https://www.fda.gov/drugs/novel-drug-approvals-fda/novel-drug-approvals-2026","","ACROTECH BIOPHARMA","TOPICAL"
"2026","2026-02-20","Bysanti","milsaperidone","NDA220358","NDA novel drug","NDA novel drug","NME/NDA","","Vanda Pharmaceuticals","Oral","TABLET","","","","","","To treat schizophrenia and to treat manic or mixed episodes associated with bipolar I disorder","To treat schizophrenia and to treat manic or mixed episodes associated with bipolar I disorder","To treat schizophrenia and to treat manic or mixed episodes associated with bipolar I disorder","FDA annual Novel Drug Approvals page","","","175","ingredient exact; brand exact; approval date exact","MATCHED_OPENFDA","https://www.fda.gov/drugs/novel-drug-approvals-fda/novel-drug-approvals-2026","","VANDA PHARMS INC","ORAL"
"2026","2026-02-23","Loargys","pegzilarginase-nbln","BLA761211","BLA novel biologic","BLA novel biologic","Biologic (BLA)","","IMMEDICA PHARMA","Injection","Injectable","","","","","","To treat hyperarginemia in adults and pediatric patients two years and older with Arginase 1 Deficiency, in conjunction with dietary protein restriction","To treat hyperarginemia in adults and pediatric patients two years and older with Arginase 1 Deficiency, in conjunction with dietary protein restriction","To treat hyperarginemia in adults and pediatric patients two years and older with Arginase 1 Deficiency, in conjunction with dietary protein restriction","FDA annual Novel Drug Approvals page","","","175","ingredient exact; brand exact; approval date exact","MATCHED_OPENFDA","https://www.fda.gov/drugs/novel-drug-approvals-fda/novel-drug-approvals-2026","","IMMEDICA PHARMA AB","Injection"
"2026","2026-02-27","Yuviwel","navepegritide","NDA219164","NDA novel drug","NDA novel drug","NME/NDA","","ASCENDIS","Subcutaneous","POWDER","","","","","","To increase linear growth in pediatric patients 2 years and older with achondroplasia with open epiphyses","To increase linear growth in pediatric patients 2 years and older with achondroplasia with open epiphyses","To increase linear growth in pediatric patients 2 years and older with achondroplasia with open epiphyses","FDA annual Novel Drug Approvals page","","","175","ingredient exact; brand exact; approval date exact","MATCHED_OPENFDA","https://www.fda.gov/drugs/novel-drug-approvals-fda/novel-drug-approvals-2026","","ASCENDIS","SUBCUTANEOUS"
"2026","2026-03-17","Icotyde","icotrokinra","NDA220149","NDA novel drug","NDA novel drug","NME/NDA","","Janssen","Oral","TABLET","","","","","","To treat moderate-to-severe plaque psoriasis in patients 12 years and older who weigh at least 40 kg and who are candidates for systemic therapy or phototherapy Drug Trials Snapshot","To treat moderate-to-severe plaque psoriasis in patients 12 years and older who weigh at least 40 kg and who are candidates for systemic therapy or phototherapy Drug Trials Snapshot","To treat moderate-to-severe plaque psoriasis in patients 12 years and older who weigh at least 40 kg and who are candidates for systemic therapy or phototherapy Drug Trials Snapshot","FDA annual Novel Drug Approvals page","","","175","ingredient exact; brand exact; approval date exact","MATCHED_OPENFDA","https://www.fda.gov/drugs/novel-drug-approvals-fda/novel-drug-approvals-2026","","JANSSEN BIOTECH","ORAL"
"2026","2026-03-17","Lynavoy","linerixibat","NDA220295","NDA novel drug","NDA novel drug","NME/NDA","","INTERCEPT","Oral","TABLET","","","","","","To treat cholestatic pruritus associated with primary biliary cholangitis","To treat cholestatic pruritus associated with primary biliary cholangitis","To treat cholestatic pruritus associated with primary biliary cholangitis","FDA annual Novel Drug Approvals page","Ileal Bile Acid Transporter Inhibitors [MoA]","Ileal Bile Acid Transporter Inhibitor [EPC]","175","ingredient exact; brand exact; approval date exact","MATCHED_OPENFDA","https://www.fda.gov/drugs/novel-drug-approvals-fda/novel-drug-approvals-2026","","INTERCEPT","ORAL"
"2026","2026-03-24","Avlayah","tividenofusp alfa-eknm","BLA761485","BLA novel biologic","BLA novel biologic","Biologic (BLA)","","DENALI THERAPEUTICS","Unspecified","INJECTION","","","","","","To treat certain individuals with Hunter syndrome (Mucopolysaccharidosis type II or MPS II)","To treat certain individuals with Hunter syndrome (Mucopolysaccharidosis type II or MPS II)","To treat certain individuals with Hunter syndrome (Mucopolysaccharidosis type II or MPS II)","FDA annual Novel Drug Approvals page","","Hydrolytic Lysosomal Glycosaminoglycan-specific Enzyme [EPC]","175","ingredient exact; brand exact; approval date exact","MATCHED_OPENFDA","https://www.fda.gov/drugs/novel-drug-approvals-fda/novel-drug-approvals-2026","","DENALI THERAPEUTICS INC.","POWDER,FOR SOLUTION"
"2026","2026-03-25","Lifyorli","relacorilant","NDA220641","NDA novel drug","NDA novel drug","NME/NDA","","CORCEPT THERAP","Oral","CAPSULE","","","","","","To treat platinum-resistant epithelial ovarian, fallopian tube, or primary peritoneal cancer after one to three prior systemic treatment regimens, at least one of which included bevacizumab","To treat platinum-resistant epithelial ovarian, fallopian tube, or primary peritoneal cancer after one to three prior systemic treatment regimens, at least one of which included bevacizumab","To treat platinum-resistant epithelial ovarian, fallopian tube, or primary peritoneal cancer after one to three prior systemic treatment regimens, at least one of which included bevacizumab","FDA annual Novel Drug Approvals page","","","175","ingredient exact; brand exact; approval date exact","MATCHED_OPENFDA","https://www.fda.gov/drugs/novel-drug-approvals-fda/novel-drug-approvals-2026","","CORCEPT THERAP","ORAL"
"2026","2026-03-26","Awiqli","insulin icodec-abae","","Unresolved","Unresolved","Unresolved","","Unspecified","Unspecified","","","","","","","To improve glycemic control in adults with type 2 diabetes mellitus","To improve glycemic control in adults with type 2 diabetes mellitus","To improve glycemic control in adults with type 2 diabetes mellitus","FDA annual Novel Drug Approvals page","","","","","UNMATCHED","https://www.fda.gov/drugs/novel-drug-approvals-fda/novel-drug-approvals-2026","","",""
"2026","2026-04-01","Foundayo","orforglipron","NDA220934","NDA novel drug","NDA novel drug","NME/NDA","","Eli Lilly","Oral","TABLET","","","","","","To reduce excess body weight and maintain weight reduction long term in adults with obesity or adults with overweight in the presence of at least one weight-related comorbid condition, in combination with a reduced-calorie diet and increased physical activity","To reduce excess body weight and maintain weight reduction long term in adults with obesity or adults with overweight in the presence of at least one weight-related comorbid condition, in combination with a reduced-calorie diet and increased physical activity","To reduce excess body weight and maintain weight reduction long term in adults with obesity or adults with overweight in the presence of at least one weight-related comorbid condition, in combination with a reduced-calorie diet and increased physical activity","FDA annual Novel Drug Approvals page","","","175","ingredient exact; brand exact; approval date exact","MATCHED_OPENFDA","https://www.fda.gov/drugs/novel-drug-approvals-fda/novel-drug-approvals-2026","","ELI LILLY AND CO","ORAL"
"2026","2026-04-20","Idvynso","doravirine and islatravir","NDA216964","NDA novel drug","NDA novel drug","NME/NDA","","Merck","Oral","TABLET","","","","","","To treat HIV-1 infection (as a complete regimen) in adults to replace the current antiretroviral regimen in those who are virologically-suppressed on a stable antiretroviral regimen with no history of virologic treatment failure and no known substitutions associated with resistance to doravirine","To treat HIV-1 infection (as a complete regimen) in adults to replace the current antiretroviral regimen in those who are virologically-suppressed on a stable antiretroviral regimen with no history of virologic treatment failure and no known substitutions associated with resistance to doravirine","To treat HIV-1 infection (as a complete regimen) in adults to replace the current antiretroviral regimen in those who are virologically-suppressed on a stable antiretroviral regimen with no history of virologic treatment failure and no known substitutions associated with resistance to doravirine","FDA annual Novel Drug Approvals page","Non-Nucleoside Reverse Transcriptase Inhibitors [MoA]","Human Immunodeficiency Virus 1 Non-Nucleoside Analog Reverse Transcriptase Inhibitor [EPC]","155","ingredient partial; brand exact; approval date exact","MATCHED_OPENFDA","https://www.fda.gov/drugs/novel-drug-approvals-fda/novel-drug-approvals-2026","","MSD","ORAL"
"2026","2026-05-01","Veppanu","vepdegestrant","NDA219835","NDA novel drug","NDA novel drug","NME/NDA","","Rigel Pharmaceuticals","Oral","TABLET","","","","","","To treat estrogen receptor-positive, human epidermal growth factor receptor 2-negative, ESR1-mutated advanced or metastatic breast cancer with disease progression following at least one line of endocrine therapy","To treat estrogen receptor-positive, human epidermal growth factor receptor 2-negative, ESR1-mutated advanced or metastatic breast cancer with disease progression following at least one line of endocrine therapy","To treat estrogen receptor-positive, human epidermal growth factor receptor 2-negative, ESR1-mutated advanced or metastatic breast cancer with disease progression following at least one line of endocrine therapy","FDA annual Novel Drug Approvals page","","","175","ingredient exact; brand exact; approval date exact","MATCHED_OPENFDA","https://www.fda.gov/drugs/novel-drug-approvals-fda/novel-drug-approvals-2026","","RIGEL PHARMS","ORAL"
"2026","2026-05-13","Beqalzi","sonrotoclax","NDA220711","NDA novel drug","NDA novel drug","NME/NDA","","BEONE MEDICINES USA","Oral","TABLET","","","","","","To treat adults with relapsed or refractory mantle cell lymphoma after at least two lines of systemic therapy, including a Bruton’s tyrosine kinase inhibitor","To treat adults with relapsed or refractory mantle cell lymphoma after at least two lines of systemic therapy, including a Bruton’s tyrosine kinase inhibitor","To treat adults with relapsed or refractory mantle cell lymphoma after at least two lines of systemic therapy, including a Bruton’s tyrosine kinase inhibitor","FDA annual Novel Drug Approvals page","","","175","ingredient exact; brand exact; approval date exact","MATCHED_OPENFDA","https://www.fda.gov/drugs/novel-drug-approvals-fda/novel-drug-approvals-2026","","BEONE MEDICINES USA","ORAL"
"2026","2026-05-15","Baxfendy","baxdrostat","NDA219878","NDA novel drug","NDA novel drug","NME/NDA","","AstraZeneca","Oral","TABLET","","","","","","To treat hypertension in combination with other antihypertensive drugs","To treat hypertension in combination with other antihypertensive drugs","To treat hypertension in combination with other antihypertensive drugs","FDA annual Novel Drug Approvals page","","","175","ingredient exact; brand exact; approval date exact","MATCHED_OPENFDA","https://www.fda.gov/drugs/novel-drug-approvals-fda/novel-drug-approvals-2026","","ASTRAZENECA AB","ORAL"
"2026","2026-05-22","Hepcludex","bulevirtide-gmod","BLA761468","BLA novel biologic","BLA novel biologic","Biologic (BLA)","","Gilead Sciences","Unspecified","INJECTION","","","","","","To treat chronic hepatitis delta virus infection in adults without cirrhosis or with compensated cirrhosis","To treat chronic hepatitis delta virus infection in adults without cirrhosis or with compensated cirrhosis","To treat chronic hepatitis delta virus infection in adults without cirrhosis or with compensated cirrhosis","FDA annual Novel Drug Approvals page","","","175","ingredient exact; brand exact; approval date exact","MATCHED_OPENFDA","https://www.fda.gov/drugs/novel-drug-approvals-fda/novel-drug-approvals-2026","","GILEAD SCIENCES INC","POWDER,FOR SOLUTION"
"2026","2026-05-27","Decnupaz","pivekimab sunirine-pvzy","BLA761460","BLA novel biologic","BLA novel biologic","Biologic (BLA)","","AbbVie","Unspecified","VIAL","","","","","","To treat adults with blastic plasmacytoid dendritic cell neoplasm Drug Trials Snapshot","To treat adults with blastic plasmacytoid dendritic cell neoplasm Drug Trials Snapshot","To treat adults with blastic plasmacytoid dendritic cell neoplasm Drug Trials Snapshot","FDA annual Novel Drug Approvals page","","","175","ingredient exact; brand exact; approval date exact","MATCHED_OPENFDA","https://www.fda.gov/drugs/novel-drug-approvals-fda/novel-drug-approvals-2026","","ABBVIE INC","SINGLE-DOSE"
"2026","2026-05-29","Cypsedo","cipepofol","NDA220482","NDA novel drug","NDA novel drug","NME/NDA","","HAISCO","Intravenous","EMULSION","","","","","","To induce general anesthesia in adults undergoing surgery","To induce general anesthesia in adults undergoing surgery","To induce general anesthesia in adults undergoing surgery","FDA annual Novel Drug Approvals page","","","175","ingredient exact; brand exact; approval date exact","MATCHED_OPENFDA","https://www.fda.gov/drugs/novel-drug-approvals-fda/novel-drug-approvals-2026","","HAISCO","INTRAVENOUS"
"2026","2026-05-29","Xocova","ensitrelvir","NDA220442","NDA novel drug","NDA novel drug","NME/NDA","","Shionogi","Oral","TABLET","","","","","","To use as post-exposure prophylaxis of coronavirus disease 2019 (COVID-19) following contact with an individual who has COVID-19","To use as post-exposure prophylaxis of coronavirus disease 2019 (COVID-19) following contact with an individual who has COVID-19","To use as post-exposure prophylaxis of coronavirus disease 2019 (COVID-19) following contact with an individual who has COVID-19","FDA annual Novel Drug Approvals page","","","175","ingredient exact; brand exact; approval date exact","MATCHED_OPENFDA","https://www.fda.gov/drugs/novel-drug-approvals-fda/novel-drug-approvals-2026","","SHIONOGI","ORAL"
"2026","2026-05-29","Zaynich","cefepime and zidebactam","NDA220787","NDA novel drug","NDA novel drug","NME/NDA","","WOCKHARDT BIO AG","Intravenous","POWDER","","","","","","To treat complicated urinary tract infections, including pyelonephritis, caused by designated susceptible microorganisms","To treat complicated urinary tract infections, including pyelonephritis, caused by designated susceptible microorganisms","To treat complicated urinary tract infections, including pyelonephritis, caused by designated susceptible microorganisms","FDA annual Novel Drug Approvals page","","","155","ingredient partial; brand exact; approval date exact","MATCHED_OPENFDA","https://www.fda.gov/drugs/novel-drug-approvals-fda/novel-drug-approvals-2026","","WOCKHARDT BIO AG","INTRAVENOUS"
"2026","2026-06-12","Ambelvist","gadoquatrane","NDA219627","NDA novel drug","NDA novel drug","NME/NDA","","Bayer HealthCare Pharmaceuticals","Intravenous","SOLUTION","","","","","","To detect and visualize lesions with abnormal vascularity, in conjunction with MRI","To detect and visualize lesions with abnormal vascularity, in conjunction with MRI","To detect and visualize lesions with abnormal vascularity, in conjunction with MRI","FDA annual Novel Drug Approvals page","","","175","ingredient exact; brand exact; approval date exact","MATCHED_OPENFDA","https://www.fda.gov/drugs/novel-drug-approvals-fda/novel-drug-approvals-2026","","BAYER HEALTHCARE","INTRAVENOUS"
"2026","2026-06-17","Utebzi","tebipenem pivoxil","NDA215960","NDA novel drug","NDA novel drug","NME/NDA","","GlaxoSmithKline","Oral","TABLET","","","","","","To treat complicated urinary tract infections, including pyelonephritis, caused by several susceptible microorganisms in adults who have limited or no alternative oral treatment options","To treat complicated urinary tract infections, including pyelonephritis, caused by several susceptible microorganisms in adults who have limited or no alternative oral treatment options","To treat complicated urinary tract infections, including pyelonephritis, caused by several susceptible microorganisms in adults who have limited or no alternative oral treatment options","FDA annual Novel Drug Approvals page","","","155","ingredient partial; brand exact; approval date exact","MATCHED_OPENFDA","https://www.fda.gov/drugs/novel-drug-approvals-fda/novel-drug-approvals-2026","","GLAXOSMITHKLINE","ORAL"
"2026","2026-06-26","Lumvoa","veligrotug-vvze","BLA761530","BLA novel biologic","BLA novel biologic","Biologic (BLA)","","VIRIDIAN THERAPEUTICS","Unspecified","INJECTION","","","","","","To treat thyroid eye disease","To treat thyroid eye disease","To treat thyroid eye disease","FDA annual Novel Drug Approvals page","","","175","ingredient exact; brand exact; approval date exact","MATCHED_OPENFDA","https://www.fda.gov/drugs/novel-drug-approvals-fda/novel-drug-approvals-2026","","VIRIDIAN THERAPEUTICS INC",""
"2026","2026-07-07","Trutakna","atacicept-vymj","BLA761486","BLA novel biologic","BLA novel biologic","Biologic (BLA)","","VERA THERAPEUTICS","Subcutaneous","INJECTABLE","","","","","","To reduce proteinuria in adults with primary immunoglobulin A nephropathy at risk for disease progression","To reduce proteinuria in adults with primary immunoglobulin A nephropathy at risk for disease progression","To reduce proteinuria in adults with primary immunoglobulin A nephropathy at risk for disease progression","FDA annual Novel Drug Approvals page","","","175","ingredient exact; brand exact; approval date exact","MATCHED_OPENFDA","https://www.fda.gov/drugs/novel-drug-approvals-fda/novel-drug-approvals-2026","","VERA THERAPEUTICS INC.","SUBCUTANEOUS"
"2026","2026-07-14","Revtorpyk","gedatolisib","NDA219908","NDA novel drug","NDA novel drug","NME/NDA","","CELCUITY","Intravenous","POWDER","","","","","","In combination with fulvestran, to treat hormone receptor-positive, human epidermal growth factor receptor 2-negative, locally advanced or metastatic breast cancer without a PIK3CA mutation detected following progression on or after treatment with at least one line of endocrine therapy in the metastatic setting","In combination with fulvestran, to treat hormone receptor-positive, human epidermal growth factor receptor 2-negative, locally advanced or metastatic breast cancer without a PIK3CA mutation detected following progression on or after treatment with at least one line of endocrine therapy in the metastatic setting","In combination with fulvestran, to treat hormone receptor-positive, human epidermal growth factor receptor 2-negative, locally advanced or metastatic breast cancer without a PIK3CA mutation detected following progression on or after treatment with at least one line of endocrine therapy in the metastatic setting","FDA annual Novel Drug Approvals page","","","175","ingredient exact; brand exact; approval date exact","MATCHED_OPENFDA","https://www.fda.gov/drugs/novel-drug-approvals-fda/novel-drug-approvals-2026","","CELCUITY","INTRAVENOUS"
"2026","2026-07-15","Lipfendra","enlicitide decanoate","NDA220848","NDA novel drug","NDA novel drug","NME/NDA","","Merck","Oral","TABLET","","","","","","To reduce low-density lipoprotein cholesterol","To reduce low-density lipoprotein cholesterol","To reduce low-density lipoprotein cholesterol","FDA annual Novel Drug Approvals page","","","175","ingredient exact; brand exact; approval date exact","MATCHED_OPENFDA","https://www.fda.gov/drugs/novel-drug-approvals-fda/novel-drug-approvals-2026","","MSD","ORAL"
"2026","2026-07-22","Jideytro","zidesamtinib","NDA220185","NDA novel drug","NDA novel drug","NME/NDA","","NUVALENT","Oral","TABLET","","","","","","To treat adults with locally advanced or metastatic ROS1-positive non-small cell lung cancer after receiving a ROS1 kinase inhibitor","To treat adults with locally advanced or metastatic ROS1-positive non-small cell lung cancer after receiving a ROS1 kinase inhibitor","To treat adults with locally advanced or metastatic ROS1-positive non-small cell lung cancer after receiving a ROS1 kinase inhibitor","FDA annual Novel Drug Approvals page","","","175","ingredient exact; brand exact; approval date exact","MATCHED_OPENFDA","https://www.fda.gov/drugs/novel-drug-approvals-fda/novel-drug-approvals-2026","","NUVALENT","ORAL"
"2026","2026-07-24","Lytenava","bevacizumab-vikg","BLA761320","BLA novel biologic","BLA novel biologic","Biologic (BLA)","","OUTLOOK THERAPEUTICS","Unspecified","VIAL","","","","","","To treat patients with neovascular (wet) age-related macular degeneration","To treat patients with neovascular (wet) age-related macular degeneration","To treat patients with neovascular (wet) age-related macular degeneration","FDA annual Novel Drug Approvals page","","","175","ingredient exact; brand exact; approval date exact","MATCHED_OPENFDA","https://www.fda.gov/drugs/novel-drug-approvals-fda/novel-drug-approvals-2026","","OUTLOOK THERAPEUTICS, INC.","SINGLE-DOSE"
"2026","2026-07-24","Simtriyo","centanafadine","NDA218145","NDA novel drug","NDA novel drug","NME/NDA","","Otsuka Pharmaceutical","Unspecified","CAPSULE, EXTENDED RELEASE","","","","","","To treat attention-deficit hyperactivity disorder","To treat attention-deficit hyperactivity disorder","To treat attention-deficit hyperactivity disorder","FDA annual Novel Drug Approvals page","","","155","ingredient partial; brand exact; approval date exact","MATCHED_OPENFDA","https://www.fda.gov/drugs/novel-drug-approvals-fda/novel-drug-approvals-2026","","OTSUKA PHARMACEUTICAL CO LTD",""
"2026","2026-08-05","Orzeyful","oveporexton","NDA220860","NDA novel drug","NDA novel drug","NME/NDA","","Takeda Pharmaceuticals","Oral","TABLET","","","","","","To treat narcolepsy type 1","To treat narcolepsy type 1","To treat narcolepsy type 1","FDA annual Novel Drug Approvals page","","","175","ingredient exact; brand exact; approval date exact","MATCHED_OPENFDA","https://www.fda.gov/drugs/novel-drug-approvals-fda/novel-drug-approvals-2026","","TAKEDA PHARMS USA","ORAL"
"2026","2026-08-13","Tauklarify","florquinitau F 18","NDA220496","NDA novel drug","NDA novel drug","NME/NDA","","CERVEAU LANTHEUS","Intravenous","SOLUTION","","","","","","To be used for positron emission tomography of the brain in adults with cognitive impairment who are being evaluated for Alzheimer disease to identify patients with tau neurofibrillary tangle pathology","To be used for positron emission tomography of the brain in adults with cognitive impairment who are being evaluated for Alzheimer disease to identify patients with tau neurofibrillary tangle pathology","To be used for positron emission tomography of the brain in adults with cognitive impairment who are being evaluated for Alzheimer disease to identify patients with tau neurofibrillary tangle pathology","FDA annual Novel Drug Approvals page","","","175","ingredient exact; brand exact; approval date exact","MATCHED_OPENFDA","https://www.fda.gov/drugs/novel-drug-approvals-fda/novel-drug-approvals-2026","","CERVEAU LANTHEUS","INTRAVENOUS"
"2026","2026-08-13","Zenbexus","iberdomide","NDA221075","NDA novel drug","NDA novel drug","NME/NDA","","Bristol Myers Squibb","Oral","CAPSULE","","","","","","To be used in combination with daratumumab and hyaluronidase-fihj and dexamethasone for adults with multiple myeloma who have received at least one prior line of therapy, including a proteasome inhibitor and an immunomodulatory agent","To be used in combination with daratumumab and hyaluronidase-fihj and dexamethasone for adults with multiple myeloma who have received at least one prior line of therapy, including a proteasome inhibitor and an immunomodulatory agent","To be used in combination with daratumumab and hyaluronidase-fihj and dexamethasone for adults with multiple myeloma who have received at least one prior line of therapy, including a proteasome inhibitor and an immunomodulatory agent","FDA annual Novel Drug Approvals page","","","175","ingredient exact; brand exact; approval date exact","MATCHED_OPENFDA","https://www.fda.gov/drugs/novel-drug-approvals-fda/novel-drug-approvals-2026","","BRISTOL MYERS SQUIBB","ORAL"
"2026","2026-08-19","Pasatru","garetosmab-grts","BLA761508","BLA novel biologic","BLA novel biologic","Biologic (BLA)","","Regeneron Pharmaceuticals","Intravenous","INJECTABLE","","","","","","To reduce new heterotopic ossification and clinician-assessed disease flare-ups in adults with fibrodysplasia ossificans progressiva","To reduce new heterotopic ossification and clinician-assessed disease flare-ups in adults with fibrodysplasia ossificans progressiva","To reduce new heterotopic ossification and clinician-assessed disease flare-ups in adults with fibrodysplasia ossificans progressiva","FDA annual Novel Drug Approvals page","","","175","ingredient exact; brand exact; approval date exact","MATCHED_OPENFDA","https://www.fda.gov/drugs/novel-drug-approvals-fda/novel-drug-approvals-2026","","REGENERON PHARMACEUTICALS, INC","INTRAVENOUS"
"2026","2026-08-26","Rasonque","daraxonrasib","NDA220910","NDA novel drug","NDA novel drug","NME/NDA","","REVOLUTION MEDICINES","Oral","TABLET","","","","","","To treat metastatic pancreatic cancer","To treat metastatic pancreatic cancer","To treat metastatic pancreatic cancer","FDA annual Novel Drug Approvals page","","","175","ingredient exact; brand exact; approval date exact","MATCHED_OPENFDA","https://www.fda.gov/drugs/novel-drug-approvals-fda/novel-drug-approvals-2026","","REVOLUTION MEDICINES","ORAL"
"2026","2026-08-27","Lisraya","brepocitinib","NDA220106","NDA novel drug","NDA novel drug","NME/NDA","","PRIOVANT THERAP","Oral","TABLET","","","","","","To treat dermatomyositis in adults","To treat dermatomyositis in adults","To treat dermatomyositis in adults","FDA annual Novel Drug Approvals page","","","175","ingredient exact; brand exact; approval date exact","MATCHED_OPENFDA","https://www.fda.gov/drugs/novel-drug-approvals-fda/novel-drug-approvals-2026","","PRIOVANT THERAP","ORAL"
"2026","2026-08-28","Mimrylo","rusfertide","NDA220605","NDA novel drug","NDA novel drug","NME/NDA","","Takeda Pharmaceuticals","Subcutaneous","POWDER","","","","","","To treat erythrocytosis in adults with polycythemia vera","To treat erythrocytosis in adults with polycythemia vera","To treat erythrocytosis in adults with polycythemia vera","FDA annual Novel Drug Approvals page","","","175","ingredient exact; brand exact; approval date exact","MATCHED_OPENFDA","https://www.fda.gov/drugs/novel-drug-approvals-fda/novel-drug-approvals-2026","","TAKEDA PHARMS AM","SUBCUTANEOUS"
"2026","2026-09-03","Zanvastro","zilganersen","NDA220210","NDA novel drug","NDA novel drug","NME/NDA","","Ionis Pharmaceuticals","Intrathecal","SOLUTION","","","","","","To treat Alexander disease in pediatric and adult patients","To treat Alexander disease in pediatric and adult patients","To treat Alexander disease in pediatric and adult patients","FDA annual Novel Drug Approvals page","","","155","ingredient partial; brand exact; approval date exact","MATCHED_OPENFDA","https://www.fda.gov/drugs/novel-drug-approvals-fda/novel-drug-approvals-2026","","IONIS PHARMS INC","INTRATHECAL"
"2026","2026-09-04","Etcamah","camizestrant","NDA220359","NDA novel drug","NDA novel drug","NME/NDA","","AstraZeneca","Unspecified","TABLET","","","","","","To treat hormone receptor-positive, human epidermal growth factor receptor 2-negative, locally advanced or metastatic breast cancer upon detection of ESR1 mutation during aromatase inhibitor and CDK4/6 inhibitor therapy","To treat hormone receptor-positive, human epidermal growth factor receptor 2-negative, locally advanced or metastatic breast cancer upon detection of ESR1 mutation during aromatase inhibitor and CDK4/6 inhibitor therapy","To treat hormone receptor-positive, human epidermal growth factor receptor 2-negative, locally advanced or metastatic breast cancer upon detection of ESR1 mutation during aromatase inhibitor and CDK4/6 inhibitor therapy","FDA annual Novel Drug Approvals page","","","175","ingredient exact; brand exact; approval date exact","MATCHED_OPENFDA","https://www.fda.gov/drugs/novel-drug-approvals-fda/novel-drug-approvals-2026","","ASTRAZENECA PHARMACEUTICALS, LP","FILM COATED"
"2026","2026-09-11","Isembyld","apitegromab-mstn","BLA761463","BLA novel biologic","BLA novel biologic","Biologic (BLA)","","SCHOLAR ROCK","Injection","INJECTABLE","","","","","","To treat spinal muscular atrophy in adults and pediatric patients 2 years of age and older who are currently receiving an SMN2-targeted treatment","To treat spinal muscular atrophy in adults and pediatric patients 2 years of age and older who are currently receiving an SMN2-targeted treatment","To treat spinal muscular atrophy in adults and pediatric patients 2 years of age and older who are currently receiving an SMN2-targeted treatment","FDA annual Novel Drug Approvals page","","","175","ingredient exact; brand exact; approval date exact","MATCHED_OPENFDA","https://www.fda.gov/drugs/novel-drug-approvals-fda/novel-drug-approvals-2026","","SCHOLAR ROCK INC","INJECTION"
"2026","2026-09-11","Pixclara","floretyrosine F 18","NDA218592","NDA novel drug","NDA novel drug","NME/NDA","","TELIX PHARMACEUTICALS US","Intravenous","INJECTABLE","","","","","","To use with positron emission tomography to differentiate recurrent or progressive glioma from treatment-related change in conjunction with other diagnostic evaluations","To use with positron emission tomography to differentiate recurrent or progressive glioma from treatment-related change in conjunction with other diagnostic evaluations","To use with positron emission tomography to differentiate recurrent or progressive glioma from treatment-related change in conjunction with other diagnostic evaluations","FDA annual Novel Drug Approvals page","","","175","ingredient exact; brand exact; approval date exact","MATCHED_OPENFDA","https://www.fda.gov/drugs/novel-drug-approvals-fda/novel-drug-approvals-2026","","TELIX PHARMACEUTICALS US INC","INTRAVENOUS"